id,name,category_name,error_reason
"122","Bundle","","CATEGORY_EMPTY"
"155","3 Nora Roberts Books","","CATEGORY_EMPTY"
"258","ACER Laptop","","CATEGORY_EMPTY"
"984","AUTHENTIC BRWN MICHAEL KORS MAKEUP STAIN","","CATEGORY_EMPTY"
"1185","Teenage Mutant Ninja Turtle Van/ Extras","","CATEGORY_EMPTY"
"1274","Black Ribbed Off-the-Shoulder Crop Top","","CATEGORY_EMPTY"
"1320","Nice Condition Pet Escort","","CATEGORY_EMPTY"
"1419","3 Toy Bundle","","CATEGORY_EMPTY"
"1491","Baby Sign","","CATEGORY_EMPTY"
"1521","Nolan Ryan Patch Baseball Card","","CATEGORY_EMPTY"
"1739","SchoolWear Uniform Pants Bugle Boy","","CATEGORY_EMPTY"
"2620","***Deal of the Day*** Mini-Hikari NIB","","CATEGORY_EMPTY"
"2076","iPhone 5s","","CATEGORY_EMPTY"
"2195","Raw Adjustable Rolling Machine","","CATEGORY_EMPTY"
"2299","Reserved For Karen Panetta","","CATEGORY_EMPTY"
"17866","Too Late to Run Here She Comes Wedding","","CATEGORY_EMPTY"
"2782","Jessica Simpson Lace Maternity Dress","","CATEGORY_EMPTY"
"2838","NWT Toddler/Girls Vs Pink Outfit","","CATEGORY_EMPTY"
"71824","Black Denim Jeans","","CATEGORY_EMPTY"
"3128","14pc Smell Good Bundle","","CATEGORY_EMPTY"
"3851","Vintage Native America jewelry bundle","","CATEGORY_EMPTY"
"3916","Reserved Bundle","","CATEGORY_EMPTY"
"4194","Space Place Minibe And Rosy Posy","","CATEGORY_EMPTY"
"4209","custom woodslice for sam","","CATEGORY_EMPTY"
"4862","Bundle of 3 Swaddlers","","CATEGORY_EMPTY"
"5146","Twenty One Pilots Blurry face CD","","CATEGORY_EMPTY"
"5163","Vlampo Birthday Cake Squishy","","CATEGORY_EMPTY"
"5343","Women's size 12","","CATEGORY_EMPTY"
"5627","Hard Rock Black Bon Jovi Shirt","","CATEGORY_EMPTY"
"6147","Women's Nike Workout Tank","","CATEGORY_EMPTY"
"6348","Pineapple Decal GLITTER","","CATEGORY_EMPTY"
"6886","4 Philips Agent Natural Bottles","","CATEGORY_EMPTY"
"7180","J.Crew stripes dress","","CATEGORY_EMPTY"
"7463","American Apparel dog baseball Tees","","CATEGORY_EMPTY"
"7531","Jimmy Choo Pink Exotic Perfume and MK","","CATEGORY_EMPTY"
"8039","Death of the family, Batman hush + more","","CATEGORY_EMPTY"
"8184","Bundle For Julie A","","CATEGORY_EMPTY"
"31323","Milk & Honey by Rupi Kaur","","CATEGORY_EMPTY"
"8435","LuLaRoe Randy* Medium","","CATEGORY_EMPTY"
"8542","Long. Maxi dress with slits","","CATEGORY_EMPTY"
"8599","Charizard holo from evolutions","","CATEGORY_EMPTY"
"8761","Watch Dogs 2 Xbox One","","CATEGORY_EMPTY"
"9072","Summer/Spring Floral Romper","","CATEGORY_EMPTY"
"9275","For melea!","","CATEGORY_EMPTY"
"9305","Custom Order","","CATEGORY_EMPTY"
"9401","Dungeons & Dragons Book","","CATEGORY_EMPTY"
"9412","Blue Volleyball Knee-pads","","CATEGORY_EMPTY"
"9585","Bundle!!","","CATEGORY_EMPTY"
"9828","Romper","","CATEGORY_EMPTY"
"9830","Bundle For Cara","","CATEGORY_EMPTY"
"10066","AEO Tomgirl Jeans","","CATEGORY_EMPTY"
"10470","Vs Pink Bedding","","CATEGORY_EMPTY"
"10776","Victoria Secret Pink white long sleeve","","CATEGORY_EMPTY"
"10777","Off the shoulder top","","CATEGORY_EMPTY"
"10908","Rare vtg Tredair kitty cats maryjanes","","CATEGORY_EMPTY"
"11091","Vintage Wooden Fisher Price People","","CATEGORY_EMPTY"
"11137","New Victoria's Secret PINK duffle bag","","CATEGORY_EMPTY"
"11376","PE47","","CATEGORY_EMPTY"
"11412","bundle for Caring Heart","","CATEGORY_EMPTY"
"11928","NWT Chico's Travelers Sydney Dress","","CATEGORY_EMPTY"
"12389","Stuff For Hopeless","","CATEGORY_EMPTY"
"12478","Black Nintendo 3DS And Charger","","CATEGORY_EMPTY"
"12583","Brand new Victoria Secret PINK Duffle Ba","","CATEGORY_EMPTY"
"12601","Jean Leggings","","CATEGORY_EMPTY"
"12619","Y1RED and Y536","","CATEGORY_EMPTY"
"12788","Hold for Aaron second listing","","CATEGORY_EMPTY"
"12984","New Betsey Johnson wallet.","","CATEGORY_EMPTY"
"13199","small kids luggage","","CATEGORY_EMPTY"
"13274","Bundle For Leskate","","CATEGORY_EMPTY"
"13413","Red Root Floating Plants Aquatic","","CATEGORY_EMPTY"
"13849","Forever 21 Utility Jacket Size Medium","","CATEGORY_EMPTY"
"13896","Pokemon charizard gx card","","CATEGORY_EMPTY"
"13967","LIMITED EDITION VS BRONZING OIL","","CATEGORY_EMPTY"
"14031","Crochet Needles","","CATEGORY_EMPTY"
"14137","Lady gaga vinyl sticker","","CATEGORY_EMPTY"
"14225","Wilsons Leather attaché case.","","CATEGORY_EMPTY"
"14351","American Eagle Flannel, Scarf, NO JEANS!","","CATEGORY_EMPTY"
"14552","Men's Newer Blue Suede Puma Shoes Sz10.5","","CATEGORY_EMPTY"
"14660","49 Rare Magic The Gathering Cards","","CATEGORY_EMPTY"
"15154","Wallflower Jeans","","CATEGORY_EMPTY"
"15264","1 Starbucks Cup With Personalized Decal","","CATEGORY_EMPTY"
"15475","Topshop Floral Shirt Dress Dress Size 6","","CATEGORY_EMPTY"
"15683","Madison Francis Kurkdjian Paris","","CATEGORY_EMPTY"
"16203","Alpha Chi Omega Bundle Lot Hoodie Skirt","","CATEGORY_EMPTY"
"16584","7 O2 Charms For Heiroglyphica","","CATEGORY_EMPTY"
"16854","Pet Carrier Sling for Small Dogs","","CATEGORY_EMPTY"
"17026","Lilly Pulitzer Top","","CATEGORY_EMPTY"
"17261","Nike Air Max sneakers HOLD","","CATEGORY_EMPTY"
"17517","The Beatles- Abbey Road LP","","CATEGORY_EMPTY"
"17665","Under Armor Sweat Shirt","","CATEGORY_EMPTY"
"17681","Mega Pet Bundle :)","","CATEGORY_EMPTY"
"17770","Craft Supply Bundle","","CATEGORY_EMPTY"
"18062","Holton Farkas French Horn Mouthpiece","","CATEGORY_EMPTY"
"18128","Cat Pull Over","","CATEGORY_EMPTY"
"18324","Pura 11 oz straw cup, swirl pink","","CATEGORY_EMPTY"
"18392","Ariana Grande Water Bottle","","CATEGORY_EMPTY"
"18640","Bundle For THUY","","CATEGORY_EMPTY"
"18710","Men's Hollister Long Sleeve","","CATEGORY_EMPTY"
"18900","For Ashley","","CATEGORY_EMPTY"
"19303","Ivory Tulle Skirt With Ribbon","","CATEGORY_EMPTY"
"19389","VS Pink Bundle","","CATEGORY_EMPTY"
"19605","Maternity clothes","","CATEGORY_EMPTY"
"19860","Seafoam Butter Slime! Free Shipping:)","","CATEGORY_EMPTY"
"20052","Reserved For Hollywoodtlc","","CATEGORY_EMPTY"
"20084","The Outsider","","CATEGORY_EMPTY"
"20964","Rocket Dog Wedge Sandals Sz 7","","CATEGORY_EMPTY"
"21034","Pokémon Cards Binder","","CATEGORY_EMPTY"
"21113","On Hold For Karmen","","CATEGORY_EMPTY"
"21367","jordans size 7","","CATEGORY_EMPTY"
"21476","Skechers roller skates","","CATEGORY_EMPTY"
"21833","Blue Toms Size 8","","CATEGORY_EMPTY"
"21864","gingham grey chubbies","","CATEGORY_EMPTY"
"22168","Converse Low Tops","","CATEGORY_EMPTY"
"22288","Newer Black Chanel Black Dust Bag","","CATEGORY_EMPTY"
"22971","26 Piece Belly Button Rings","","CATEGORY_EMPTY"
"23003","thirty one bring a bottle thermal","","CATEGORY_EMPTY"
"23172","Lularoe Small Striped Carly BNWOT","","CATEGORY_EMPTY"
"23584","NWOT Bundle Tommy Hilfiger","","CATEGORY_EMPTY"
"23784","Never Worn Floral Romper","","CATEGORY_EMPTY"
"23947","New Egyptian Sacred Cat grey maxi","","CATEGORY_EMPTY"
"24449","US Silver Coins","","CATEGORY_EMPTY"
"24926","Vineyard Vines Shep Shirt","","CATEGORY_EMPTY"
"27461","Victoria's Secret Hottie Halter 32c","","CATEGORY_EMPTY"
"25372","Vintage Hot Wheels Redline 70 Roadrunner","","CATEGORY_EMPTY"
"25466","Fit Bit","","CATEGORY_EMPTY"
"25567","Size medium drees from wonderland","","CATEGORY_EMPTY"
"25568","ARIZER - AIR","","CATEGORY_EMPTY"
"25602","Bundle For @Elerose.","","CATEGORY_EMPTY"
"25832","Klorane Dry Shampoo And Bonus","","CATEGORY_EMPTY"
"25834","iPhone 6 (please Read Description)","","CATEGORY_EMPTY"
"26376","Aquarium Dragon Decoration","","CATEGORY_EMPTY"
"26754","Cicatricure bundle genomma labs","","CATEGORY_EMPTY"
"26808","Roxy dress","","CATEGORY_EMPTY"
"26840","Hollister Sweater","","CATEGORY_EMPTY"
"27027","***Anna's Bundle***","","CATEGORY_EMPTY"
"27080","Green N64 Nintendo 64 + Games and Extras","","CATEGORY_EMPTY"
"27107","Shopkins","","CATEGORY_EMPTY"
"27572","WWE World Championship Belt","","CATEGORY_EMPTY"
"28226","Nike White Windbreaker","","CATEGORY_EMPTY"
"28701","Lace Up Bodysuit * On Hold","","CATEGORY_EMPTY"
"28809","Dynamic disc (truth)","","CATEGORY_EMPTY"
"29075","Blue Vans","","CATEGORY_EMPTY"
"29157","2 pks Dorm Lights","","CATEGORY_EMPTY"
"29244","Under Armour","","CATEGORY_EMPTY"
"29454","Bundle for Alexandra G","","CATEGORY_EMPTY"
"29519","Saved For raynie","","CATEGORY_EMPTY"
"29575","Another AWESOME STERLING LOT","","CATEGORY_EMPTY"
"30146","Black Casual Long Sleeve Shirt","","CATEGORY_EMPTY"
"30365","Lilly Pulitzer Shirt","","CATEGORY_EMPTY"
"30432","PINK Victoria's Secret blk & white robe","","CATEGORY_EMPTY"
"30477","Back To Basics Black POPPYclips","","CATEGORY_EMPTY"
"30561","Reserved For T. Tran","","CATEGORY_EMPTY"
"30750","Open Shoulder Sweater","","CATEGORY_EMPTY"
"31103","SMALL Ruffwear Chain Reaction Dog Collar","","CATEGORY_EMPTY"
"31136","Fashion Nova Choker Bodysuit","","CATEGORY_EMPTY"
"31371","Red camo garmin Vivofit Jr NEW in Box","","CATEGORY_EMPTY"
"31610","Hello Kitty Lot","","CATEGORY_EMPTY"
"31799","Polo Ralph Lauren Bag Strap","","CATEGORY_EMPTY"
"31840","BKE Tyler","","CATEGORY_EMPTY"
"32227","North Face Hiking Pants","","CATEGORY_EMPTY"
"32233","PINK Socks","","CATEGORY_EMPTY"
"32313","Tommy Hilfiger Jeans","","CATEGORY_EMPTY"
"32574","Condoms Set","","CATEGORY_EMPTY"
"32626","LuLaRoe Carly","","CATEGORY_EMPTY"
"33190","Rugged Outback Blue duck boots size 10","","CATEGORY_EMPTY"
"33650","URBAN OUTFITTERS PICTURE GLOBE","","CATEGORY_EMPTY"
"33964",""""Star shooter"" Native American Figurine"","","CATEGORY_EMPTY"
"34183","Watercolor Floral Adele & May Top","","CATEGORY_EMPTY"
"34311","Portable charger","","CATEGORY_EMPTY"
"34646","Black shoes HB for Men","","CATEGORY_EMPTY"
"34669","Bart Simpson Patch","","CATEGORY_EMPTY"
"35347","Original Yugioh cards bulk of 400","","CATEGORY_EMPTY"
"35556","Lularoe Nicole Bright Blue Small NWT","","CATEGORY_EMPTY"
"35777","Bundle","","CATEGORY_EMPTY"
"36017","Old Pc Case","","CATEGORY_EMPTY"
"36045","Dior","","CATEGORY_EMPTY"
"36292","Coin Counter Jar","","CATEGORY_EMPTY"
"36403","Skeleton Hand Nipple Rings","","CATEGORY_EMPTY"
"36555","DOGGIE BOOTS (NEW)","","CATEGORY_EMPTY"
"36778","Zara Star Crop Top","","CATEGORY_EMPTY"
"36844","Men's Givenchy Shirt Vintage Rare","","CATEGORY_EMPTY"
"37251","Hot Topic Groot GOTG2 Funko Pop","","CATEGORY_EMPTY"
"37275","Seaside Pullover","","CATEGORY_EMPTY"
"37375","Red Vans","","CATEGORY_EMPTY"
"37483","Boost Balls","","CATEGORY_EMPTY"
"37604",""Rave Loose Glitter Trio In ""Dub"""","","CATEGORY_EMPTY"
"38265",""5/8"" Black Stars on Red Tunnels Plugs"","","CATEGORY_EMPTY"
"38518","4 Mickey Mantle Baseball Cards *RARE*","","CATEGORY_EMPTY"
"38681","Hartz Ultra Guard PLUS Flea Tick Collar","","CATEGORY_EMPTY"
"38726","Fashion Nova Give Me Love Top Small","","CATEGORY_EMPTY"
"38968","Tom Ford Oud wood","","CATEGORY_EMPTY"
"39613","Self Cleaning Cat/Dog Brush","","CATEGORY_EMPTY"
"40140","Medium Chelsea home 3/4 soccer pants","","CATEGORY_EMPTY"
"40352","Dog Harness & Collar","","CATEGORY_EMPTY"
"40393","Hollister Jeans","","CATEGORY_EMPTY"
"40452","Ben Nye Banana Powder","","CATEGORY_EMPTY"
"40532","Vintage 1963 Double Rose Brooch","","CATEGORY_EMPTY"
"40584","Strappy Brown Sandal Booties","","CATEGORY_EMPTY"
"40618","Bridal Shower Game","","CATEGORY_EMPTY"
"40671","FLOWER PRESS","","CATEGORY_EMPTY"
"41468","Nike Sports Bra and Crops Set","","CATEGORY_EMPTY"
"41490","Watch And Earring Bundle For Prima Barba","","CATEGORY_EMPTY"
"41494","Facial sauna","","CATEGORY_EMPTY"
"41539","BUNDLE FOR DANNIE","","CATEGORY_EMPTY"
"41798","Converse","","CATEGORY_EMPTY"
"42416","Curb Chain FREE SHIPPING","","CATEGORY_EMPTY"
"42553","Divine","","CATEGORY_EMPTY"
"42630","Gold Chain","","CATEGORY_EMPTY"
"43065","Purple Floam - ONLY [rm] + FREE SHIPPING!!","","CATEGORY_EMPTY"
"44850","Junk Food Seattle Seahawks NFL 2XL","","CATEGORY_EMPTY"
"43506","Bundle for KM","","CATEGORY_EMPTY"
"43872","New Balance 580 Rev Lite","","CATEGORY_EMPTY"
"44122","Lola 3.4 Oz By Marc Jacobs","","CATEGORY_EMPTY"
"44875","12mm 14k Gold Cuban Chain Diamond Clasp","","CATEGORY_EMPTY"
"44908","Bundle For R (1)","","CATEGORY_EMPTY"
"45112","Reserved For Imelda","","CATEGORY_EMPTY"
"45221","Authentic Louis Vuitton Manhattan PM","","CATEGORY_EMPTY"
"45291","Happy monq","","CATEGORY_EMPTY"
"45455","Apt 9 microfiber platform wedges","","CATEGORY_EMPTY"
"45553","Black Boots","","CATEGORY_EMPTY"
"45645","Light Up Figet Spinner","","CATEGORY_EMPTY"
"45646","90's inspired highwaisted shorts","","CATEGORY_EMPTY"
"45701","iPhone 6s Plus Authentic Kate Spade Case","","CATEGORY_EMPTY"
"45849","Rae Dunn bathroom set","","CATEGORY_EMPTY"
"46079","Junior crop top","","CATEGORY_EMPTY"
"46332","PINK KUNZITE 178CT PENDANT•925 SS","","CATEGORY_EMPTY"
"46705","Lularoe New With Tags Kids Leggings L/XL","","CATEGORY_EMPTY"
"46848","Lenses For iPhone","","CATEGORY_EMPTY"
"47338","Lesportsac Functional Backpack Charm","","CATEGORY_EMPTY"
"48265","Brand new Diamond Supply Co. Shoes","","CATEGORY_EMPTY"
"48344","VS ANGEL DOG","","CATEGORY_EMPTY"
"48952","Pink Teardrop Belly Button Ring","","CATEGORY_EMPTY"
"49548","Wet seal Knitted Cropped Sweater Tan M","","CATEGORY_EMPTY"
"49652","Two Piece Bikini","","CATEGORY_EMPTY"
"49678","Lifeguard Hoodie","","CATEGORY_EMPTY"
"49922","Steph Pirate ears","","CATEGORY_EMPTY"
"49926","Twilight Bundle","","CATEGORY_EMPTY"
"49998","[rm]--(2)Bundles for this price","","CATEGORY_EMPTY"
"50105","Bluetooth Speaker","","CATEGORY_EMPTY"
"50147","PINK/ Victoria Secret Sweatshirt","","CATEGORY_EMPTY"
"50703","Kylie lip set - poise k","","CATEGORY_EMPTY"
"50837","Sgame00 Bundle","","CATEGORY_EMPTY"
"51234","American Eagle Jeggings and shorts","","CATEGORY_EMPTY"
"51398","Bundle For Courts_stuffies","","CATEGORY_EMPTY"
"51554","Hot Topic Amber Nipple Rings Set","","CATEGORY_EMPTY"
"51812","Loot Anime Kumabear Putit-House Apron","","CATEGORY_EMPTY"
"52029","Naked","","CATEGORY_EMPTY"
"52892","Black wedge sandals","","CATEGORY_EMPTY"
"53400","Simply Southern Lanyards","","CATEGORY_EMPTY"
"53839","#95 Wholesale Lot Women's sz Large 33 Pc","","CATEGORY_EMPTY"
"54039","Seresto Collar For Dogs","","CATEGORY_EMPTY"
"54858","Stitch big button and small batman","","CATEGORY_EMPTY"
"55401","Gameboy advance sp","","CATEGORY_EMPTY"
"55804","Ralph Lauren Cardigan Sweaters","","CATEGORY_EMPTY"
"56200","Fancy by Jessica Simpson","","CATEGORY_EMPTY"
"56297","Striped Kavu bag","","CATEGORY_EMPTY"
"56777","Kavu rope sling bag","","CATEGORY_EMPTY"
"56850","Heavy Grips x2","","CATEGORY_EMPTY"
"57418","Artist Couture Diamond Glow Powder","","CATEGORY_EMPTY"
"57865","Pokémon Cards","","CATEGORY_EMPTY"
"57922","1989 Vintage Polly Pockets with Dolls","","CATEGORY_EMPTY"
"57968","4 shirt and 1 pair of shorts bundle","","CATEGORY_EMPTY"
"58034","Traxxas TSM Receiver","","CATEGORY_EMPTY"
"58301","Remote Controlled Dog Training Collar","","CATEGORY_EMPTY"
"58320","Victoria's Secret","","CATEGORY_EMPTY"
"58606","For layla❤️","","CATEGORY_EMPTY"
"58609","Victoria Secret Pink Hoodie","","CATEGORY_EMPTY"
"58898","Bundle For a Dear Friend, Jessica.","","CATEGORY_EMPTY"
"59020","Steve Madden Backpack","","CATEGORY_EMPTY"
"59032","FREE SHIP super cute wooden chest","","CATEGORY_EMPTY"
"59922","Mickey Mouse Toddler Vans","","CATEGORY_EMPTY"
"60058","Medium Lularoe Randy BNWT","","CATEGORY_EMPTY"
"60393","University of Texas Longhorn sweater","","CATEGORY_EMPTY"
"60423","Pacsun Men's Pants","","CATEGORY_EMPTY"
"60473","Goldfish flakes only.!","","CATEGORY_EMPTY"
"61278","Bakugan Battle brawlers and carrying cas","","CATEGORY_EMPTY"
"61301","New Lot Of Command/Scotch Products","","CATEGORY_EMPTY"
"61330","Lollapalooza 25 Years Pin","","CATEGORY_EMPTY"
"61801","VINTAGE COLUMBIA COAT","","CATEGORY_EMPTY"
"62010","NEW!!","","CATEGORY_EMPTY"
"62281","Baby pillow by baby moov","","CATEGORY_EMPTY"
"62288","Bundle for Lilly","","CATEGORY_EMPTY"
"62524","Women's Jadore Perfume.","","CATEGORY_EMPTY"
"62577","Victoria's Secret – Angel Set","","CATEGORY_EMPTY"
"62641","Provoke Touch Of Silver","","CATEGORY_EMPTY"
"62801","Bundle For Jennifer Kist","","CATEGORY_EMPTY"
"62835","HUGE BABY BUNDLE/ LOT","","CATEGORY_EMPTY"
"63313","#63 Wholesale Lot Women's Clothing 25 Pc","","CATEGORY_EMPTY"
"63430","J. Crew Cloth Lace Up Espadrilles","","CATEGORY_EMPTY"
"63458","Petiner No bark collar","","CATEGORY_EMPTY"
"64374","Dog Beggin' Strip Lot","","CATEGORY_EMPTY"
"64857","Xbox One (Used)","","CATEGORY_EMPTY"
"64883","14g Amethyst Nipple Bars Rings","","CATEGORY_EMPTY"
"64896","14g Purple Nipple Bars Rings w Clear CZ","","CATEGORY_EMPTY"
"64923","mariokart 7","","CATEGORY_EMPTY"
"65153","American eagle jeggings size 14","","CATEGORY_EMPTY"
"65356","Last King","","CATEGORY_EMPTY"
"65623","Michael Kors Selma","","CATEGORY_EMPTY"
"65795","Michael Kors Red Heels W/ Ankle Straps","","CATEGORY_EMPTY"
"65939","Glass - Bridesmaid - Reserved KUMU1497","","CATEGORY_EMPTY"
"66053","LulaRoe Julia","","CATEGORY_EMPTY"
"66341","Jewelry Digital Scale","","CATEGORY_EMPTY"
"66734","Stunning Lace All around Edge Bridal Vei","","CATEGORY_EMPTY"
"66960","Bundle for Shelby","","CATEGORY_EMPTY"
"67068","Super Cute Strawberry Pineapple Jar","","CATEGORY_EMPTY"
"67177","Bundle Deal","","CATEGORY_EMPTY"
"67419","Bob Marley Poster Sticker","","CATEGORY_EMPTY"
"67556","Aquatic Tank with heater and filter","","CATEGORY_EMPTY"
"67730","3 Beaded Bracelet Set - Get all 3","","CATEGORY_EMPTY"
"67928","Maternity Jean Skirt","","CATEGORY_EMPTY"
"68020","Fast Flea caps (25 tablets)","","CATEGORY_EMPTY"
"68251","Womens Tops","","CATEGORY_EMPTY"
"68338","Anitque Book display","","CATEGORY_EMPTY"
"68351","Lot of 14 dog or cat dresses size medium","","CATEGORY_EMPTY"
"68702","TC Disney","","CATEGORY_EMPTY"
"68883","vs Pink Luggage","","CATEGORY_EMPTY"
"69001","Rae Dunn Bear Treats Canister","","CATEGORY_EMPTY"
"69093","Kate Spade Cedar Street Maise","","CATEGORY_EMPTY"
"69377","Nike Foamposite","","CATEGORY_EMPTY"
"69931","Royal blue maxi dress","","CATEGORY_EMPTY"
"71024","Nightmare before Christmas bundle","","CATEGORY_EMPTY"
"71335",""Wonder Woman dog ""outfit"""","","CATEGORY_EMPTY"
"71572","***Bundle For Dbteach3***","","CATEGORY_EMPTY"
"71683","Dog Sweater","","CATEGORY_EMPTY"
"72096","Unicorn Converses","","CATEGORY_EMPTY"
"72264","Beats By Dr. Dre","","CATEGORY_EMPTY"
"72491","Customized Bouquet Bundle","","CATEGORY_EMPTY"
"72793","Mango Spa 5 Piece Gift set","","CATEGORY_EMPTY"
"73615","KAPLAN MCAT BOOK AND FLASH CARDS","","CATEGORY_EMPTY"
"73901","MEDIUM WHITE VS PINK Pullover Hoodie ❤","","CATEGORY_EMPTY"
"74108","1953 pure silver quarter","","CATEGORY_EMPTY"
"74279","Sephora Cheek Ink Gel","","CATEGORY_EMPTY"
"74633","Pokémon Black And White","","CATEGORY_EMPTY"
"74991","NWT LuLaRoe Carly Dress - 3XL","","CATEGORY_EMPTY"
"76012","Levi's Classic 550 Jeans","","CATEGORY_EMPTY"
"76769","BUNDLE Charlotte Russe + Striped Tank","","CATEGORY_EMPTY"
"76980","Army green utility military jacket","","CATEGORY_EMPTY"
"77700","Keychain !❤️","","CATEGORY_EMPTY"
"77998","Wunder Brow 2","","CATEGORY_EMPTY"
"78528","Blk shrt dress,Boho,tie dye,bra,pink,hol","","CATEGORY_EMPTY"
"78630","Hazel Atlas For Mike","","CATEGORY_EMPTY"
"79392","Potty Training for Dogs","","CATEGORY_EMPTY"
"79713","Polo Ralph Lauren Shorts","","CATEGORY_EMPTY"
"79875","Size 16 Levi's ladies' jeans EUC","","CATEGORY_EMPTY"
"80013","Unisex Converse All Star","","CATEGORY_EMPTY"
"80091","Kiehl's Original Musk","","CATEGORY_EMPTY"
"80280","Womens Gray Neiman Marcus Cashmere Shirt","","CATEGORY_EMPTY"
"80348","Xs Lularoe Carly","","CATEGORY_EMPTY"
"80559","Print Skinny Jeans / Jeggings Size 4","","CATEGORY_EMPTY"
"80628","American Eagle Skinny Jeans Size 18","","CATEGORY_EMPTY"
"80963","Under Armour Tshirt (XL)","","CATEGORY_EMPTY"
"81071","Set of 2 Bodysuits (+ FREE Crop Top!)","","CATEGORY_EMPTY"
"81087","Oakland Raiders collector set","","CATEGORY_EMPTY"
"81936",""Preggie pop drops ""candy"""","","CATEGORY_EMPTY"
"82258","Closing Night Newsies Playbill","","CATEGORY_EMPTY"
"82351","FREE SHIP! Heartgard Plus -12 mo. supply","","CATEGORY_EMPTY"
"82359","2 Belly Button Rings","","CATEGORY_EMPTY"
"82520","NWT JUICY COUTURE CHARMS SET OF 5","","CATEGORY_EMPTY"
"82706",""Jessica Simpson ""Fancy Love"" RESERVED"","","CATEGORY_EMPTY"
"82922","Private Bundle For Tiffany","","CATEGORY_EMPTY"
"83238","Mew EX Full Art PSA Graded 9 MINT","","CATEGORY_EMPTY"
"83277","Gray scrub pant. Size small. Never worn","","CATEGORY_EMPTY"
"83830","Y44, Y448 and Y22","","CATEGORY_EMPTY"
"83833","No Place Like Home Snowbabies","","CATEGORY_EMPTY"
"84008","Doggy Box","","CATEGORY_EMPTY"
"84210","Brand New VS Pink Planner","","CATEGORY_EMPTY"
"84589","Troll headband","","CATEGORY_EMPTY"
"84624","10 Cat Collars -ALL NEW!!","","CATEGORY_EMPTY"
"84832","3 Dog Shirts & 1 Pr Of Socks","","CATEGORY_EMPTY"
"84836","BNWT Sz 3T Justice League Pj's","","CATEGORY_EMPTY"
"85257","Hold SECRET LOUNGE SHIRT MED","","CATEGORY_EMPTY"
"85829","California Grown Spirulina Powder","","CATEGORY_EMPTY"
"85872","Beyond Paradise Colonge/After Shave 1994","","CATEGORY_EMPTY"
"86038","The Buckle Rock Revival Jeans","","CATEGORY_EMPTY"
"86388","dress","","CATEGORY_EMPTY"
"86719","Japanese Bell Keychain","","CATEGORY_EMPTY"
"86891","Twilight Cards, Jamba Bracelets","","CATEGORY_EMPTY"
"86948","Forever 21 Button Up Skirt","","CATEGORY_EMPTY"
"87165","Lunatone Holo","","CATEGORY_EMPTY"
"87341","(2)Black Comme Des Garçons Iron On Patch","","CATEGORY_EMPTY"
"87486","Peripole angel soprano halo recorder","","CATEGORY_EMPTY"
"87918","Listing for Nina F","","CATEGORY_EMPTY"
"88150","RETIRED SCENT BUNDLE- LIMITED EDITION","","CATEGORY_EMPTY"
"88930","Rumper","","CATEGORY_EMPTY"
"89073","Worn Once Clean Vans","","CATEGORY_EMPTY"
"89445","diptyque 34 boulevard saint germain","","CATEGORY_EMPTY"
"89505","One Bark Box","","CATEGORY_EMPTY"
"89652","Pet Dog Car Seat Safety Belt x2 Purple","","CATEGORY_EMPTY"
"90050","XS Lularoe Carly Dress","","CATEGORY_EMPTY"
"90094","CHELSEA Barn Style Blanket Ladder","","CATEGORY_EMPTY"
"90554","EsalesCorp","","CATEGORY_EMPTY"
"90582","Double Heart Cake Topper","","CATEGORY_EMPTY"
"90920","Bundle Post for doubleG'smama","","CATEGORY_EMPTY"
"91070","Vans and Sperry","","CATEGORY_EMPTY"
"91135","Wholesale Bundle #25 - ANTHRO Sweaters","","CATEGORY_EMPTY"
"91154","Elf Little Mermaid Beauty Book","","CATEGORY_EMPTY"
"91674","Bundle 4 SEKA","","CATEGORY_EMPTY"
"92084","Justice","","CATEGORY_EMPTY"
"92412","MCM","","CATEGORY_EMPTY"
"93058","Spell Oil Mist","","CATEGORY_EMPTY"
"94177","Bundle for Liv","","CATEGORY_EMPTY"
"94598","Hollister Shorts Size 7","","CATEGORY_EMPTY"
"94863","BNWT Youth Sz 3 Nike Slide Ons","","CATEGORY_EMPTY"
"94937","Fashion Nova All The Way Up Tunic Olive","","CATEGORY_EMPTY"
"95415","Light and plants for william","","CATEGORY_EMPTY"
"96069","Pottery Barn baby owl costume","","CATEGORY_EMPTY"
"96366","Lilly Pulitzer Dress","","CATEGORY_EMPTY"
"96807","Red Root Floaters Aquarium","","CATEGORY_EMPTY"
"97137","Beaded Anklet Set","","CATEGORY_EMPTY"
"97487","New LuLaRoe Leggings - OS","","CATEGORY_EMPTY"
"97667","Bundle RESERVED","","CATEGORY_EMPTY"
"98111","NWT Forever 21 Rust/Olive Utility Jacket","","CATEGORY_EMPTY"
"98276","PINK Hoodie","","CATEGORY_EMPTY"
"98472","LAUREN RALPH LAUREN CARRINGTON BRIGITTE","","CATEGORY_EMPTY"
"98593","Brandy Melville Skirt","","CATEGORY_EMPTY"
"98900","Southern Marsh Sticker","","CATEGORY_EMPTY"
"99494","Nike Woman's Set Bundle!","","CATEGORY_EMPTY"
"100192","NEW Cat Ying Yang Tongue Ring","","CATEGORY_EMPTY"
"100402","Hollister Jeans","","CATEGORY_EMPTY"
"100712","Lucky brand jacket","","CATEGORY_EMPTY"
"101194","Little round cactus enamel pin","","CATEGORY_EMPTY"
"101454","BRAND NEW Victoria's Secret Pink","","CATEGORY_EMPTY"
"102190","Yugioh dark magical circle secret","","CATEGORY_EMPTY"
"102211","Bikini Top","","CATEGORY_EMPTY"
"102256","Silver Sparkly Heels Size 9","","CATEGORY_EMPTY"
"102798","T.A.T","","CATEGORY_EMPTY"
"102826","Vs Pink Hoodie","","CATEGORY_EMPTY"
"102866","Mac Lipsticks Instigator And Pink Nouvea","","CATEGORY_EMPTY"
"102919","Assassins creed pin","","CATEGORY_EMPTY"
"104023","KYLIE JENNER LIP KITS","","CATEGORY_EMPTY"
"110254","Dress SIZE: Small NWOT","","CATEGORY_EMPTY"
"105240","Lulu Lemon bag and wallet!!","","CATEGORY_EMPTY"
"105246","Michael Kors Winter Coat 3/4 Length","","CATEGORY_EMPTY"
"105332","Off The Shoulder Floral Romper Large New","","CATEGORY_EMPTY"
"106367","NWT Zaful Spaghetti Strap Bikini","","CATEGORY_EMPTY"
"106500","NWOT Mossimo Pineapple Print Tube Dress","","CATEGORY_EMPTY"
"106556","Nasty Gal jumpsuit","","CATEGORY_EMPTY"
"107046","Men's Tshirt-Style Casual Hoodies","","CATEGORY_EMPTY"
"107343","Kate Spade Key Chain","","CATEGORY_EMPTY"
"107424","15 Supreme Stickers","","CATEGORY_EMPTY"
"107462","Black Felt Letter Board","","CATEGORY_EMPTY"
"107510","Kang Daniel Button Pins","","CATEGORY_EMPTY"
"107600","Bundle For DELILAH","","CATEGORY_EMPTY"
"108454","Lot of 31 WWE Wrestling Men Toys","","CATEGORY_EMPTY"
"108696","Lululemon black sweater size 2","","CATEGORY_EMPTY"
"108741","Large Dog Collar, Leash And Harness","","CATEGORY_EMPTY"
"108809","On Hold","","CATEGORY_EMPTY"
"108836","Flannel","","CATEGORY_EMPTY"
"108851","Anastasia Beverly Hills Glow Kit","","CATEGORY_EMPTY"
"109303","Brandy Kenzo Denim","","CATEGORY_EMPTY"
"109688","Vintage REAL Suede Skirt","","CATEGORY_EMPTY"
"109755","2 [rm] Casino Gaming Tokens Bundle","","CATEGORY_EMPTY"
"110340","Assorted bundle of hair/skin product","","CATEGORY_EMPTY"
"110417","Listing for Slisa317","","CATEGORY_EMPTY"
"110867","[rm] Ann Taylor gift card","","CATEGORY_EMPTY"
"111339","Jacket and Sweater Bundle","","CATEGORY_EMPTY"
"111514","DevaCurl 4-Piece Set For ALL CURLY HAIR","","CATEGORY_EMPTY"
"111766","BNWT ANN TAYLOR LOFT Jacket :)","","CATEGORY_EMPTY"
"112295","Naked 2","","CATEGORY_EMPTY"
"112544","NorthFace Coat","","CATEGORY_EMPTY"
"112683","Care Bear Collector Set New","","CATEGORY_EMPTY"
"112939","Brand New 6 Cans Black Plasti Dip","","CATEGORY_EMPTY"
"113032","Abbey dawn by avril lavigne jacket","","CATEGORY_EMPTY"
"113280","6x Headphones & iPhones Charger Cables","","CATEGORY_EMPTY"
"113298","Aqua Acrylic Crystal Ice","","CATEGORY_EMPTY"
"113371","*GOLD VERSACE PENDANT*","","CATEGORY_EMPTY"
"113392","Expandable baton only ( Brandon)","","CATEGORY_EMPTY"
"113500","White Jeans","","CATEGORY_EMPTY"
"113834","For radicalp0ppunk","","CATEGORY_EMPTY"
"113853","Blue Vans Size 12","","CATEGORY_EMPTY"
"114506","Reserved - Tradesy 1","","CATEGORY_EMPTY"
"114645","2012 Gary Sanchez Trenton Thunder RC","","CATEGORY_EMPTY"
"114845","BUNDLE for Lovin the Simplelife","","CATEGORY_EMPTY"
"115076","Boys 3T Nike Warm Up Outfit, 2 Piece Set","","CATEGORY_EMPTY"
"115238","Strawberry Ice Cream Slime 8oz ✨","","CATEGORY_EMPTY"
"115780","Longchamp mini tan handbag","","CATEGORY_EMPTY"
"115948","Michael Kors NWT Leather Aviator Charm","","CATEGORY_EMPTY"
"116094","FREE SHIP B&W Skirt/CropTop Matching Set","","CATEGORY_EMPTY"
"116096","Listing for Aya","","CATEGORY_EMPTY"
"116453","rae dunn mug bundle for Grace and Gray","","CATEGORY_EMPTY"
"116650","Boys Size 8 Reg","","CATEGORY_EMPTY"
"116688","Orlando Arica Auto Milwaukee Brewers","","CATEGORY_EMPTY"
"117181","Brandy Melville Stickers","","CATEGORY_EMPTY"
"117224","Adidas Women Shoes","","CATEGORY_EMPTY"
"117733","Juicy Couture Purse","","CATEGORY_EMPTY"
"117893","Bundle for charyl","","CATEGORY_EMPTY"
"117987","Shimmery Gold Glitter Top","","CATEGORY_EMPTY"
"118016","Holister Shorts, SIZE 1","","CATEGORY_EMPTY"
"118283","Lularoe Randy","","CATEGORY_EMPTY"
"118328","Clear Flower Crystal window Charm","","CATEGORY_EMPTY"
"118611","Halloween Goodies For Shelly","","CATEGORY_EMPTY"
"118699","NWT Men's L North Face Belted Trunk","","CATEGORY_EMPTY"
"119100","Setting Mist With Rosemary","","CATEGORY_EMPTY"
"119170","Bundle !","","CATEGORY_EMPTY"
"119300","Reserved For sunray06!","","CATEGORY_EMPTY"
"119838","2nd Gen iPod Touch","","CATEGORY_EMPTY"
"120160","Under armour team locker","","CATEGORY_EMPTY"
"120273","Barkbox Plush Toys","","CATEGORY_EMPTY"
"120736","FabFitFun Summer Box Items!!","","CATEGORY_EMPTY"
"120852","1997 Hess Toy Truck And Racers","","CATEGORY_EMPTY"
"121064","Topps Chipper Jones Rookie Baseball Card","","CATEGORY_EMPTY"
"121195","PINK by Victoria Secret sweatshirt","","CATEGORY_EMPTY"
"121229","Special Disney Bundle!","","CATEGORY_EMPTY"
"121335","Sega Dreamcast in Box, BIG GAME BUNDLE","","CATEGORY_EMPTY"
"121505","Rae Dunn Love Mug","","CATEGORY_EMPTY"
"121743","Day of the Dead Costume Size Large","","CATEGORY_EMPTY"
"122568","The 5 Love Languages","","CATEGORY_EMPTY"
"122704","Reversible Nike Jacket","","CATEGORY_EMPTY"
"123256","Derek Jeter Patch Baseball Card","","CATEGORY_EMPTY"
"123495","Halo The Master Chief Collection Xbox 1","","CATEGORY_EMPTY"
"123593","Agnes And Dora Nightingale Dress (large)","","CATEGORY_EMPTY"
"123973","10 Random Stickers","","CATEGORY_EMPTY"
"124170","CUSTOM LISTING SOLD","","CATEGORY_EMPTY"
"124189","Belly & Tongue Ring With Leaf Design","","CATEGORY_EMPTY"
"124419","RAY-BAN","","CATEGORY_EMPTY"
"124570","Dog Coat","","CATEGORY_EMPTY"
"148696","Tommy Hilfiger VTG Big Logo Jacket","","CATEGORY_EMPTY"
"125406","Paul Mitchell Smoothing Serum","","CATEGORY_EMPTY"
"125680","Blue Chuck Taylor Converse","","CATEGORY_EMPTY"
"125761","3 Top Bundle For Joy","","CATEGORY_EMPTY"
"126487","HOLD for Kim McFarlane","","CATEGORY_EMPTY"
"126915","BTS Keychain Lanyard Wrist Strap (Jin)","","CATEGORY_EMPTY"
"127562","Adidas Capri Pants","","CATEGORY_EMPTY"
"127653","Bape Mask","","CATEGORY_EMPTY"
"127695","Kate Spade Quilted Purse","","CATEGORY_EMPTY"
"128521","Lucky You Lucky Brand Fragrance Mist","","CATEGORY_EMPTY"
"128573","Breast cancer Football Jersey","","CATEGORY_EMPTY"
"129068","Baby Clothes Size 6-9","","CATEGORY_EMPTY"
"129249","benefit the POREfessional","","CATEGORY_EMPTY"
"129564","Red Pepper Feeder","","CATEGORY_EMPTY"
"129681","Red and Black Dress","","CATEGORY_EMPTY"
"130351","Bundles 2 Mystery Dsi Games And SMB2","","CATEGORY_EMPTY"
"130453","Juicy Couture Jazzy Perfume","","CATEGORY_EMPTY"
"130507","Large reptile Ranch","","CATEGORY_EMPTY"
"130535","Men's Jacket","","CATEGORY_EMPTY"
"130974","Traditional Japanese Chopstick Set","","CATEGORY_EMPTY"
"131005","Blue Yeti Mic","","CATEGORY_EMPTY"
"131161","Package 1 On Hold","","CATEGORY_EMPTY"
"131260","Apple Watch !","","CATEGORY_EMPTY"
"131269","Men's Nike Air Footscape Magista Flynit","","CATEGORY_EMPTY"
"131506","Peaches Floral Scrub Nurse Top","","CATEGORY_EMPTY"
"131526","Munch Mitt","","CATEGORY_EMPTY"
"131654","Reserved Lot Gemma05","","CATEGORY_EMPTY"
"131769","Box Of Clothing!","","CATEGORY_EMPTY"
"132814","UCLA long sleeve","","CATEGORY_EMPTY"
"133174","4 PACK iPHONE 7 CASE SUPREME","","CATEGORY_EMPTY"
"133577","Clear Gem Belly Button Ring","","CATEGORY_EMPTY"
"133694","Ansley's Order","","CATEGORY_EMPTY"
"133965","Pineapple Belly Button Ring","","CATEGORY_EMPTY"
"134174","Digital Incubator","","CATEGORY_EMPTY"
"134234","Rae Dunn Mrs. Mug","","CATEGORY_EMPTY"
"134712","Gold bunny pin","","CATEGORY_EMPTY"
"134927","Burberry Houndstooth Dress","","CATEGORY_EMPTY"
"134990","NEW VS PINK DUFFLE BAG Black/White ❤","","CATEGORY_EMPTY"
"135014","Rubbermaid Reveal microfiber dusting pad","","CATEGORY_EMPTY"
"135497","Pokémon Mystery Box","","CATEGORY_EMPTY"
"135723","YSL Black Opium Floral Shock 1.0 oz EDP","","CATEGORY_EMPTY"
"136175","Black genealogy","","CATEGORY_EMPTY"
"136253","Cowgirl Embroidered Cap","","CATEGORY_EMPTY"
"136506","❤️ Knotted Leather Pearl Choker Necklace","","CATEGORY_EMPTY"
"136896","PINK Water Bottle Flask","","CATEGORY_EMPTY"
"136897","**RESERVED**","","CATEGORY_EMPTY"
"137029","J. Crew Mustard Velvet Blazer","","CATEGORY_EMPTY"
"137281","6x Headphone + iPhone USB Cable Chargers","","CATEGORY_EMPTY"
"137373","Bundle for Jen","","CATEGORY_EMPTY"
"137703","Two Pet Odor Spray Products","","CATEGORY_EMPTY"
"138296","Lularoe Carly Xxs Black And White","","CATEGORY_EMPTY"
"138652","PINK Stuffed Dogs","","CATEGORY_EMPTY"
"139010","Columbia Windbreaker","","CATEGORY_EMPTY"
"139091","Hollister Jeans","","CATEGORY_EMPTY"
"139398","For @JUJUBEE please do not purchase","","CATEGORY_EMPTY"
"139631","LF Mesh Jacket","","CATEGORY_EMPTY"
"139901","NWT LuLaRoe Carly Dress - Large","","CATEGORY_EMPTY"
"140074","Prices Just Reduced!!","","CATEGORY_EMPTY"
"140111","Pink","","CATEGORY_EMPTY"
"140119","Nerf Rhino Fire","","CATEGORY_EMPTY"
"140212","Rainbow checkered heart patch","","CATEGORY_EMPTY"
"140560","Vintage Fenton Hobnail Salt Cellar","","CATEGORY_EMPTY"
"140725","California Love Rebublic Hoodie","","CATEGORY_EMPTY"
"140954","Multi-Colored Sweater","","CATEGORY_EMPTY"
"141448","this is just a bundle for eat cake first","","CATEGORY_EMPTY"
"141676","KEDS","","CATEGORY_EMPTY"
"141768","Vintage Winnie the Pooh Disney Sweater","","CATEGORY_EMPTY"
"141782","Hu Ma Shoes","","CATEGORY_EMPTY"
"141824","Rue 21 sweater dress","","CATEGORY_EMPTY"
"141990","Baby beanie","","CATEGORY_EMPTY"
"141994","Harry potter stationary suitcase set","","CATEGORY_EMPTY"
"142148","POP Figure Cheshire Cat","","CATEGORY_EMPTY"
"142313","LuLaRoe Flounder Little Mermaid L/XL","","CATEGORY_EMPTY"
"142610","DIY Acrylic Nail Kit W Tips","","CATEGORY_EMPTY"
"142626","8 LANYARD Bundle","","CATEGORY_EMPTY"
"142682","Bundle For Krystal","","CATEGORY_EMPTY"
"143139","UD ULTIMATE BASICS NAKED NEW IN BOX","","CATEGORY_EMPTY"
"143175","L - Blue paisley print peplum top","","CATEGORY_EMPTY"
"143248","Victoria's Secret PINK Light Up Fan","","CATEGORY_EMPTY"
"143277","Adidas Jacket Medium","","CATEGORY_EMPTY"
"143517","For Titanoss","","CATEGORY_EMPTY"
"143910","3t Athletic 8 peices","","CATEGORY_EMPTY"
"144025","Marilyn Monroe Canvas","","CATEGORY_EMPTY"
"144088","DO NOT PURCHASE","","CATEGORY_EMPTY"
"144252","Yugioh Return of the dragon lords","","CATEGORY_EMPTY"
"144367","Silvertowne one ounce .999 fine silver","","CATEGORY_EMPTY"
"145236","Kong Lot Of 5 Dog Chew Toys -ALL NEW!!!!","","CATEGORY_EMPTY"
"145260","VS Pink Campus Bottle","","CATEGORY_EMPTY"
"145329","Magnetic Building Kit Like Magnatiles","","CATEGORY_EMPTY"
"145741","Zoura And Celebi Giant Pokémon Card","","CATEGORY_EMPTY"
"145916","[rm] Hold for kriss11","","CATEGORY_EMPTY"
"146118","Sony Sports Walkman w/ headphones","","CATEGORY_EMPTY"
"146191","Items For Stephanie!","","CATEGORY_EMPTY"
"146419","Victoria's Secret PINK Lanyard","","CATEGORY_EMPTY"
"146809","AsapRocky GUE$$ Collection","","CATEGORY_EMPTY"
"146917","Small Chanel Bag","","CATEGORY_EMPTY"
"147081","For Emily","","CATEGORY_EMPTY"
"147197","Thirty One Thermal Zipper Pouch","","CATEGORY_EMPTY"
"147843","Chanel","","CATEGORY_EMPTY"
"148076","Dryden Crystal Pottery Vase","","CATEGORY_EMPTY"
"148145","Nonprescription reading glasses","","CATEGORY_EMPTY"
"148339","Exo terra turtle uvb fixture","","CATEGORY_EMPTY"
"148389","1997 Lion King Polly Pocket Vintage","","CATEGORY_EMPTY"
"148395","Yata-Garasu","","CATEGORY_EMPTY"
"148821","(3) *Limited Edition* Disney Pins Mickey","","CATEGORY_EMPTY"
"148846","Dog Pajamas","","CATEGORY_EMPTY"
"149063","Vs Pink Galaxy Trunk","","CATEGORY_EMPTY"
"149084","Bikini Touch","","CATEGORY_EMPTY"
"149199","Tile Slim","","CATEGORY_EMPTY"
"149269","PINK lanyards","","CATEGORY_EMPTY"
"150013","VS PINK Lanyards (2)","","CATEGORY_EMPTY"
"150050","4 punk enamel lapel pins","","CATEGORY_EMPTY"
"150345","Bundle Reserved","","CATEGORY_EMPTY"
"151144","American Eagle Hi Rise Boho Artist jeans","","CATEGORY_EMPTY"
"151301","Milwaukee Brewers Dog T-shirt","","CATEGORY_EMPTY"
"151340","Woman Handbag","","CATEGORY_EMPTY"
"151561","Free People top","","CATEGORY_EMPTY"
"151609","air jordan 5 retro white 11","","CATEGORY_EMPTY"
"151637","Crazy Rich Asians by Kevin Kwan","","CATEGORY_EMPTY"
"151807","Mainstays Light Weight Iron","","CATEGORY_EMPTY"
"152041",""Lupine Dog Collar ""Wing It""Design"","","CATEGORY_EMPTY"
"152203","Walking Dead fan lot","","CATEGORY_EMPTY"
"152342","Lilac pleated pretty party dress","","CATEGORY_EMPTY"
"152398","Marc jacobs Venetia Black Leather Case","","CATEGORY_EMPTY"
"152520","Longline Faux Wool Duster Missguided","","CATEGORY_EMPTY"
"152568","Abercrombie Swimtop Bundle","","CATEGORY_EMPTY"
"152904","Travis booties size 6.5 light gray","","CATEGORY_EMPTY"
"152917",""Adidas Yeezy Boost 350 V2 ""bred"""","","CATEGORY_EMPTY"
"152920","Baby Clothes Bundle","","CATEGORY_EMPTY"
"166021","Crop Top","","CATEGORY_EMPTY"
"153169","MESHED PEPLUM TOP","","CATEGORY_EMPTY"
"153513","Kylie Jenner Apricot Lip Kit","","CATEGORY_EMPTY"
"153741","Balenciaga Arena AUTHENTIC","","CATEGORY_EMPTY"
"153808","romper","","CATEGORY_EMPTY"
"153891","Joovey Too Fold","","CATEGORY_EMPTY"
"154859","Large LuLaRoe Azure Skirt","","CATEGORY_EMPTY"
"154899","Toddler denim size 3T Only [rm] a pair","","CATEGORY_EMPTY"
"155021","Pretty LuLaRoe Perfect T Large","","CATEGORY_EMPTY"
"155091","NWT Brandy Melville Brya Corduroy Skirt","","CATEGORY_EMPTY"
"155622","LV LOCK & KEY SET","","CATEGORY_EMPTY"
"156183","Zara Trafaluc B&W Halter Jumpsuit","","CATEGORY_EMPTY"
"156214","FOR TRÂN ONLY!!!!","","CATEGORY_EMPTY"
"156519","8 Boys Shirt Bundle","","CATEGORY_EMPTY"
"157047","Fashion glasses","","CATEGORY_EMPTY"
"157251","Gentle Leader headcollar","","CATEGORY_EMPTY"
"157397","A Royal Duty: Princess Diana","","CATEGORY_EMPTY"
"157442","Dog Collar Set","","CATEGORY_EMPTY"
"157554","Pierce The Veil","","CATEGORY_EMPTY"
"157561","HOLD for A2ZwithKori","","CATEGORY_EMPTY"
"157722","Hamster ball and wheel","","CATEGORY_EMPTY"
"157788","PerfectlyPosh Beach Ballistic","","CATEGORY_EMPTY"
"157946","CeraPan Pure Food Pure Pan","","CATEGORY_EMPTY"
"158142","Cat broach","","CATEGORY_EMPTY"
"158209","VS PINK crew neck shirt/ top. Sz Large","","CATEGORY_EMPTY"
"158570","Bundle For Blossomistic","","CATEGORY_EMPTY"
"158811","Black And Gray Nike Air Max","","CATEGORY_EMPTY"
"159619","Wade England Figures Lot Of 24 Some Rare","","CATEGORY_EMPTY"
"159673","I heart cats enamel pin","","CATEGORY_EMPTY"
"159724","Stainless Steel Gold Plated Paraoh Penda","","CATEGORY_EMPTY"
"159763","Bundle For Dayanara","","CATEGORY_EMPTY"
"159938","Five random guinea pig potty pads","","CATEGORY_EMPTY"
"160012","Men's Green Mountain Hard Wear Coat Sz M","","CATEGORY_EMPTY"
"160059","Kyrie 3 Size 7","","CATEGORY_EMPTY"
"160183","Dooney & Bourke","","CATEGORY_EMPTY"
"160191","Rock Revival","","CATEGORY_EMPTY"
"160595","Steve Madden Booties","","CATEGORY_EMPTY"
"160631","New Gold tone nose ring","","CATEGORY_EMPTY"
"160935","Tongue Rings","","CATEGORY_EMPTY"
"161214","PINK Raiders Long Sleeve","","CATEGORY_EMPTY"
"161327","(28) Rock Revival Shorts","","CATEGORY_EMPTY"
"161461","NWT Jaclyn Hill x Morphe Palette","","CATEGORY_EMPTY"
"161578","Bebe White Logo Long Sleeve","","CATEGORY_EMPTY"
"162004","Anastasia Moonchild","","CATEGORY_EMPTY"
"162007","Women's Bundle","","CATEGORY_EMPTY"
"162039","John Galt silk shorts","","CATEGORY_EMPTY"
"162061",""Cowhide Leather 2 X 18"" Piece Excellent"","","CATEGORY_EMPTY"
"162706","Nikon d3200 camera","","CATEGORY_EMPTY"
"162748",""Air Jordan 9 ""Statue"" Size 10.5"","","CATEGORY_EMPTY"
"162992","Adorable Dog Clothes *1 Hour Sale*","","CATEGORY_EMPTY"
"163264","Purple Floam","","CATEGORY_EMPTY"
"163680","Shoe Holder 24 Shoes","","CATEGORY_EMPTY"
"163743","Nike Floral Tanktop","","CATEGORY_EMPTY"
"164525","Hurley swim shorts","","CATEGORY_EMPTY"
"164628","Dog Winne the Pooh Costume","","CATEGORY_EMPTY"
"164674","baby pink off the shoulder choker top","","CATEGORY_EMPTY"
"164912","NEW Leather Beaded Duo","","CATEGORY_EMPTY"
"164924","ONE red dog seat belt","","CATEGORY_EMPTY"
"165049","Polo Ralph Lauren Flannel Shirt","","CATEGORY_EMPTY"
"165349","Kat Von D Books","","CATEGORY_EMPTY"
"166004","Light Up Minecraft Torch","","CATEGORY_EMPTY"
"166085","Lilly Pulitzer Tank","","CATEGORY_EMPTY"
"166395","FREE SHIP embroidered black kimono cardi","","CATEGORY_EMPTY"
"166864","Nike","","CATEGORY_EMPTY"
"166958","White House Black Market cute Tan Jacket","","CATEGORY_EMPTY"
"167193","Brand New Rockstar Denim Outfit","","CATEGORY_EMPTY"
"167206","Rue 21 wedges. Size is large 8/9","","CATEGORY_EMPTY"
"167230","Size 12 Gorgeous Ripped Hi-Rise Jeggings","","CATEGORY_EMPTY"
"167386","Fashion Killa Cropped Hoodie","","CATEGORY_EMPTY"
"167542","Organic Chemistry","","CATEGORY_EMPTY"
"167758","Round Donut Shape Butt Cushion","","CATEGORY_EMPTY"
"167865","Vans-Red White Blue-Size 13","","CATEGORY_EMPTY"
"167908","Maybelline Fit Me Collection","","CATEGORY_EMPTY"
"168541","**SALE** Urban Outfitters Bikini Top","","CATEGORY_EMPTY"
"168790","Large Lularoe Amelia","","CATEGORY_EMPTY"
"168998","NOS Vintage mini-doll tie dye pencils","","CATEGORY_EMPTY"
"169163","Hanging Fun Filled Bird Toy","","CATEGORY_EMPTY"
"169205","Tonia Shafer BabyBundle","","CATEGORY_EMPTY"
"169250","Metal Letter A","","CATEGORY_EMPTY"
"169420","TWO Rae Dunn XL Dog Bowls","","CATEGORY_EMPTY"
"170203","Vanity Junior Skinny Jeans 24/32","","CATEGORY_EMPTY"
"170204","LuLaRoe Carly NWT","","CATEGORY_EMPTY"
"170358","Air Jordan 14","","CATEGORY_EMPTY"
"170812","For HLF","","CATEGORY_EMPTY"
"170932","Royal Blue Set For Alyssa M.","","CATEGORY_EMPTY"
"171231","40 Random Magic The Gathering Cards","","CATEGORY_EMPTY"
"171316","Victoria's Secret Pink Detroit Lions","","CATEGORY_EMPTY"
"171362","Lularoe Mae Dress","","CATEGORY_EMPTY"
"171402","6 16g NW0T Marilyn labre lip piercings","","CATEGORY_EMPTY"
"171491","Dog Croc Personalized Bling Name Collar","","CATEGORY_EMPTY"
"171644","Masa","","CATEGORY_EMPTY"
"171666","Handmade Crochet Doll","","CATEGORY_EMPTY"
"171694","g by guess denim dress","","CATEGORY_EMPTY"
"172117","Castiel with Wings Funko Pop","","CATEGORY_EMPTY"
"172442","La girl pro concealer","","CATEGORY_EMPTY"
"172477","G-Dragon, PEACEMINUSONE, Act III","","CATEGORY_EMPTY"
"172798","Full Metal Alchemist vol 1-23 + Profiles","","CATEGORY_EMPTY"
"172846","Faja boards/ **Without PEZ","","CATEGORY_EMPTY"
"173240","Vans Old Skool Sneaker","","CATEGORY_EMPTY"
"177484","AVEDA Invati Shampoo and Conditioner","","CATEGORY_EMPTY"
"173765","NWT- Angels Capri Size 11","","CATEGORY_EMPTY"
"173798","Butterfly Knife","","CATEGORY_EMPTY"
"174357","Divided Med Purple Striped Crop Top","","CATEGORY_EMPTY"
"175023","Kalley Bundle","","CATEGORY_EMPTY"
"175258","Stila pallete","","CATEGORY_EMPTY"
"175679","Michael Kors Fragrance Sticker!","","CATEGORY_EMPTY"
"175786","Rae Dunn blessed mug","","CATEGORY_EMPTY"
"175919","Victoria's Secret Pink Scents","","CATEGORY_EMPTY"
"176568","BBW Beach Nights Summer Marshmallow Set","","CATEGORY_EMPTY"
"176983","tori burch ring!","","CATEGORY_EMPTY"
"177490","Jojo Siwa Bows","","CATEGORY_EMPTY"
"177525","Light Brown/Cheetah Print Sperry's","","CATEGORY_EMPTY"
"177590","Lot Of Forever 21 Rompers/dresses","","CATEGORY_EMPTY"
"178164","Brand New Kate Spade","","CATEGORY_EMPTY"
"178261","Chevrolet hub caps","","CATEGORY_EMPTY"
"178334","WWE Champion Belt","","CATEGORY_EMPTY"
"178562","Drake Bravado Cropped Sweatshirt","","CATEGORY_EMPTY"
"178976","Rae Dunn Love Plate","","CATEGORY_EMPTY"
"179106","Tokidoki Accessory Bundle","","CATEGORY_EMPTY"
"179161","Lot 19 For Faustino","","CATEGORY_EMPTY"
"179176","Ella Ivory Popsocket","","CATEGORY_EMPTY"
"190893","LISTING FOR LANNESS","","CATEGORY_EMPTY"
"179948","Listing For Customer","","CATEGORY_EMPTY"
"180650","Thirty-one hang up space saver","","CATEGORY_EMPTY"
"181090","Shot Glass","","CATEGORY_EMPTY"
"181091","Ingrid And Isabella Maternity Outfit","","CATEGORY_EMPTY"
"181384","NYX And Tarte Bundle","","CATEGORY_EMPTY"
"181478","For Tommy","","CATEGORY_EMPTY"
"181605","Bundle For [rm]","","CATEGORY_EMPTY"
"181879","ABH Cream Contour And Bobbi Brown Bundle","","CATEGORY_EMPTY"
"182195","Maternity Night Gown And Robe Set XL","","CATEGORY_EMPTY"
"182781","Amanda's Deal!","","CATEGORY_EMPTY"
"182797","hold for unicorn","","CATEGORY_EMPTY"
"182896","Belly Casting kit","","CATEGORY_EMPTY"
"183270","Victor And Rold Flowerbomb Perfume","","CATEGORY_EMPTY"
"183397","Heart with police stripe","","CATEGORY_EMPTY"
"183562","Baby Boy Boppy Pillow","","CATEGORY_EMPTY"
"183592","Rae Dunn Keep Note Stay Humble And Less","","CATEGORY_EMPTY"
"184340","Small Rose Gold Flower Belly Button Ring","","CATEGORY_EMPTY"
"184458","NEW Michael Kors Flip Flop","","CATEGORY_EMPTY"
"184460","Love Pink Sweatpants By Victoria Secret","","CATEGORY_EMPTY"
"184503","Victoria's Secret, Size Small","","CATEGORY_EMPTY"
"184692","Bundle (Reserved)","","CATEGORY_EMPTY"
"185161","Tiffany W","","CATEGORY_EMPTY"
"185592","Agatha Christie - And Then There Was Non","","CATEGORY_EMPTY"
"185623","Guns N Roses And Rolling Stones Bundle","","CATEGORY_EMPTY"
"185905","Lot Of 4 Spongebob Squarepants Patches","","CATEGORY_EMPTY"
"186079","Vanderbilt College School Mr. C","","CATEGORY_EMPTY"
"186516","Bundle of Playbills","","CATEGORY_EMPTY"
"186705","Jewelry set","","CATEGORY_EMPTY"
"187182","Newer Radiation Alert USB Inspector Deal","","CATEGORY_EMPTY"
"187347","White House Black Market Jeans","","CATEGORY_EMPTY"
"187592","Large VS Black Fringe Tote Bag Purse","","CATEGORY_EMPTY"
"187948","Chicos Jacket","","CATEGORY_EMPTY"
"189766","LuLaRoe Carly Dress XS","","CATEGORY_EMPTY"
"189947","I Pod Generation 2","","CATEGORY_EMPTY"
"190172","On HOLD","","CATEGORY_EMPTY"
"190656","Atlanta Braves Jersey","","CATEGORY_EMPTY"
"191081","Michael Michael Kors Blue Black Tank","","CATEGORY_EMPTY"
"191084","Pink Velvet Bodysuit","","CATEGORY_EMPTY"
"191187","RAE DUNN BAKE","","CATEGORY_EMPTY"
"191259","Black Adidas Superstars","","CATEGORY_EMPTY"
"191291","Solid Black 3/4 Sleeve Sweater","","CATEGORY_EMPTY"
"191787",""Francesca's ""the Traveler"" Perfume"","","CATEGORY_EMPTY"
"191924","Nose Screws 18g 2mm Jewel","","CATEGORY_EMPTY"
"192064","A. Byer Gorgeous Little Black Dress","","CATEGORY_EMPTY"
"192065","white dress with blue detailing","","CATEGORY_EMPTY"
"192091","Adidas Matchcourts Hi","","CATEGORY_EMPTY"
"192591","Baby Sign language book","","CATEGORY_EMPTY"
"192827","Perfect Fall Color Sarah!!","","CATEGORY_EMPTY"
"192983","2 Outlanders Entertainment Weekly","","CATEGORY_EMPTY"
"193026","New Girls Med Shirt","","CATEGORY_EMPTY"
"193319","Gap Pants Lot- 3 Styles- Size 32/12","","CATEGORY_EMPTY"
"193455","*Flash Sale* LuLaRoe Tie Dye Lola Medium","","CATEGORY_EMPTY"
"193625","Minecraft bundle","","CATEGORY_EMPTY"
"193955","Chella Eyebrow Cream","","CATEGORY_EMPTY"
"193957","Bundle For Brandi","","CATEGORY_EMPTY"
"194227","Xbox One 500 GB","","CATEGORY_EMPTY"
"194274","12x Six Samurai Yugioh Cards","","CATEGORY_EMPTY"
"194731","Detroit Red Wings Center Ice Jacket L","","CATEGORY_EMPTY"
"194794","Hatchimals Collectibles Bundle","","CATEGORY_EMPTY"
"194826","Bachelorette Party Set","","CATEGORY_EMPTY"
"195286","Swarovski Blue Heart Sterling Pendant","","CATEGORY_EMPTY"
"195378","24 Paper Flowers Blue Grey 2 Inch","","CATEGORY_EMPTY"
"195433","Burberry Jacket Size:XS","","CATEGORY_EMPTY"
"195617","Three calvin klein gift wrap bags","","CATEGORY_EMPTY"
"196421","Reserved For Meow_po","","CATEGORY_EMPTY"
"196463","Derrick Rose Chicago Bulls Shirt!!!","","CATEGORY_EMPTY"
"196536","Grey High Top Vans","","CATEGORY_EMPTY"
"196764","Panic shirt and daryl shirt","","CATEGORY_EMPTY"
"196855","Patagonia Frisbee","","CATEGORY_EMPTY"
"197059","Victoria Secret Bag","","CATEGORY_EMPTY"
"197209","Old School BATMAN Patch","","CATEGORY_EMPTY"
"197453","Black Booties","","CATEGORY_EMPTY"
"197463","Black Raw Hem Denim Mini Skirt","","CATEGORY_EMPTY"
"197765","Other College Books","","CATEGORY_EMPTY"
"197833","Puma suede Mint Green","","CATEGORY_EMPTY"
"197942","Women's skirt size small","","CATEGORY_EMPTY"
"198047","Lace Front Synthetic Wig","","CATEGORY_EMPTY"
"198169","COLOUR POP BUNDLE","","CATEGORY_EMPTY"
"198442","Cheetah Mannequin/dress Form","","CATEGORY_EMPTY"
"198472","PINK SMALL BODYSUIT VICTORIA SECRET","","CATEGORY_EMPTY"
"199000","FL Studio 12 Producer Edition","","CATEGORY_EMPTY"
"199130","Lularoe Large Heather Grey Classic Tee","","CATEGORY_EMPTY"
"199290","FREE SHIPPING: Ron Weasley Wand","","CATEGORY_EMPTY"
"199648","James Avery Joyful Melody Charm (new)","","CATEGORY_EMPTY"
"199666","Bundle For Kylee ❤","","CATEGORY_EMPTY"
"200448","Baby Gap Vest","","CATEGORY_EMPTY"
"200469","Pom pom knitting loom","","CATEGORY_EMPTY"
"201243","Scrub Tops","","CATEGORY_EMPTY"
"201315","Bundle For Beach Girl!","","CATEGORY_EMPTY"
"201625","Nerf Rival Ammo","","CATEGORY_EMPTY"
"201740","Thirty One All in Tote","","CATEGORY_EMPTY"
"201745","Justice Emoji outfit","","CATEGORY_EMPTY"
"202453","White Distressed Pallet Shelving unit","","CATEGORY_EMPTY"
"202647",""Bundle For ""Mtvalls"""","","CATEGORY_EMPTY"
"202678","LulaRoe Perfect T Free Shipping","","CATEGORY_EMPTY"
"203012","NWOT Strapless Jumpsuit","","CATEGORY_EMPTY"
"203201","VS Pink Pullover","","CATEGORY_EMPTY"
"203203",""ADELE ""25"" VINYL RECORD"","","CATEGORY_EMPTY"
"203746","BAPE Half Camo Shark TEE (Size S)","","CATEGORY_EMPTY"
"204398","Jessica Simpson Size m","","CATEGORY_EMPTY"
"204506","Belly Button Ring- Gun","","CATEGORY_EMPTY"
"204591","Victoria's Secret Pink Sweatshirt Large","","CATEGORY_EMPTY"
"204855","Látex Dipped Gloves","","CATEGORY_EMPTY"
"205149","VS PINK Backpack","","CATEGORY_EMPTY"
"205611","Billy Bobs Thermal Fitting Beads","","CATEGORY_EMPTY"
"205839","Maternity tops","","CATEGORY_EMPTY"
"206117","Sheer cover Base Perfector Primer","","CATEGORY_EMPTY"
"206341","Nike shox","","CATEGORY_EMPTY"
"206508","Antique Watch Lot","","CATEGORY_EMPTY"
"206577","Tuff Balls Dog Toys","","CATEGORY_EMPTY"
"206707","Graco Modes","","CATEGORY_EMPTY"
"206727","Anastasia Moonchild","","CATEGORY_EMPTY"
"206858","Game Button Fidget Spinner","","CATEGORY_EMPTY"
"207521","Athletic Tops Bundle W/ Bra","","CATEGORY_EMPTY"
"207597","Brand New Aveeno Baby Wash Bundle","","CATEGORY_EMPTY"
"207638","Autographed Dale Earnhardt card","","CATEGORY_EMPTY"
"207682","for lgilles","","CATEGORY_EMPTY"
"207794","18 month blue Jordan track suit","","CATEGORY_EMPTY"
"207873","Baby Swaddler","","CATEGORY_EMPTY"
"208003","Florida State Hoodie","","CATEGORY_EMPTY"
"208026","Wedding guest book spaces - 600 entries","","CATEGORY_EMPTY"
"208092","Sanrio Chi Chai Monchan Monkey Lot","","CATEGORY_EMPTY"
"208470","Victoria Secret Pink Hoodie !","","CATEGORY_EMPTY"
"209026","VS, flannel nightie, M","","CATEGORY_EMPTY"
"209140","Twenty One Pilots Pin","","CATEGORY_EMPTY"
"209295","Lularoe XXS Irma NWT","","CATEGORY_EMPTY"
"209312","Wunderbrow In Color Brunette","","CATEGORY_EMPTY"
"209484","Critical Thinking At Zanestate College","","CATEGORY_EMPTY"
"209636","Bundle.. Reserved","","CATEGORY_EMPTY"
"210023","PS4 Killzone Shadow Fall","","CATEGORY_EMPTY"
"210224","Cecily Bundle","","CATEGORY_EMPTY"
"210423","For NaILGuN","","CATEGORY_EMPTY"
"211160","Dan Marino Dolphins Pacific NFL Card","","CATEGORY_EMPTY"
"211296","Michael Kors Keychain","","CATEGORY_EMPTY"
"211475","Bundle For Mayas532","","CATEGORY_EMPTY"
"211609","*ON HOLD FIR MAMABEAR 6810*","","CATEGORY_EMPTY"
"211636","Bundle For Luckycladd","","CATEGORY_EMPTY"
"212159","Cute Homecoming Dress!!","","CATEGORY_EMPTY"
"212197","Ginatricot Elephant Top","","CATEGORY_EMPTY"
"212270","For Jessica Murcko :)","","CATEGORY_EMPTY"
"212365","Dog Leash Bundle WITH SCARF","","CATEGORY_EMPTY"
"212379","New Lularoe Azure Small","","CATEGORY_EMPTY"
"212498","5 oz Containers","","CATEGORY_EMPTY"
"212587","Furminator Dog Cat Deshedding Brush Tool","","CATEGORY_EMPTY"
"213096","Magic Time Spiral Tourney Pack","","CATEGORY_EMPTY"
"213325","Super Soft Bathrobe","","CATEGORY_EMPTY"
"213403","Vineyard Vines Shep Shirt","","CATEGORY_EMPTY"
"214096","Dog Coat, Collar & Hair Clip","","CATEGORY_EMPTY"
"213749","(2) Opalite Pineapple Belly Button Rings","","CATEGORY_EMPTY"
"213854","Pokémon Black 2 w/lvl 100's and Shinies","","CATEGORY_EMPTY"
"213875","Vintage Guns N Roses Band Sweatshirt","","CATEGORY_EMPTY"
"214272","Got7 : YoungJae Fansite Gift","","CATEGORY_EMPTY"
"214935","Victoria's Secret Pink bedding","","CATEGORY_EMPTY"
"215138","Bundle For Terra Muro","","CATEGORY_EMPTY"
"215165","Bundle for E. Lewis","","CATEGORY_EMPTY"
"215296","BTS Army Bomb Keychain (JK)","","CATEGORY_EMPTY"
"215337","Bundle for Nana's Boutique","","CATEGORY_EMPTY"
"215379","NYX Blush","","CATEGORY_EMPTY"
"215399","Yugi's Gadget Deck +29 Yugioh Cards","","CATEGORY_EMPTY"
"215452","Brandy Melville Black skater skirt","","CATEGORY_EMPTY"
"215463","Book of Mormon Playbill w/ Gavin Creel","","CATEGORY_EMPTY"
"216364","Under armour backpack","","CATEGORY_EMPTY"
"216384","True Religion jeans And Jacket","","CATEGORY_EMPTY"
"216531","Baby Boy 0-3 Months Bundle! 60+ Pieces","","CATEGORY_EMPTY"
"217381","Boutique Floral Maxi Dress","","CATEGORY_EMPTY"
"217537","2 Pairs Of Old Shoes","","CATEGORY_EMPTY"
"217623","Wooden flower & Heart buttons","","CATEGORY_EMPTY"
"217627","Shopkins Christmas Edition Wreath","","CATEGORY_EMPTY"
"217687","Fabuloso Four Pack Cleaning Bundle","","CATEGORY_EMPTY"
"217692","Adidas Celtics hoodie size xl-18","","CATEGORY_EMPTY"
"218012","Crystal Geyser","","CATEGORY_EMPTY"
"218131","3 Baby Girl Out Fits","","CATEGORY_EMPTY"
"218230","Women's Sz Large Nike Tank","","CATEGORY_EMPTY"
"219023","XHILARATION Romper Girls L(10/12)","","CATEGORY_EMPTY"
"219047","Sand Color 16' Oversized Sail Sun Shade","","CATEGORY_EMPTY"
"219062","EUC Ryka Women's Size 8.5","","CATEGORY_EMPTY"
"219237","Mew Promo","","CATEGORY_EMPTY"
"219306","Gold Princess Opal Belly Button Ring","","CATEGORY_EMPTY"
"219358","Lularoe Xl Nicole Dress","","CATEGORY_EMPTY"
"219965","Bundle for Savanna","","CATEGORY_EMPTY"
"220159","Set of 6 stainless steel silverware","","CATEGORY_EMPTY"
"220428","Disney Tinker Bell Lanyard And Pins","","CATEGORY_EMPTY"
"220889","Amelia Dress","","CATEGORY_EMPTY"
"221249","HOLD JUDI Bundle All 3 China Pieces","","CATEGORY_EMPTY"
"221500","Nike Black Shoes!","","CATEGORY_EMPTY"
"221611","maxi dress","","CATEGORY_EMPTY"
"221640","BUNDLE FOR YungAir","","CATEGORY_EMPTY"
"221722","Galaxy Planet Lollipops","","CATEGORY_EMPTY"
"221980","3t clothing lot 44 pieces","","CATEGORY_EMPTY"
"222002","**VS PINK SWEATSHIRT, READ DESCRIP**","","CATEGORY_EMPTY"
"222231","Lot Of 3 Baby Sippy Cups Bottles","","CATEGORY_EMPTY"
"222451","RESERVED For Rebekah","","CATEGORY_EMPTY"
"222539","Coach Key Chain","","CATEGORY_EMPTY"
"222612","All 1st Edition Mint. First Release","","CATEGORY_EMPTY"
"222823","Bundle for Nichole01","","CATEGORY_EMPTY"
"223428","BDG Girlfriend Jeans Size 26 Hi-waisted","","CATEGORY_EMPTY"
"223446","Heart, Bible, Blue, And Barcelona Charm","","CATEGORY_EMPTY"
"223503","Thick Sweater Size 2x","","CATEGORY_EMPTY"
"223699","VS PINK Mini Backpack Neon Coral","","CATEGORY_EMPTY"
"223771","CLEO Apparel Model Crop Sweater","","CATEGORY_EMPTY"
"223801","Nike Dri Fit Jacket","","CATEGORY_EMPTY"
"223924","The Boys In The Boat","","CATEGORY_EMPTY"
"223930","Juice Plus","","CATEGORY_EMPTY"
"224130","Kate Spade Pjs","","CATEGORY_EMPTY"
"224199","American Eagle Hi-rise Jegging Jeans","","CATEGORY_EMPTY"
"224250","BubbleGum Slime! Free Shipping:)","","CATEGORY_EMPTY"
"224305","Breast Cancer awareness Under Armour","","CATEGORY_EMPTY"
"224475","Lularoe Amelia","","CATEGORY_EMPTY"
"224520","100 Stickers ❤️","","CATEGORY_EMPTY"
"224798","Brandy Melville Gingham Dress","","CATEGORY_EMPTY"
"224816","Gold Filled Cross Pendant","","CATEGORY_EMPTY"
"224914","4 Japanese DIY Candy Packs","","CATEGORY_EMPTY"
"225772","Yu-Gi-Oh! TCG Galactic Overlord playmat","","CATEGORY_EMPTY"
"225857","AE Jegging super stretch","","CATEGORY_EMPTY"
"226038","Never Worn Skinny Jeans","","CATEGORY_EMPTY"
"226814","Dresses Size 12... Each 20.00","","CATEGORY_EMPTY"
"226827","ANDREW CHRISTIAN , JOCK STRAP","","CATEGORY_EMPTY"
"226839",""Dress Barn ""Collection"" LBD, 16"","","CATEGORY_EMPTY"
"227013","Patagonia Sticker","","CATEGORY_EMPTY"
"227095","BUNDLE for Pamie","","CATEGORY_EMPTY"
"227298","Purple Fishbowl Slime!Free Shipping:)","","CATEGORY_EMPTY"
"227874","Hot & delicious denim acid wash romper","","CATEGORY_EMPTY"
"227991","Fairytail Lucy's Keys","","CATEGORY_EMPTY"
"228030","Hollister Summer Top","","CATEGORY_EMPTY"
"228077","14g Nipple Bars","","CATEGORY_EMPTY"
"228965","Free ship Dip brow pomade dark brown","","CATEGORY_EMPTY"
"229315","Dog/Cat Carrier (blue)","","CATEGORY_EMPTY"
"229512","Inflatable Seal Bathtub","","CATEGORY_EMPTY"
"229779","Hand Relief Moisturizing Creme","","CATEGORY_EMPTY"
"229867","Staying Strong by Demi Lovato","","CATEGORY_EMPTY"
"231024","Zippo brushed chrome lighter","","CATEGORY_EMPTY"
"231527","Tupac shirt","","CATEGORY_EMPTY"
"231802","American Eagle Kick Boot Jeans","","CATEGORY_EMPTY"
"232010","you gotta want it by Jake Paul ON HOLD","","CATEGORY_EMPTY"
"232384","Reserved for John J Schools","","CATEGORY_EMPTY"
"232664","Baby Star Wars Clothing","","CATEGORY_EMPTY"
"232710","Crochet Top for Mackenzie Roberts","","CATEGORY_EMPTY"
"233360","Ralph Lauren Rocks Perfume","","CATEGORY_EMPTY"
"233460","TheVintageKittie - BUNDLE","","CATEGORY_EMPTY"
"233559","Sperry w/ Floral Design","","CATEGORY_EMPTY"
"233609","Hold For Sandy Unikiki 2.0 And Kaiju","","CATEGORY_EMPTY"
"233728","Poncho Sweater","","CATEGORY_EMPTY"
"234111","2 Piece Nautical Bundle- Mermaid Anchor","","CATEGORY_EMPTY"
"234156","Magic Kingdom Carousel Pin Set","","CATEGORY_EMPTY"
"234896","Adidas Girls Jogging Suit 5","","CATEGORY_EMPTY"
"235434","Lululemon","","CATEGORY_EMPTY"
"235761","Medium Size Bag","","CATEGORY_EMPTY"
"235921","Iridescent Turtle Belly Button Ring","","CATEGORY_EMPTY"
"235972","Black Off The Shoulder Dress","","CATEGORY_EMPTY"
"236364","Disney Parks Halloween Mini Mouse","","CATEGORY_EMPTY"
"236426","Tommy Hilfiger jacket","","CATEGORY_EMPTY"
"236584","4 Necklaces","","CATEGORY_EMPTY"
"236657","Rock Revival Jeans","","CATEGORY_EMPTY"
"237021","Rose Gold Colored Faux Septum Ring","","CATEGORY_EMPTY"
"237112","Harley Davidson Collector's set","","CATEGORY_EMPTY"
"237150","Assorted Stickers!","","CATEGORY_EMPTY"
"237355","ION Manga - paperback","","CATEGORY_EMPTY"
"237381","Bundle For Harleymomma","","CATEGORY_EMPTY"
"238535","Pumpkin Cup Cozy","","CATEGORY_EMPTY"
"238619","Large Monroe","","CATEGORY_EMPTY"
"239159","Coach Purse","","CATEGORY_EMPTY"
"239188","ONE","","CATEGORY_EMPTY"
"239435","All New Beauty Bundle","","CATEGORY_EMPTY"
"239504","For Deanna!","","CATEGORY_EMPTY"
"239727","Hatchimals Glittering Garden Owlicorns","","CATEGORY_EMPTY"
"239729","Victoria's​ Secret Jacket","","CATEGORY_EMPTY"
"239813","White And Silver Heels","","CATEGORY_EMPTY"
"240610","Shakers On Hold For Greatfinds4u","","CATEGORY_EMPTY"
"240662","Retro 5s","","CATEGORY_EMPTY"
"240867","LuLaRoe Joy XS","","CATEGORY_EMPTY"
"240870","Two Forever 21 Rust and black bodysuit","","CATEGORY_EMPTY"
"241195",""Curry 2 ""dub nation"","","CATEGORY_EMPTY"
"241278","3XL LuLaRoe Nicole","","CATEGORY_EMPTY"
"241689","young and reckless beanie","","CATEGORY_EMPTY"
"241743","Coca Cola Items","","CATEGORY_EMPTY"
"241913","Lot for Tina Denise","","CATEGORY_EMPTY"
"241998","Jordan Outfits","","CATEGORY_EMPTY"
"242488","PINK Long Sleeve Shirt","","CATEGORY_EMPTY"
"242881","LuLaRoe Small Cassie","","CATEGORY_EMPTY"
"243216","Hollister Men's Vest","","CATEGORY_EMPTY"
"243375","Vans Size 8.5 MENS/ 10 WOMENS","","CATEGORY_EMPTY"
"243790","Black MK Purse","","CATEGORY_EMPTY"
"244058","15 Supreme PVC Stickers","","CATEGORY_EMPTY"
"244114","Tory Burch Purse Brand New!","","CATEGORY_EMPTY"
"244258","Toddler Lot H&M and Target","","CATEGORY_EMPTY"
"244752","Bebe Shoes","","CATEGORY_EMPTY"
"244756","Womens mystery box!","","CATEGORY_EMPTY"
"245313","Lularoe Amelia Dress","","CATEGORY_EMPTY"
"245395","Wayne's World","","CATEGORY_EMPTY"
"245674","Bart Simpson patch","","CATEGORY_EMPTY"
"245817","Mini deep dome","","CATEGORY_EMPTY"
"245962","Zara Collared Top","","CATEGORY_EMPTY"
"246457","Full Art Trainer N","","CATEGORY_EMPTY"
"246961","Salt Life Tank","","CATEGORY_EMPTY"
"247349","Maternity Belt","","CATEGORY_EMPTY"
"247895","Kate Spade Notebook","","CATEGORY_EMPTY"
"247933","How To Read Literature Like A Professor","","CATEGORY_EMPTY"
"248285","Hot Pink Necklace","","CATEGORY_EMPTY"
"248318","Navy Blue Birkenstocks 39N","","CATEGORY_EMPTY"
"248348","On Hold","","CATEGORY_EMPTY"
"248420","Red lace dress size L","","CATEGORY_EMPTY"
"248470","Gate House Electronic Keypad Deadbolt","","CATEGORY_EMPTY"
"248488","Elder Wand","","CATEGORY_EMPTY"
"248553","Funny Baby Onsie","","CATEGORY_EMPTY"
"248674","Fashion Nova Canopy Jeans","","CATEGORY_EMPTY"
"248722","2 mini sushi patches","","CATEGORY_EMPTY"
"248837","Blender And Coffee Machine","","CATEGORY_EMPTY"
"249439","Books","","CATEGORY_EMPTY"
"249448","Polo Ralph Lauren Shoes Size 10","","CATEGORY_EMPTY"
"249904","Grid Patterned Shirt","","CATEGORY_EMPTY"
"250106","Vintage Camera","","CATEGORY_EMPTY"
"250468","7x Yugioh Fairy Common Cards","","CATEGORY_EMPTY"
"250147","Rylies Order","","CATEGORY_EMPTY"
"250216","2014 Topps MiLB Heritage Aaron Judge","","CATEGORY_EMPTY"
"250739","Both Under Armor, Sweats, And Pink Tee","","CATEGORY_EMPTY"
"252484","LPS WITH RARE PURPLE EYES (on Hold)","","CATEGORY_EMPTY"
"252575","American Eagle Shoes","","CATEGORY_EMPTY"
"252590","Black Toms","","CATEGORY_EMPTY"
"252647","VTG Tommy Hilfiger crewneck","","CATEGORY_EMPTY"
"252834",""Vintage Oil Lantern Approx 14"""","","CATEGORY_EMPTY"
"252964","Vintage Shopping Bundle","","CATEGORY_EMPTY"
"253599","For Lovebug","","CATEGORY_EMPTY"
"253909","Free People We The Free Top","","CATEGORY_EMPTY"
"254119","Preggers Grey Tee","","CATEGORY_EMPTY"
"254541","BUNDLE FOR LED","","CATEGORY_EMPTY"
"254583","Brandy Melville donut","","CATEGORY_EMPTY"
"254631","Full Art Trainer Professor Sycamore","","CATEGORY_EMPTY"
"254760","Equine Couture Darsy Breeches Size 34","","CATEGORY_EMPTY"
"254821","Marilyn Monroe Sweater","","CATEGORY_EMPTY"
"255042","Sheamostire Baby (2)","","CATEGORY_EMPTY"
"255818","Paintball gun","","CATEGORY_EMPTY"
"255860","Funko Pop! Jacob And Evie Frye","","CATEGORY_EMPTY"
"255896","Eric Dickerson Jersey Card /249","","CATEGORY_EMPTY"
"256167","Medium Dog Cat Denim Oshkosh Harness","","CATEGORY_EMPTY"
"256383","The Alchemist!","","CATEGORY_EMPTY"
"256521","Silver Mica Glitter Stage Drag Make Up","","CATEGORY_EMPTY"
"256537","New york & company pantyhose lot of 36","","CATEGORY_EMPTY"
"256559","Mawile Holo","","CATEGORY_EMPTY"
"256786","Turquoise Steve Madden Handbag","","CATEGORY_EMPTY"
"256957","Billabong Stickers","","CATEGORY_EMPTY"
"257189","Pentagram patch","","CATEGORY_EMPTY"
"257354","Blue Flower Charm","","CATEGORY_EMPTY"
"257356","Kylie Cosmetics Lipkit In Candy K!!","","CATEGORY_EMPTY"
"257624","Juul","","CATEGORY_EMPTY"
"257661","Bh Cosmetics Brush","","CATEGORY_EMPTY"
"257953","Light pink cosmetics bag w/makeup","","CATEGORY_EMPTY"
"258095","brazil butt lift set","","CATEGORY_EMPTY"
"258105","**Reserved** April Loveall","","CATEGORY_EMPTY"
"258254","Hello Kitty Headphones","","CATEGORY_EMPTY"
"258347","New Disney Moana kids costume","","CATEGORY_EMPTY"
"258925","SLOW RISING COOKIE SQUISHY!!!","","CATEGORY_EMPTY"
"259408","14k 12mm Cuban Bracelet & Chain Diamond","","CATEGORY_EMPTY"
"259613","2g Interchangeable Color Plugs","","CATEGORY_EMPTY"
"259618","Nike Hypershift NBA Rockets Exclusive","","CATEGORY_EMPTY"
"260001","Tokyo H&M sweater","","CATEGORY_EMPTY"
"260462","Reebok GL6000 women size 6","","CATEGORY_EMPTY"
"260503","Alien Crop Top Sweatshirt","","CATEGORY_EMPTY"
"260639","Bottle warmer","","CATEGORY_EMPTY"
"260750","NWOT Betsey Johnson Leggings","","CATEGORY_EMPTY"
"260767","1982 World's Fair","","CATEGORY_EMPTY"
"260843","Billabong Dress For Jeeknee","","CATEGORY_EMPTY"
"261087","Bundle For Kar","","CATEGORY_EMPTY"
"261098","Too faced Perfect Flush Blush","","CATEGORY_EMPTY"
"261290","Gucci Bamboo Perfume","","CATEGORY_EMPTY"
"261669","Lps Shorthair Cat","","CATEGORY_EMPTY"
"261792","Crystal Pave Belly Button Ring","","CATEGORY_EMPTY"
"261857","Grey Toms","","CATEGORY_EMPTY"
"261903","200 Multi-Colored Hallmark Envelopes","","CATEGORY_EMPTY"
"261913","American Eagle Bermuda Shorts","","CATEGORY_EMPTY"
"261948","Listing for lannaaxo only","","CATEGORY_EMPTY"
"262033","Kendall & Kylie Knot Floral Romper Size","","CATEGORY_EMPTY"
"262339","Rae Dunn Bewitched mug","","CATEGORY_EMPTY"
"262672","Makeup Bundle! 3 Eyeshadow, 3Lip Colors","","CATEGORY_EMPTY"
"262675","Distressed Hollister Shorts","","CATEGORY_EMPTY"
"262707","Bundle for mamaro","","CATEGORY_EMPTY"
"262915","✨ 6 Chakra Crystal Set✨","","CATEGORY_EMPTY"
"263288","Two Joggers","","CATEGORY_EMPTY"
"263305","Aloette for @robin","","CATEGORY_EMPTY"
"263550","Bundle for KristiErin","","CATEGORY_EMPTY"
"263620","Hold For Skye Rose Boutique","","CATEGORY_EMPTY"
"263676","Nike Roshe Runs","","CATEGORY_EMPTY"
"263958","Gold Fidget Spinner","","CATEGORY_EMPTY"
"265043","Unown B","","CATEGORY_EMPTY"
"265126","calvin klein crop top/bralette","","CATEGORY_EMPTY"
"265150","Fancy Love Jessica Simpson Perfume","","CATEGORY_EMPTY"
"265271","PINK Crewneck","","CATEGORY_EMPTY"
"265286","Disney Bundle","","CATEGORY_EMPTY"
"265351","Bundle for @KpopFan013","","CATEGORY_EMPTY"
"265517","NWT Authentics Jeans 40x30","","CATEGORY_EMPTY"
"265541","Beach Women's Dress","","CATEGORY_EMPTY"
"265682","Rose Gold Opal Nipple Rings & Belly Ring","","CATEGORY_EMPTY"
"265740","Money Jogger Shorts","","CATEGORY_EMPTY"
"265875","Lularoe Disney Little Mermaid Carly L","","CATEGORY_EMPTY"
"265977","Pink Wallet Clutch Purse","","CATEGORY_EMPTY"
"266312","Outdoor Bark Control ultra sonic","","CATEGORY_EMPTY"
"268191","Victoria Secret Duffel","","CATEGORY_EMPTY"
"268321","Power Rangers Titanus","","CATEGORY_EMPTY"
"268528","Release Your Anger Midnight Edition","","CATEGORY_EMPTY"
"268763",""2.5"" SleekEZ Grooming Brush"","","CATEGORY_EMPTY"
"269003","Brandy Melville Blue Tube Top (on Hold )","","CATEGORY_EMPTY"
"269146","Adidas Crop Top","","CATEGORY_EMPTY"
"269481","Victoria's Secret PINK Gym Bag NWT","","CATEGORY_EMPTY"
"269511","Special bundle","","CATEGORY_EMPTY"
"269528","Rose Gold Polka Dotted Toms S7*on hold*","","CATEGORY_EMPTY"
"269765","POP Figure, Iron man (Unmasked)","","CATEGORY_EMPTY"
"270348","FS! Used One Size Red Kimono Like Robe","","CATEGORY_EMPTY"
"270648","Boohoo Alice Cut Out Peplum Shirt 18","","CATEGORY_EMPTY"
"271199","Batman vs superman Necklace","","CATEGORY_EMPTY"
"271505","New 12floz Victoria Secrets Coconut","","CATEGORY_EMPTY"
"271873","Floral Cold Shoulder Romper Size Medium","","CATEGORY_EMPTY"
"271930","2-Styrofoam mannequin heads","","CATEGORY_EMPTY"
"272032","COCO Mademoiselle CHANEL","","CATEGORY_EMPTY"
"272432","Bundle For Heather Storm","","CATEGORY_EMPTY"
"272789","H & M SLACKS BUNDLE","","CATEGORY_EMPTY"
"273124","bundle for julia","","CATEGORY_EMPTY"
"273353","Adidas Busenitz Pure Boost sz10.5","","CATEGORY_EMPTY"
"273558","Nightmare before Christmas purse","","CATEGORY_EMPTY"
"273796","Makeup Bag","","CATEGORY_EMPTY"
"273802","Vince Camuto cologne","","CATEGORY_EMPTY"
"273978","Assorted body jewlery","","CATEGORY_EMPTY"
"274012","AUTHENTIC LOUIS VUITTON SPPEDY 25","","CATEGORY_EMPTY"
"274326","Fairytella Small Piece","","CATEGORY_EMPTY"
"274404","Men's Brand New Tommy Bahama Tan Pants","","CATEGORY_EMPTY"
"274518","Nike Sweatshirt!!","","CATEGORY_EMPTY"
"274681","Buckle Sweater","","CATEGORY_EMPTY"
"274940","New Fox Face Pink Purse","","CATEGORY_EMPTY"
"275637","Puma Dress","","CATEGORY_EMPTY"
"275702","White Obey Long-Sleeve Shirt Size M","","CATEGORY_EMPTY"
"275704","Wedding","","CATEGORY_EMPTY"
"275834","GUC Skechers Slipon Shoes","","CATEGORY_EMPTY"
"275922","Waist Trainers","","CATEGORY_EMPTY"
"276022","Social Skills Guidebook","","CATEGORY_EMPTY"
"276164","Gray Casual","","CATEGORY_EMPTY"
"276574","North Face Two Piece Jacket","","CATEGORY_EMPTY"
"276591","Go Pro Hero 3","","CATEGORY_EMPTY"
"276732","Tammy Hembrow fitness Bundle","","CATEGORY_EMPTY"
"276778","Lion King Sweater","","CATEGORY_EMPTY"
"277207","crochet white shorts","","CATEGORY_EMPTY"
"277437","Chunky 7in bracelet","","CATEGORY_EMPTY"
"277496","Seresto Collar For Small Dogs","","CATEGORY_EMPTY"
"277658","Doug Martin Chrome Jersey Football Card","","CATEGORY_EMPTY"
"278036","Navy/White Striped Skater Dress","","CATEGORY_EMPTY"
"278303","Lane bryant 14 16 womens's skirt","","CATEGORY_EMPTY"
"278447","VANS SK8 Low","","CATEGORY_EMPTY"
"278605","Fall/Winter newborn clothes","","CATEGORY_EMPTY"
"278639","LulaRoe XS Carly","","CATEGORY_EMPTY"
"278897","Kitchen Confidential by Anthony Bourdain","","CATEGORY_EMPTY"
"278922","pink sweatshirt","","CATEGORY_EMPTY"
"279008","Sterling silver sand dollar charm","","CATEGORY_EMPTY"
"279107","UD ULTIMATE BASICS NAKED NAKED PALETTE!","","CATEGORY_EMPTY"
"279387","Furminator Dog Cat Deshedding Brush Tool","","CATEGORY_EMPTY"
"279446","Laura Mercier Candlelight Powder","","CATEGORY_EMPTY"
"279507","VS Pink Half Zip","","CATEGORY_EMPTY"
"279787","Brand new--essential oil","","CATEGORY_EMPTY"
"280100","Victoria secret Perfumn","","CATEGORY_EMPTY"
"280529","Vintage Peanuts Camp Collection Glass","","CATEGORY_EMPTY"
"280577","Rize Button","","CATEGORY_EMPTY"
"281171","Disney Beauty and the Beast Polly Pocket","","CATEGORY_EMPTY"
"281790","Bundle For Melanie","","CATEGORY_EMPTY"
"281857","Brandy Melville Tilden Pants","","CATEGORY_EMPTY"
"281905","LuLaRoe 3XL Randy","","CATEGORY_EMPTY"
"282802","Green and black fall jacket","","CATEGORY_EMPTY"
"282804","Baby Pink Long Sleeve","","CATEGORY_EMPTY"
"283368","Bundle for datonagrl","","CATEGORY_EMPTY"
"283492","Reserved For Les","","CATEGORY_EMPTY"
"283515","Victoria's Secret Rapture","","CATEGORY_EMPTY"
"283712","White House Black Market Mules","","CATEGORY_EMPTY"
"283786","Women's Plaid Western Top","","CATEGORY_EMPTY"
"284279","Primed Poreless 100% Authentic","","CATEGORY_EMPTY"
"284426","Mike Stanton Rookie Baseball Card","","CATEGORY_EMPTY"
"284670","***Elizabeth's Bundle***","","CATEGORY_EMPTY"
"284914","Random Bundle !","","CATEGORY_EMPTY"
"285223","Ghosts By Raina Telgemeier","","CATEGORY_EMPTY"
"286074","Black Denim Distressed Shorts","","CATEGORY_EMPTY"
"286146","B&BW NEW vanilla infused lounge socks","","CATEGORY_EMPTY"
"286162","Black Express Sweater Shrug, XS","","CATEGORY_EMPTY"
"286464","Professional Dog Grooming Clippers Kit","","CATEGORY_EMPTY"
"286625","Bundle (on hold )","","CATEGORY_EMPTY"
"287238","Under Armour","","CATEGORY_EMPTY"
"288835","Clarks Wallabees","","CATEGORY_EMPTY"
"287444","DVD - POWER RANGERS","","CATEGORY_EMPTY"
"287741","Oster dog Nail Clippers","","CATEGORY_EMPTY"
"287943","Jimmy Choo","","CATEGORY_EMPTY"
"288153","Heather Grey Knit Sweater","","CATEGORY_EMPTY"
"288212","Repunzel bow holder! Can customize it!","","CATEGORY_EMPTY"
"288419","Blessed Bundle!","","CATEGORY_EMPTY"
"288656","INR PLUS STRIPS","","CATEGORY_EMPTY"
"288876","Dallas Cowboys Sweater","","CATEGORY_EMPTY"
"288910","NWT PINK Sweatshirt","","CATEGORY_EMPTY"
"288964","Bundle For Taityana","","CATEGORY_EMPTY"
"289186","Custom Listing For amberdecker","","CATEGORY_EMPTY"
"289376","Like New Hiddennlove Items Must Go","","CATEGORY_EMPTY"
"289529","Maroon and grey sweater","","CATEGORY_EMPTY"
"289790","HOLD FOR PNCFAM0213","","CATEGORY_EMPTY"
"290194","Body cream","","CATEGORY_EMPTY"
"290222","Large Tall long sleeve black shirt","","CATEGORY_EMPTY"
"290293","Chester And Charmi","","CATEGORY_EMPTY"
"291060","Tommy Hilfiger","","CATEGORY_EMPTY"
"291101","4 10FT Lightning Cable for iPhone","","CATEGORY_EMPTY"
"291131","Gold Owl Feather Belly Button Ring","","CATEGORY_EMPTY"
"291328","Skeleton One Piece Bodysuit","","CATEGORY_EMPTY"
"291459","Watch Dogs And Transformers Game Bundle","","CATEGORY_EMPTY"
"291462","Pink Polka Dot Dog","","CATEGORY_EMPTY"
"292148","Sterling Turquoise Bee","","CATEGORY_EMPTY"
"292927","Gray Deer Dog PJ Size Small","","CATEGORY_EMPTY"
"293172","maroon/burgundy knit cardigan","","CATEGORY_EMPTY"
"293376","Outward Hound Dog Life Jacket","","CATEGORY_EMPTY"
"293547","Reserved LuLaRoe Nicole Dress | Size L","","CATEGORY_EMPTY"
"293559","Wedding Decor","","CATEGORY_EMPTY"
"293578","CACIQUE LANE BRYANT SWIMSUIT TOP","","CATEGORY_EMPTY"
"293759","IPhone 5s, 5 Case","","CATEGORY_EMPTY"
"293825","DS LITE Rose Gold w/ Charger","","CATEGORY_EMPTY"
"293902","A California Childhood- James Franco","","CATEGORY_EMPTY"
"294045","American Eagle","","CATEGORY_EMPTY"
"294249","Jordan Infrared 6's","","CATEGORY_EMPTY"
"294311","Black Jumpsuit","","CATEGORY_EMPTY"
"294375","Vanilla Lace and Endless Love","","CATEGORY_EMPTY"
"294418","Victorias secret bra","","CATEGORY_EMPTY"
"294791","Twenty One Pilots Jacket","","CATEGORY_EMPTY"
"294881","3 Apple iPhone cables and adapter","","CATEGORY_EMPTY"
"295077","Red Suede Thigh High Boots","","CATEGORY_EMPTY"
"295233","Jar Of Jewelry","","CATEGORY_EMPTY"
"295414","Francesca's Lacey Top","","CATEGORY_EMPTY"
"295417","3pc Orange &Almond Milk Soap","","CATEGORY_EMPTY"
"295449","Maira Bundle","","CATEGORY_EMPTY"
"295570","Michael Kors Sandals","","CATEGORY_EMPTY"
"295797","Set of 40 toy cars and three toy trucks","","CATEGORY_EMPTY"
"295856","Boys robes lot of 2 sharks or polar bear","","CATEGORY_EMPTY"
"296136","Bare Minerals Matte Powder Foundation","","CATEGORY_EMPTY"
"296290","BNWT Youth Sz Medium UA Shirt","","CATEGORY_EMPTY"
"296872","Bundle of 4 shirts with matching scarfs","","CATEGORY_EMPTY"
"297111","QUEEN CASE!","","CATEGORY_EMPTY"
"297253","Bundle For Nunya","","CATEGORY_EMPTY"
"297285","Lularoe 3XL Irma EUC [rm]","","CATEGORY_EMPTY"
"297519","Shrugs: Black (6) Silver (1)","","CATEGORY_EMPTY"
"297753","Nerf Rival Mxv-1200","","CATEGORY_EMPTY"
"297777","Lularoe Lola XL EUC","","CATEGORY_EMPTY"
"298186","KAWS X PEANUTS TOY (SMALL)","","CATEGORY_EMPTY"
"298212","Pins For Lostinbubbles","","CATEGORY_EMPTY"
"298397","2 Bags Of Dog Treats","","CATEGORY_EMPTY"
"298851","New Viral​ pastel light pink color wash","","CATEGORY_EMPTY"
"299161","Reserved listing for Linda Rose","","CATEGORY_EMPTY"
"299654","Blue Sky Scrub Set Small","","CATEGORY_EMPTY"
"299664","Children's Place 0-3m Dressy Outfit","","CATEGORY_EMPTY"
"299794","Vintage Pottery Blue Band Bowl","","CATEGORY_EMPTY"
"299877","Brand new Victoria Secret PINK Blanket","","CATEGORY_EMPTY"
"300400","Seahawks dog hooded tshirt","","CATEGORY_EMPTY"
"300678","Apple Watch Series 2","","CATEGORY_EMPTY"
"301692","Shaq Rookie Card","","CATEGORY_EMPTY"
"301758","Red & Black Jacquard Carly Medium","","CATEGORY_EMPTY"
"301795","Herschel Supply Co wallet","","CATEGORY_EMPTY"
"301964","Lululemon Forward Fold Wide Leg Pant","","CATEGORY_EMPTY"
"302229","Boy dog belly band med","","CATEGORY_EMPTY"
"302855","Disney Princess Sing A Long Castle","","CATEGORY_EMPTY"
"302994","Free Ship! 15 Dresses Bundle","","CATEGORY_EMPTY"
"303101","Bundle reserved for Joe Banda","","CATEGORY_EMPTY"
"303543","For Sara:))","","CATEGORY_EMPTY"
"303974","Louis Vuitton Pochette Accessoire","","CATEGORY_EMPTY"
"304044","Stress ball","","CATEGORY_EMPTY"
"304215","Lularoe large Carly w/ 2 TC leggings","","CATEGORY_EMPTY"
"304278","Sndher411 Custom Bundle Mix","","CATEGORY_EMPTY"
"304383","Urban Decay All Nighter Foundation","","CATEGORY_EMPTY"
"304678","2 Boxes.","","CATEGORY_EMPTY"
"305103","Southwestern Sterling Horse Pin","","CATEGORY_EMPTY"
"306282","Boy's Pajama Sets","","CATEGORY_EMPTY"
"306430","Bell Bottom Pants","","CATEGORY_EMPTY"
"306620","Fabian Moreau + Haason Reddick Autos","","CATEGORY_EMPTY"
"306679","Easy Target Arrow patch","","CATEGORY_EMPTY"
"307524","Men Cologne Sample Lot","","CATEGORY_EMPTY"
"307934","40 Fake Wisteria Stems","","CATEGORY_EMPTY"
"308138","Bundle For Momma Of Five","","CATEGORY_EMPTY"
"308851","Steve Madden Wedges","","CATEGORY_EMPTY"
"309175","Burt's Bees For Dogs Set FREE SHIP","","CATEGORY_EMPTY"
"309410","Blue Denim Levi Jeans","","CATEGORY_EMPTY"
"309483","Rare pokémon card 114/113 full art gold","","CATEGORY_EMPTY"
"309578","Nightmare Before Christmas skull Lot","","CATEGORY_EMPTY"
"313667","Set Of 2 16 Oz, Tervis Tumblers","","CATEGORY_EMPTY"
"309700","Boho Dress Size Large","","CATEGORY_EMPTY"
"310091","Sexy Denim Jumpsuit / Overall","","CATEGORY_EMPTY"
"310373","2 Pairs Of High Heels","","CATEGORY_EMPTY"
"310948","Lularoe Cassie skirt NWT","","CATEGORY_EMPTY"
"311045","Custom Listing For Jofoxy11","","CATEGORY_EMPTY"
"311103","Mauve Maxi Dress Beautiful","","CATEGORY_EMPTY"
"311258","Rotom Dex (Secret) Sun & Moon 159/149","","CATEGORY_EMPTY"
"311762","WWE 2K16 FOR PS4!","","CATEGORY_EMPTY"
"312512","Ipsy Make Up Bag Filled Up And Overflowi","","CATEGORY_EMPTY"
"313177","Talbots shirt bundle","","CATEGORY_EMPTY"
"313370","3DS XL W/ CASE & CHARGER","","CATEGORY_EMPTY"
"313393","VS PINK grey quarter zip","","CATEGORY_EMPTY"
"313817","Giovi sun glow bronzer only","","CATEGORY_EMPTY"
"321366","Resident Evil 0,1, And Code Veronica X","","CATEGORY_EMPTY"
"313863","Rock Collection","","CATEGORY_EMPTY"
"314031","Disney On A Dime","","CATEGORY_EMPTY"
"314354","Charizard Holo x2","","CATEGORY_EMPTY"
"314506","Reserved For Joy","","CATEGORY_EMPTY"
"314902","Latias Full Art","","CATEGORY_EMPTY"
"315023","Cute brown Lace Up Heel!","","CATEGORY_EMPTY"
"315083","Red Tom's (like) Shoes!","","CATEGORY_EMPTY"
"315146","Indian motorcycle Company","","CATEGORY_EMPTY"
"315365","Poka Dot Dress","","CATEGORY_EMPTY"
"315907","Ricchan Custom Ultra Pro 9 Pocket Lot","","CATEGORY_EMPTY"
"316462","Simply Southern Long Sleeve","","CATEGORY_EMPTY"
"316809","Victorias Secret Oversized sweats","","CATEGORY_EMPTY"
"317050","PINK SWEATPANTS","","CATEGORY_EMPTY"
"317360","Bundle For Love of Lilly","","CATEGORY_EMPTY"
"317669","Blue And Green Tapestry","","CATEGORY_EMPTY"
"317921","Bose Quiet comfort 2 Noise Cancelling Hp","","CATEGORY_EMPTY"
"317931","2016 WWE divas 12 card lot","","CATEGORY_EMPTY"
"317984","Mega Stone Necklace","","CATEGORY_EMPTY"
"318389","Thrive Patches - Larger","","CATEGORY_EMPTY"
"319275","Cargo style skirt + navy shirt","","CATEGORY_EMPTY"
"319360","*BUNDLE for Mindy*","","CATEGORY_EMPTY"
"319521","Black And Grey Striped Shirt","","CATEGORY_EMPTY"
"319635","Leather Vans","","CATEGORY_EMPTY"
"319790","Razer Deathstalker Croma","","CATEGORY_EMPTY"
"319946","NWT LuLaRoe leggings","","CATEGORY_EMPTY"
"320102","EUC LOUIS VUITTON multicolor Sandals-","","CATEGORY_EMPTY"
"320203","C H An E L. Gold Toned Pearl Brooch","","CATEGORY_EMPTY"
"320395","The LOVELY BONES","","CATEGORY_EMPTY"
"320497","Nice 9 West metal belt awesome looking a","","CATEGORY_EMPTY"
"321120","Google Home","","CATEGORY_EMPTY"
"321475","Bundle Reserved For Tattooed_mommy","","CATEGORY_EMPTY"
"321654","Milk Girl PVC Keychain","","CATEGORY_EMPTY"
"321849","Purple Pet Harness","","CATEGORY_EMPTY"
"321891","Chobits manga w/ art book","","CATEGORY_EMPTY"
"322195","LuLaRoe Holiday Kids L/XL Star Leggings","","CATEGORY_EMPTY"
"322507","Jessica Simpson Maternity Jeans","","CATEGORY_EMPTY"
"323210","Glass Baby Bottles","","CATEGORY_EMPTY"
"323567","Girls Shorts Bundle","","CATEGORY_EMPTY"
"323582","Instant mesh guard zebra","","CATEGORY_EMPTY"
"323963","Deadpool patch","","CATEGORY_EMPTY"
"324039","Funko Pop! - Eleventh Doctor (Spacesuit)","","CATEGORY_EMPTY"
"324328","Bachelorette Party Pack","","CATEGORY_EMPTY"
"324390","2pcs Citrus Turmeric Soaps","","CATEGORY_EMPTY"
"324411","Women's nike sweatshirt hoodie size L","","CATEGORY_EMPTY"
"324531","Shawn Mendes Bracelet","","CATEGORY_EMPTY"
"324980","New York Cropped Sweater","","CATEGORY_EMPTY"
"325241","Gray lace Monroe, size L","","CATEGORY_EMPTY"
"325403","Designer Skin Tiny Bubbles","","CATEGORY_EMPTY"
"327271","Skin care beauty samples !!!","","CATEGORY_EMPTY"
"326448","Army Pants","","CATEGORY_EMPTY"
"327373","Flower Boutique Romper","","CATEGORY_EMPTY"
"327376","RESERVED FOR KELLY SKAGGS","","CATEGORY_EMPTY"
"327396","Slate Blue Medium Lularoe Carly","","CATEGORY_EMPTY"
"327754","Bundle for D-Bombs","","CATEGORY_EMPTY"
"327938","Black Express Glasses","","CATEGORY_EMPTY"
"328092","Brand new Chrome Zippo","","CATEGORY_EMPTY"
"328327","2 Lone Ranger Mini Tin Lunch Boxes","","CATEGORY_EMPTY"
"328462","Blush Dress","","CATEGORY_EMPTY"
"328543","Limited Edition Disney Minnie Mouse Vans","","CATEGORY_EMPTY"
"328647","Items for Caramel78225","","CATEGORY_EMPTY"
"328731","Weller solder iron pen with stand","","CATEGORY_EMPTY"
"328912","Old Ipod","","CATEGORY_EMPTY"
"328966","Baby boy set","","CATEGORY_EMPTY"
"329358","4 Pairs Of Pants All Size 3","","CATEGORY_EMPTY"
"329441","Pink Lanyard","","CATEGORY_EMPTY"
"329839","Bioshock SONGBIRD Pop Figure","","CATEGORY_EMPTY"
"329951","White Ruffle Off The Shoulder Top","","CATEGORY_EMPTY"
"329963","Men's Stone Wash Bke Designer Jeans Sz33","","CATEGORY_EMPTY"
"330146","Maison Martin margiela","","CATEGORY_EMPTY"
"330228","Breast cancer hoodie","","CATEGORY_EMPTY"
"330305","LAMB Women's Ombré Colored Purse","","CATEGORY_EMPTY"
"330448","Black Champion Hoodie","","CATEGORY_EMPTY"
"330574","Cinch clip","","CATEGORY_EMPTY"
"330724","PK bundle","","CATEGORY_EMPTY"
"331363","For Lauren","","CATEGORY_EMPTY"
"331393","Oakland Raiders Coat","","CATEGORY_EMPTY"
"331413","Rae Dunn Eat Up Dog Bowl","","CATEGORY_EMPTY"
"332003","Polo Ralph Lauren","","CATEGORY_EMPTY"
"332108","Peach Squishy","","CATEGORY_EMPTY"
"332315","Boys 8/10 Lot Clothes","","CATEGORY_EMPTY"
"332654","Fangoria 117 Dust Devil Twin Peaks","","CATEGORY_EMPTY"
"332753","Silver Jeans Shorts","","CATEGORY_EMPTY"
"332942","Mossy Oak Dog Boots And Other Dog Items","","CATEGORY_EMPTY"
"334045","NWT Black Jacket","","CATEGORY_EMPTY"
"334102","On Hold- Current Mood Lock Creep","","CATEGORY_EMPTY"
"334234","Retractable dog leash. 15 lb dog.","","CATEGORY_EMPTY"
"334419","Ossur low walking boot/brace","","CATEGORY_EMPTY"
"334672","Breastmilk storage bags","","CATEGORY_EMPTY"
"334966","DOUBLE ADIDAS GALAXY STICKER a PACK","","CATEGORY_EMPTY"
"336273","RESERVED BUNDLE PINKBABE81","","CATEGORY_EMPTY"
"336292","Macy's pearl set","","CATEGORY_EMPTY"
"336426","Vintage Tommy Hilfiger mom jeans","","CATEGORY_EMPTY"
"336829","Belly Button Ring Pack","","CATEGORY_EMPTY"
"337339","Sam Bundle","","CATEGORY_EMPTY"
"337490","Attack On Titan Sweater","","CATEGORY_EMPTY"
"337618","The Bestiary From Teen Wolf","","CATEGORY_EMPTY"
"337834","Eleanor Rose Pumpkin Dress","","CATEGORY_EMPTY"
"337908","Belladonna Shoe Bundle","","CATEGORY_EMPTY"
"338026","RARE Aoyama Tokyo Waffle Squishy & Extra","","CATEGORY_EMPTY"
"338372","Thor (Fabrikations)","","CATEGORY_EMPTY"
"338430","Free People Cutoffs Size 26","","CATEGORY_EMPTY"
"338673","creme brûlée pods","","CATEGORY_EMPTY"
"339429","Reversible Adidas Coat","","CATEGORY_EMPTY"
"339533","Vintage Ronson Gas Lighter","","CATEGORY_EMPTY"
"339695","LPS Accessories","","CATEGORY_EMPTY"
"340170","cash register","","CATEGORY_EMPTY"
"340442","Burberry Perfume","","CATEGORY_EMPTY"
"341109","Under Armour cargo shorts","","CATEGORY_EMPTY"
"341267","Thank♡ you for shopping my page.","","CATEGORY_EMPTY"
"341577","Enzo Cass Breeze for tyson","","CATEGORY_EMPTY"
"341642","Vans Floral Black And grey Shoes","","CATEGORY_EMPTY"
"341665","Samsung Galaxy S8 Hybrid Case","","CATEGORY_EMPTY"
"342266","Zara Beige And White Striped Dress Pants","","CATEGORY_EMPTY"
"342357","Thrive Men's Capsules","","CATEGORY_EMPTY"
"342793","Vintage 80s / 90s Workout Set","","CATEGORY_EMPTY"
"343086","Bundle For Andy001","","CATEGORY_EMPTY"
"343294","Mermaid Pocketbac Holder","","CATEGORY_EMPTY"
"343322","Small Functioning Vending Machine","","CATEGORY_EMPTY"
"343398","Pin-up Minnie costume","","CATEGORY_EMPTY"
"343417","(2)Calvin Klein FREE FAST SHIPPING Large","","CATEGORY_EMPTY"
"343442","Blk Levis Trucker Jacket And Vans Beanie","","CATEGORY_EMPTY"
"343494","LLR Disney Little Mermaid Triton Carly M","","CATEGORY_EMPTY"
"343923","Bubble Umbrella","","CATEGORY_EMPTY"
"344151","Nicki Minaj Semi Crop Tank","","CATEGORY_EMPTY"
"344634","Lauren Graham Book","","CATEGORY_EMPTY"
"344752","ZALES Sterling silver set","","CATEGORY_EMPTY"
"344893","America Eagle Jeggins - Extra Long 12","","CATEGORY_EMPTY"
"345091","Doctor Strange Eye Necklace","","CATEGORY_EMPTY"
"345424","Juicy Couture perfume","","CATEGORY_EMPTY"
"345434","NWT Lularoe Amelia Dress","","CATEGORY_EMPTY"
"345473","Bundle for Genoveva Moreno","","CATEGORY_EMPTY"
"345746","Tv Scentsy","","CATEGORY_EMPTY"
"345769","Girl Last Seen","","CATEGORY_EMPTY"
"345876","Puppy Gap Hoodie","","CATEGORY_EMPTY"
"346228","Black Bandage Dress","","CATEGORY_EMPTY"
"346364","Bundle for Donday1_Jacky","","CATEGORY_EMPTY"
"346377","Angel Wedding Day Sign","","CATEGORY_EMPTY"
"346724","Star Wars / Magic Card Lot","","CATEGORY_EMPTY"
"346749","Forever 21 Knee Length Coat","","CATEGORY_EMPTY"
"347102","Plaid Long Sleeve Flannel Shirt (M)","","CATEGORY_EMPTY"
"347115","Marc Jacobs Neoprene Laptop Case (15 In)","","CATEGORY_EMPTY"
"347203","*duo* Gold Digger & Pearl","","CATEGORY_EMPTY"
"347576","Lps Reindeer","","CATEGORY_EMPTY"
"347579","E-juice","","CATEGORY_EMPTY"
"347716","NWT PINK Planner","","CATEGORY_EMPTY"
"348641","No Bark Dog Collar Training Kit BN","","CATEGORY_EMPTY"
"348678","Y632 and Y12black","","CATEGORY_EMPTY"
"348729","6 Large Supreme Pvc Stickers","","CATEGORY_EMPTY"
"348816","gems semi precious","","CATEGORY_EMPTY"
"348827","For Emily Martinez","","CATEGORY_EMPTY"
"349530","Vaporizer","","CATEGORY_EMPTY"
"349659","13 Chrome Le'Veon Bell Rookie Refractor","","CATEGORY_EMPTY"
"349762","Vera Bradley Bag & Coin Purse","","CATEGORY_EMPTY"
"350128","Pokemon ex full art","","CATEGORY_EMPTY"
"350972","Jurassic Park Ranger Patch","","CATEGORY_EMPTY"
"351159","14k Over 925 Silver 100 Diamond Pendant","","CATEGORY_EMPTY"
"351248","Bundle For BrookM","","CATEGORY_EMPTY"
"351358","Non prescription oversized glasses","","CATEGORY_EMPTY"
"351521","Harry Potter Half Sleeve Shirt","","CATEGORY_EMPTY"
"351729","Blue iPhone 6 / 6s Tech 21 Case","","CATEGORY_EMPTY"
"351912","Kendall And Kylie Blue Denim Dress","","CATEGORY_EMPTY"
"351990",""""bold and brash"" (handmade watercolor)"","","CATEGORY_EMPTY"
"352171","Dyson Pet Attachment","","CATEGORY_EMPTY"
"352476","Lace Toms","","CATEGORY_EMPTY"
"352499","Samsung Gear 360","","CATEGORY_EMPTY"
"352525","Super Mario Halloween Costume Size 2x","","CATEGORY_EMPTY"
"352599","Men's Green Black Osiris Skate Shoes","","CATEGORY_EMPTY"
"352840","Lucky Brand Key Fob","","CATEGORY_EMPTY"
"352936","Dolce and gabbana glasses frames","","CATEGORY_EMPTY"
"353078","Mac Lipstick Bundle In Angel And Fabby","","CATEGORY_EMPTY"
"353154","HOBO burgundy tote","","CATEGORY_EMPTY"
"353340","Plus Size Bathing Suit Package","","CATEGORY_EMPTY"
"353389","Misc decor","","CATEGORY_EMPTY"
"353448","Women's Paisley Ankle Strap Platforms","","CATEGORY_EMPTY"
"353842","Ralph Lauren Baby Polo","","CATEGORY_EMPTY"
"353902","Pokemon charizard gx x2 cards","","CATEGORY_EMPTY"
"354083","Fashionnova Lace Up Pants","","CATEGORY_EMPTY"
"354236","Fashion Nova To Play Pants- New","","CATEGORY_EMPTY"
"354806","Miu Miu Shoes","","CATEGORY_EMPTY"
"354873","The Compound Effect Book","","CATEGORY_EMPTY"
"354965","Nautica shorts size 36","","CATEGORY_EMPTY"
"355763","Aerie Pretzel Pin","","CATEGORY_EMPTY"
"359777","Size 7.5 Clarks Wallabee's","","CATEGORY_EMPTY"
"355927","PerfectlyPosh Spoiled","","CATEGORY_EMPTY"
"356158","3ds happy home designer","","CATEGORY_EMPTY"
"356468","Sequined, Bow Purse From Betsey Johnson","","CATEGORY_EMPTY"
"356909","Hollywood fashion tape only","","CATEGORY_EMPTY"
"357052","Tiffany & Co Boxes, Bag, And Pouches","","CATEGORY_EMPTY"
"357256","Golf Wang Shoes","","CATEGORY_EMPTY"
"357301","Baby Milestone Cards","","CATEGORY_EMPTY"
"357459","Non-Prescript Glasses","","CATEGORY_EMPTY"
"357567","3 nuk active cups","","CATEGORY_EMPTY"
"357653","The North Face Jacket","","CATEGORY_EMPTY"
"357760","St. John's Bay Mom Jeans","","CATEGORY_EMPTY"
"357842","ItWorks Bathroom Bundle","","CATEGORY_EMPTY"
"358609","Beverly Hills Polo Club Shorts + Shirt","","CATEGORY_EMPTY"
"359085","Etines Scout Shoes FREE SHIP","","CATEGORY_EMPTY"
"359090","Store credit cards value of 25 and 53","","CATEGORY_EMPTY"
"359216","American Eagle Fleece Shorts Medium","","CATEGORY_EMPTY"
"359276","Pet Grooming Clipper Kit for Dogs & Cats","","CATEGORY_EMPTY"
"359542","Empire Prevail Paintball Pants","","CATEGORY_EMPTY"
"359953","2 Jacket, 1 Shirt And Bottoms","","CATEGORY_EMPTY"
"360019","Plants And Crystals Bundle","","CATEGORY_EMPTY"
"360079","Maroon 3/4 Sleeve Shirt","","CATEGORY_EMPTY"
"360413","Reaction Kenneth Cole Purse NEW","","CATEGORY_EMPTY"
"360981","Tapu Lele GX!?","","CATEGORY_EMPTY"
"361400","ADIDAS TUBULAR SHADOW BLK/BLK","","CATEGORY_EMPTY"
"361647","Coach Shoulder Bag","","CATEGORY_EMPTY"
"361803","Pet Dremel","","CATEGORY_EMPTY"
"362750","Adult Onesie Pajamas Reindeer","","CATEGORY_EMPTY"
"362914","Rue 21 Jeans","","CATEGORY_EMPTY"
"363382","Old Kitchen Spices","","CATEGORY_EMPTY"
"363946","Girls white sierra ski pants","","CATEGORY_EMPTY"
"364101","Crest White Strips","","CATEGORY_EMPTY"
"364133","LuLaRoe Scarlett 12","","CATEGORY_EMPTY"
"364274","Nordstrom Black Cocktail Dress","","CATEGORY_EMPTY"
"364314","Women's Bundle","","CATEGORY_EMPTY"
"364368","God of Soles Reviver Sole Sauce","","CATEGORY_EMPTY"
"364620","Smoke & Carbon detector","","CATEGORY_EMPTY"
"364913","bundle :)","","CATEGORY_EMPTY"
"365276","Russian Wooden Toy","","CATEGORY_EMPTY"
"365402","Victoria Secret Pink Spray","","CATEGORY_EMPTY"
"365875","Essentials ChildProofing Kit 46 Pieces","","CATEGORY_EMPTY"
"366195","Free People Windbreaker Jacket","","CATEGORY_EMPTY"
"366247","13 Pounds Junk Jewelry Unsorted","","CATEGORY_EMPTY"
"366314","scrub top UA flower","","CATEGORY_EMPTY"
"366454",""""Merona"" High Heels"","","CATEGORY_EMPTY"
"366976","The Booty Barre Beginners and Beyond","","CATEGORY_EMPTY"
"367122","Nude high knee boots","","CATEGORY_EMPTY"
"367208","Magic the Gathering Eternal Masters","","CATEGORY_EMPTY"
"367843","Wildfox Flower Wreath Roadtrip Sweater","","CATEGORY_EMPTY"
"368002","LuLaRoe Bundle","","CATEGORY_EMPTY"
"368063","L.L. Bean Fluffy Brown Moccasins","","CATEGORY_EMPTY"
"368278",""7/8"" Pink Snakeskin Plugs"","","CATEGORY_EMPTY"
"368429","Dungeons & Dragons Player's Handbook","","CATEGORY_EMPTY"
"368796","3/4 Sleeve Boat Neck Cotton A. Eagle Top","","CATEGORY_EMPTY"
"368953","Nike Air Force 1","","CATEGORY_EMPTY"
"369126","Levi's 527 And 504 32x32 Men Jeans Pants","","CATEGORY_EMPTY"
"369331","Mini desert UVB lighting combo","","CATEGORY_EMPTY"
"369732","Rest In The Mourning By R.H Sin","","CATEGORY_EMPTY"
"370287","Brand New UA Med Duffle Bag","","CATEGORY_EMPTY"
"370555","Ford Cluster","","CATEGORY_EMPTY"
"370569","Supreme Brick","","CATEGORY_EMPTY"
"370649","Old Jordan Shoes","","CATEGORY_EMPTY"
"370661","Red small soft claws for cats","","CATEGORY_EMPTY"
"371132","LUSHLORD ONLY","","CATEGORY_EMPTY"
"371309","Pineapple Bathing Suit","","CATEGORY_EMPTY"
"371979","Ardell Lashes- Disney Collection","","CATEGORY_EMPTY"
"372175","F21 Nude Knit Bodysuit","","CATEGORY_EMPTY"
"372250","Cat in the Hat Print Custom Skirt sz 7","","CATEGORY_EMPTY"
"372538","Spiderman patch","","CATEGORY_EMPTY"
"372930","Burberry wallet","","CATEGORY_EMPTY"
"373123","Calvin Klein Underwear","","CATEGORY_EMPTY"
"373526","Just B top","","CATEGORY_EMPTY"
"394426","Disney Bambi sweater","","CATEGORY_EMPTY"
"373893","Vans","","CATEGORY_EMPTY"
"374135","Free People lace dress with slip under","","CATEGORY_EMPTY"
"374479","Hold For Alheli Soriano","","CATEGORY_EMPTY"
"374543","Patagonia Jacket","","CATEGORY_EMPTY"
"375095","Rare Pokémon Full Art Trainer N 101/101","","CATEGORY_EMPTY"
"375238","Anastasia Beverly Hills Brow Gel/pomade","","CATEGORY_EMPTY"
"375307","Bride & Babes Fanny Packs","","CATEGORY_EMPTY"
"375431","Free Shipping ⭐️ Pink Zebra Sprinkles","","CATEGORY_EMPTY"
"375993","Too Faced Chocolate Bon Bons Eye Palette","","CATEGORY_EMPTY"
"376031","Pyroar Holo","","CATEGORY_EMPTY"
"376992","Pokemon Vintage Plaque","","CATEGORY_EMPTY"
"377200","Bundle Of Sterling Silver Necklaces","","CATEGORY_EMPTY"
"377219","Loretta Knorr Set","","CATEGORY_EMPTY"
"377551","Womens Adidas Torsion sz 4","","CATEGORY_EMPTY"
"377761","Free Fast Shippin (2) New Calvin Klein L","","CATEGORY_EMPTY"
"377902","Houston Texans Pullover","","CATEGORY_EMPTY"
"377953","Cinderella Snow Globe Godmother","","CATEGORY_EMPTY"
"377999","*free ship* Fun, sassy tee","","CATEGORY_EMPTY"
"378167","James Avery Cross Pendant Free Ship","","CATEGORY_EMPTY"
"378254","NEW VS BOMBSHELL PERFUME FRAGRANCE","","CATEGORY_EMPTY"
"378324","RESERVED - CUSTOM ORDER","","CATEGORY_EMPTY"
"379130","Thrasher","","CATEGORY_EMPTY"
"379323","LuLaRoe Lola- XL, NWT","","CATEGORY_EMPTY"
"379382","Large Kate Spade Dust Bag","","CATEGORY_EMPTY"
"379872","Kat Von D Alchemist palette","","CATEGORY_EMPTY"
"379907","Steel Bone Bustier","","CATEGORY_EMPTY"
"379985","Exo terra small reptile den","","CATEGORY_EMPTY"
"380145","Blanket","","CATEGORY_EMPTY"
"380196","pokemon cards","","CATEGORY_EMPTY"
"380341","Sterling & 925 Bundle Reserve","","CATEGORY_EMPTY"
"380775",""Handmade ""Babe"" Resin Keychain"","","CATEGORY_EMPTY"
"381170","Madeline Dresses","","CATEGORY_EMPTY"
"381738","Silk Robe","","CATEGORY_EMPTY"
"381997","Victoria Secret Pink Perfume","","CATEGORY_EMPTY"
"382189","Back to school deal","","CATEGORY_EMPTY"
"382603","Regalo Extra Tall Widespan Safety Gate","","CATEGORY_EMPTY"
"382695","Lularoe Paisley Perfect T","","CATEGORY_EMPTY"
"382810","Nike Running Shoes !","","CATEGORY_EMPTY"
"383181","The North Face Men's Jacket","","CATEGORY_EMPTY"
"383215","Younique Tanning Lotion","","CATEGORY_EMPTY"
"383328","Curly Hair Care Products Bundle","","CATEGORY_EMPTY"
"383414","Baby stuff","","CATEGORY_EMPTY"
"383593","Sample Products With Free Shipping","","CATEGORY_EMPTY"
"383641","Maurice's Jeans","","CATEGORY_EMPTY"
"384921","Never Been Used Gloves PELAGIC","","CATEGORY_EMPTY"
"385347","For Liz","","CATEGORY_EMPTY"
"385668","HOLD 20g Playboy Nose Rings Deal","","CATEGORY_EMPTY"
"385760","PINK Bundle (Reserved)","","CATEGORY_EMPTY"
"386243","BTS Army Bomb Keychain (J-Hope)","","CATEGORY_EMPTY"
"386739","Reese's Puffs and Cheerios Race Cars","","CATEGORY_EMPTY"
"386383","Kirkland Size 2 Diapers","","CATEGORY_EMPTY"
"386622","Ivory ella limited edition pumpkin tee","","CATEGORY_EMPTY"
"386883","Gap Kids jean jacket size 6-7","","CATEGORY_EMPTY"
"386974","Topps 2017 Series 1 Aaron Judge RC #287","","CATEGORY_EMPTY"
"387266","2 pk Advantage multi for cats 9.1-18lbs","","CATEGORY_EMPTY"
"387298","Body Spray!","","CATEGORY_EMPTY"
"387410","Mega Houndoom Full Art Ex","","CATEGORY_EMPTY"
"387513","UNISEX-ONESIZE-ICE-GIRAFFE-ONESIE","","CATEGORY_EMPTY"
"387516","Silvia Browne","","CATEGORY_EMPTY"
"387974","Country Shirt","","CATEGORY_EMPTY"
"388716","BLEACH Manga Vols. 54 , 55 & 56","","CATEGORY_EMPTY"
"388757","Limited Edition Zox Wristbands","","CATEGORY_EMPTY"
"389256","Forever 21 Skirt 1X","","CATEGORY_EMPTY"
"389390","Chawa Chocolate Bread Squishy","","CATEGORY_EMPTY"
"390135","Slip and Slime","","CATEGORY_EMPTY"
"390654","Oldnavy stripe dress w/ gold shoes 0-3mo","","CATEGORY_EMPTY"
"391022","Body Waist Shaper Hot Gym Yoga Workout","","CATEGORY_EMPTY"
"391104","Princess Poppy Troll Hat","","CATEGORY_EMPTY"
"391243","FREE SHIP! 12 mo. Heartgard Plus!","","CATEGORY_EMPTY"
"391293","NIKE FLEX 2015 RN (TDV) ~ 5c","","CATEGORY_EMPTY"
"391420",""Mini Size ""Do the Hoola"""","","CATEGORY_EMPTY"
"391479","Kylie Orange Dress","","CATEGORY_EMPTY"
"391660","3 sets of shoelaces","","CATEGORY_EMPTY"
"391741","Tippmann Gryphon Paintball Gun","","CATEGORY_EMPTY"
"392240","Black American Eagle Jeans","","CATEGORY_EMPTY"
"392461","2 VS PINK ID card holder lanyards NEW","","CATEGORY_EMPTY"
"392736","Violette LipSense Unicorn","","CATEGORY_EMPTY"
"392793","Arden B Dress","","CATEGORY_EMPTY"
"392799","Bkr Glass Water bottle- Fabfitfun","","CATEGORY_EMPTY"
"392998","Bundle For Loune","","CATEGORY_EMPTY"
"393000","Nike slides","","CATEGORY_EMPTY"
"393474","belly button ring bundle","","CATEGORY_EMPTY"
"393651","Clothes Bundle Size 1X","","CATEGORY_EMPTY"
"393795","Vineyard Vines Navy Shep Shirt","","CATEGORY_EMPTY"
"394046","Jennifers Moon Child And Space Explorer","","CATEGORY_EMPTY"
"394301","Tshirt Dress","","CATEGORY_EMPTY"
"394601","Lularoe Large Amelia","","CATEGORY_EMPTY"
"395237","Betsey Johnson Striped Purse","","CATEGORY_EMPTY"
"395319","Black Distressed Jean Shorts","","CATEGORY_EMPTY"
"395512","Hyvent NorthFace Rain Jacket","","CATEGORY_EMPTY"
"395899","American Eagle Jean Bundle!","","CATEGORY_EMPTY"
"396623","NEW Victoria's Secret Metal Water Bottle","","CATEGORY_EMPTY"
"397103","Embroidered Top","","CATEGORY_EMPTY"
"397295","Custom listing for Incubusgirl925","","CATEGORY_EMPTY"
"397550","2 Facets Yarn Bundle","","CATEGORY_EMPTY"
"397578","NWT- Sz Medium Pet Shirt Top Paw","","CATEGORY_EMPTY"
"397734","FRIENDS","","CATEGORY_EMPTY"
"398020","VS Jacket Grey And White! Like New!","","CATEGORY_EMPTY"
"398186","RalphLauren Men's Polo Navy Blue/ White","","CATEGORY_EMPTY"
"398833","Grey hightop puma's","","CATEGORY_EMPTY"
"399099","2 pair Of Jeans","","CATEGORY_EMPTY"
"399125","COCO EAU DE PARFUM CHANEL","","CATEGORY_EMPTY"
"399177","Star Wars And Gollum Bundle","","CATEGORY_EMPTY"
"402086","Opalite Turtle Belly Button Ring","","CATEGORY_EMPTY"
"399569","Bundle For 0015are","","CATEGORY_EMPTY"
"399587","Dooney all weather","","CATEGORY_EMPTY"
"400063","Lunala Full Art Gx","","CATEGORY_EMPTY"
"400166","Small UGG Drawstring Sack","","CATEGORY_EMPTY"
"400379","Reserved For Lindsay Honey","","CATEGORY_EMPTY"
"400403","NWOT Black Infinity Cherokee Scrub Top","","CATEGORY_EMPTY"
"400423","Small Floral And Striped Randy","","CATEGORY_EMPTY"
"401201","Allyson","","CATEGORY_EMPTY"
"401374","TOBI Slit Leg Zip Up Skirt","","CATEGORY_EMPTY"
"401421","BUNDLE","","CATEGORY_EMPTY"
"401434","Lularoe Disney Size Large Carly","","CATEGORY_EMPTY"
"401548","Versace And Paco Rabanne","","CATEGORY_EMPTY"
"401647","[for natalie] Mew & Ho-Oh EX Bundle","","CATEGORY_EMPTY"
"401717","Requested bundle","","CATEGORY_EMPTY"
"402971","Harley Quinn clown costume","","CATEGORY_EMPTY"
"403286","Bundle for Kahlong","","CATEGORY_EMPTY"
"403432","FIGHT like a girl patch","","CATEGORY_EMPTY"
"403439","Pokémon Stuff","","CATEGORY_EMPTY"
"403524","Misc Lot Of Yarn Scraps","","CATEGORY_EMPTY"
"403698","Snowbuddy/bra Bundle for sixobeez123","","CATEGORY_EMPTY"
"403775","Stainless Steel Cups Set of 5","","CATEGORY_EMPTY"
"403781","JOHNSTON AND MURPHY SHOES","","CATEGORY_EMPTY"
"403795","RAW 96 cones","","CATEGORY_EMPTY"
"403827","Small Red Lularoe Carly","","CATEGORY_EMPTY"
"403874","Victoria's Secret Pink Pajama Pants","","CATEGORY_EMPTY"
"404038","New With Tags Madden Girl Backpack!!","","CATEGORY_EMPTY"
"404068","More Pics","","CATEGORY_EMPTY"
"404221","BABY FEEDING LOT","","CATEGORY_EMPTY"
"404911","Size Large Dress + Shirt","","CATEGORY_EMPTY"
"404928","Coach Slippers","","CATEGORY_EMPTY"
"405236","Abercrombie & Hollister Bundle","","CATEGORY_EMPTY"
"405318","Eco Styler Gel","","CATEGORY_EMPTY"
"405499","XXS Lularoe Carly- Leggings Material","","CATEGORY_EMPTY"
"406117","Steel blooming septum clicker 16g","","CATEGORY_EMPTY"
"406547","Samsung PL120 DualView 14.2 Camera","","CATEGORY_EMPTY"
"406585","Bundle For Got deal","","CATEGORY_EMPTY"
"406825","TI -84 Plus CE Graphing Calculator","","CATEGORY_EMPTY"
"407171","2 Men Nike Shirts","","CATEGORY_EMPTY"
"407270","FOR DAIKON HUGE Magic Card Lot","","CATEGORY_EMPTY"
"407271","Black Tribal Geometric Dress Size 3X","","CATEGORY_EMPTY"
"407904","FUJIFILM Instax Mini 8","","CATEGORY_EMPTY"
"408240","Bundle For Jessy4993","","CATEGORY_EMPTY"
"408326","Lot RESERVED For Dorkfish","","CATEGORY_EMPTY"
"408618","Moodstruck 3D Fiber Lashes","","CATEGORY_EMPTY"
"408721","Brown Wedges With Wood Heels","","CATEGORY_EMPTY"
"409177","Sand Cloud sweater","","CATEGORY_EMPTY"
"409383","Little boys pants outfit","","CATEGORY_EMPTY"
"409706","Mermaids Don't Do Homework Pocket Top","","CATEGORY_EMPTY"
"410277","Lightly Used Medela In Style Advanced","","CATEGORY_EMPTY"
"411431","Black Rose Bouquet","","CATEGORY_EMPTY"
"411606","Urban Decay Optical Primer","","CATEGORY_EMPTY"
"411810","LuLaRoe NWT XL Elegant Carly","","CATEGORY_EMPTY"
"411972","White Strapless Top","","CATEGORY_EMPTY"
"412097","Too Faced Gloss And 2 Blushes UNUSED","","CATEGORY_EMPTY"
"412386","Looney Tunes Lazy Sweater","","CATEGORY_EMPTY"
"412589","Wild And Breezy And Retro Cup","","CATEGORY_EMPTY"
"412735","Chance The rapper on teen vogue","","CATEGORY_EMPTY"
"412915","9 Pikachu Cards","","CATEGORY_EMPTY"
"413064","Lot 14 for Faustino","","CATEGORY_EMPTY"
"413919","Batman Pajama Set","","CATEGORY_EMPTY"
"414101","Break Free Ariana Grande Bracelet","","CATEGORY_EMPTY"
"414266","Reserved For Army Mom","","CATEGORY_EMPTY"
"414365","Minnie Mouse Pom Pom BLUE","","CATEGORY_EMPTY"
"414551","Ann Taylor Loft Bundle For Cvielma","","CATEGORY_EMPTY"
"415231","Victoria's Secret. Limited Edition","","CATEGORY_EMPTY"
"415533","Vera Bradley Wallet / Phone Holder","","CATEGORY_EMPTY"
"415683","Bosley Professional Strength Revive","","CATEGORY_EMPTY"
"416333","300pcs Mixed Rhinestones","","CATEGORY_EMPTY"
"416398","New Shopkins Season 8 Lot","","CATEGORY_EMPTY"
"416512","American Eagle Jegging","","CATEGORY_EMPTY"
"416697","Simparica","","CATEGORY_EMPTY"
"416863","Lularoe Xs Carly","","CATEGORY_EMPTY"
"416902","Black Floral Umbrella!","","CATEGORY_EMPTY"
"416956","cheer bundle","","CATEGORY_EMPTY"
"417321","Pumpkin Wax Warmer","","CATEGORY_EMPTY"
"417589","Rae Dunn Heart Spoon Rest","","CATEGORY_EMPTY"
"418856","Bundle!","","CATEGORY_EMPTY"
"419017","Chalkboard Frame","","CATEGORY_EMPTY"
"419153","Girls Surf Shorts With Lace Pockets","","CATEGORY_EMPTY"
"419176","Top And Shorts","","CATEGORY_EMPTY"
"419362","Century sparring gear","","CATEGORY_EMPTY"
"419555","Super Shields M And L","","CATEGORY_EMPTY"
"419859","Airmoji Sentsy Kit","","CATEGORY_EMPTY"
"420010","Authentic Leather Jacket","","CATEGORY_EMPTY"
"420075","Bundle For Jay","","CATEGORY_EMPTY"
"420083","Essentials Of Anatomy And Physiology 7e","","CATEGORY_EMPTY"
"420114","Vintage Toy Box Music Box Works Great!!!","","CATEGORY_EMPTY"
"420268","The North Face jacket coat","","CATEGORY_EMPTY"
"421200","Crossbody Wallet","","CATEGORY_EMPTY"
"420335","Puff Keychain","","CATEGORY_EMPTY"
"420869","RESERVED! Bugaboo Bee+ SHIPPING","","CATEGORY_EMPTY"
"420875","Nike Shorts","","CATEGORY_EMPTY"
"421656","7 New Boxes of O.B tampons","","CATEGORY_EMPTY"
"421873","Black Apple Watch","","CATEGORY_EMPTY"
"422338","Dooney & Bourke Mini Bag","","CATEGORY_EMPTY"
"422348","Rock Revival Men's Jeans Lot Size 38","","CATEGORY_EMPTY"
"422529","Cz white gold plated ring","","CATEGORY_EMPTY"
"422972","ugg slippers","","CATEGORY_EMPTY"
"423321","Stripe Tie Front Romper Playsuit M NEW","","CATEGORY_EMPTY"
"424725","Puppy set!!","","CATEGORY_EMPTY"
"424858","Steve Madden heels 6","","CATEGORY_EMPTY"
"425225","Sydney_582 Bundle","","CATEGORY_EMPTY"
"425890","Sexy Schoolgirl Costume Lingerie Set","","CATEGORY_EMPTY"
"425896","Kylie Cosmetics Tahiti Highlighter","","CATEGORY_EMPTY"
"425925","Adidas pants","","CATEGORY_EMPTY"
"425935","Leis","","CATEGORY_EMPTY"
"426008","Kaily C. Bundle","","CATEGORY_EMPTY"
"426030","Chinese Cat Coin Box ON HOLD","","CATEGORY_EMPTY"
"426398","VS PINK Chill Babe Popsicle Tank Top Set","","CATEGORY_EMPTY"
"426663","Custom Bundle","","CATEGORY_EMPTY"
"426914","Rae Dunn Be Mine Plate","","CATEGORY_EMPTY"
"427831","Kendra Scott Rose Gold Jon & Leanor set","","CATEGORY_EMPTY"
"428031","5 Rare Pokémon Cards","","CATEGORY_EMPTY"
"428163","Pink Tunic Hoodie","","CATEGORY_EMPTY"
"428239","American Eagle Mens Joggers","","CATEGORY_EMPTY"
"428321","American Eagle Skinny Jeans","","CATEGORY_EMPTY"
"428479","Bundle For AnimalCracker #11 & #19","","CATEGORY_EMPTY"
"428720","Foundations For Superior Performance","","CATEGORY_EMPTY"
"429406","Naruto Cosplay Headband","","CATEGORY_EMPTY"
"429459","Bundle For Silverstar29936","","CATEGORY_EMPTY"
"430074","Pokémon Cards","","CATEGORY_EMPTY"
"430378","Disney Cars Lithographs","","CATEGORY_EMPTY"
"430512","RESERVED","","CATEGORY_EMPTY"
"430608","bundle for Jessica Salas Rivera","","CATEGORY_EMPTY"
"430759","Express Perfume","","CATEGORY_EMPTY"
"430978","*GOLD VERSACE PENDANT*","","CATEGORY_EMPTY"
"431160","Boot Shapers","","CATEGORY_EMPTY"
"431339","Maroon Suede High Top Vans","","CATEGORY_EMPTY"
"431393","Vera Bradley Bag/Purse/Wallet Bundle","","CATEGORY_EMPTY"
"431507","Listing For Customer!","","CATEGORY_EMPTY"
"431526","2 Lush Jasmine & Henna Fluff-Ease","","CATEGORY_EMPTY"
"431815","SELLING FOR [rm]","","CATEGORY_EMPTY"
"431871","Golden Goddess Baby Phat Travel Perfume","","CATEGORY_EMPTY"
"432099","Bundle For Lilian Ayala","","CATEGORY_EMPTY"
"432475","**BUNDLE FIR BRITT","","CATEGORY_EMPTY"
"432778","Do Not Buy","","CATEGORY_EMPTY"
"434064","Lush Celebrate Body Lotion 225g","","CATEGORY_EMPTY"
"434483","Faded Glory Jeggings","","CATEGORY_EMPTY"
"434974","Bundle #2","","CATEGORY_EMPTY"
"435294","OK Computer, Radiohead (vinyl)","","CATEGORY_EMPTY"
"436074","Speed Racer Cars/Pokémon Coins Bundle","","CATEGORY_EMPTY"
"436180","XS Flexi Retractable Dog Leash 10ft","","CATEGORY_EMPTY"
"436327","Dog Hoodie Lot","","CATEGORY_EMPTY"
"436427","Rocket league for X box 1","","CATEGORY_EMPTY"
"436669","Vera Bradley lamp","","CATEGORY_EMPTY"
"436670","Roxy Sweater","","CATEGORY_EMPTY"
"436998","Free Ship! American Eagle Black Pants","","CATEGORY_EMPTY"
"437124","True Religion Denim Jeans","","CATEGORY_EMPTY"
"437323","Biggie Smalls Sweater","","CATEGORY_EMPTY"
"437333","Utility Jacket","","CATEGORY_EMPTY"
"437468","Anastasia Beverly Hills Contour Kit!","","CATEGORY_EMPTY"
"437559","Pink Deer Dog PJ Size Small","","CATEGORY_EMPTY"
"437964","Holding for Nina","","CATEGORY_EMPTY"
"438188","Younique Splurge Cream Shadow","","CATEGORY_EMPTY"
"438772","True Religion Men's Jeans","","CATEGORY_EMPTY"
"439493","Fashion Nova High Wasted jeans size5","","CATEGORY_EMPTY"
"439564","Blue-Eyes Chaos MAX Dragon GOLD RARE","","CATEGORY_EMPTY"
"439592","You Know Who You Are","","CATEGORY_EMPTY"
"439611","Nude Short Heels","","CATEGORY_EMPTY"
"439686","Bundle for ky","","CATEGORY_EMPTY"
"439918","LuLaRoe MADISON XL SKIRT","","CATEGORY_EMPTY"
"440153","2ds Starter kit","","CATEGORY_EMPTY"
"440221","Hey Y'all Trucker Hat- Coral","","CATEGORY_EMPTY"
"440728","Authentic Louis Vuitton Lock And Key","","CATEGORY_EMPTY"
"440945","Silver Plate Fork For David","","CATEGORY_EMPTY"
"440951","Super cute CROSSBODY PURSE(negotiable)","","CATEGORY_EMPTY"
"441724","LuLaRoe Unicorn Elegant Amelia","","CATEGORY_EMPTY"
"441918","Charlotte Russe Moto Jacket","","CATEGORY_EMPTY"
"442015","Pet Dog Cat Grooming Clippers Kit BN","","CATEGORY_EMPTY"
"442055","My Brain Is 90% Song Lyrics Pin","","CATEGORY_EMPTY"
"442342","Reserved For Bailey","","CATEGORY_EMPTY"
"442783","Buckle boutique top","","CATEGORY_EMPTY"
"442864","[rm] NWOT Buckle Affliction Top Large","","CATEGORY_EMPTY"
"443104","Gentleman Alliance For Buyer","","CATEGORY_EMPTY"
"443232","Free People Art School Cuff Thermal","","CATEGORY_EMPTY"
"443622","Armani jeans","","CATEGORY_EMPTY"
"443718","Brand New Calvin Klein Bodysuit","","CATEGORY_EMPTY"
"443765","Wagner College sweatshirt","","CATEGORY_EMPTY"
"443849","Bundle For Jonathan!","","CATEGORY_EMPTY"
"443967","Bundle for Annette","","CATEGORY_EMPTY"
"451857","Disney Minnie Mouse Solar Lamp Post","","CATEGORY_EMPTY"
"444581","Pokemon salazzle gx x2 cards","","CATEGORY_EMPTY"
"444703","Dog Lot","","CATEGORY_EMPTY"
"445038","Back To School Sweater Bundle","","CATEGORY_EMPTY"
"445191","Belly Button Rings","","CATEGORY_EMPTY"
"445233","Girls Nike Pro Cool/Casey S","","CATEGORY_EMPTY"
"445377","James Avery","","CATEGORY_EMPTY"
"445677","Men's Converse High Tops","","CATEGORY_EMPTY"
"445803","Lush 1000 Kisses Solid Perfume","","CATEGORY_EMPTY"
"445890","Vs pink sweater","","CATEGORY_EMPTY"
"446065","Disney Pin. Stitch Set Of 7.","","CATEGORY_EMPTY"
"446166","For TashaW4","","CATEGORY_EMPTY"
"446340","Cat Toy","","CATEGORY_EMPTY"
"446550","Into The Wild (Book)","","CATEGORY_EMPTY"
"446750","Girly Bundle (2)","","CATEGORY_EMPTY"
"446906","6 Cloth Pads","","CATEGORY_EMPTY"
"446997","For Celia","","CATEGORY_EMPTY"
"447212","Lularoe Medium Nicole Dress Medium","","CATEGORY_EMPTY"
"453824","Reserved for Cota","","CATEGORY_EMPTY"
"447647","Brown Suede wide Calf Boots Heels Size 8","","CATEGORY_EMPTY"
"448041","FREE SHIP Black Lace Maxi Dress","","CATEGORY_EMPTY"
"448153","Tank top","","CATEGORY_EMPTY"
"448211","Arrowhead's","","CATEGORY_EMPTY"
"448235","NWOT AEO Black Lace Kimono Top XS","","CATEGORY_EMPTY"
"448879","Comfortis for dogs 60-120","","CATEGORY_EMPTY"
"449084","XL Lularoe Solid Black Nicole Dress","","CATEGORY_EMPTY"
"449207","Nightmare before Christmas blanket","","CATEGORY_EMPTY"
"449375","Water Socks/shoes","","CATEGORY_EMPTY"
"450135","Victoria's Secret PINK dog","","CATEGORY_EMPTY"
"450199","forever 21 tie dye sweatshirt","","CATEGORY_EMPTY"
"450233","Small Lularoe Carly","","CATEGORY_EMPTY"
"450284","(Heart Fade) Black/True White Vans Shoes","","CATEGORY_EMPTY"
"450613",""Kobe 10 Elite ""Opening Night"""","","CATEGORY_EMPTY"
"450630","Sand Cloud Sticker","","CATEGORY_EMPTY"
"450694","LuLaRoe M Joy, NWT","","CATEGORY_EMPTY"
"450778","Kate Spade Readers +1.00","","CATEGORY_EMPTY"
"451225","KARLIE WRAP ROMPER","","CATEGORY_EMPTY"
"451712","Tarte Shape Tape Concealer","","CATEGORY_EMPTY"
"451717","Mobile Music Stand","","CATEGORY_EMPTY"
"451768","VANS Toy Story DISNEY SWEATER","","CATEGORY_EMPTY"
"451939","Ralph lauren","","CATEGORY_EMPTY"
"452350","Victoria Secret Pink Light Sweatshirt","","CATEGORY_EMPTY"
"452393","Alice In Wonderland Cheshire Cat Dress","","CATEGORY_EMPTY"
"452611","Naruto Fidget Spinner Shuriken Full Size","","CATEGORY_EMPTY"
"453125","Dog Cat Pet Grooming Clippers Kit BN","","CATEGORY_EMPTY"
"453489","Pink lace cold sholder top size medium","","CATEGORY_EMPTY"
"469204","Med Couture Scrub Sets XL","","CATEGORY_EMPTY"
"453971","Bundle Of Small Squishies!","","CATEGORY_EMPTY"
"454112","Hands Free Dog Leash","","CATEGORY_EMPTY"
"455498","The Wearables Color Story","","CATEGORY_EMPTY"
"456160","Black Rave Bottoms","","CATEGORY_EMPTY"
"456172","These Cards Plus 4 Players Jersey Cards","","CATEGORY_EMPTY"
"456182","Pin Pack For kar!!","","CATEGORY_EMPTY"
"456205","Two Pairs Size 9.5 Toms","","CATEGORY_EMPTY"
"456399","American Eagle Tie Dye Shorts","","CATEGORY_EMPTY"
"456675","Bundle For Allie","","CATEGORY_EMPTY"
"456863","Cute Storage Case For Makeup","","CATEGORY_EMPTY"
"457800","Custom Bundle","","CATEGORY_EMPTY"
"458618","Asus Gaming Monitor","","CATEGORY_EMPTY"
"458791","FREE SHIPPING! Love Sweater","","CATEGORY_EMPTY"
"459178","Tommy Hilfiger Skirt XL","","CATEGORY_EMPTY"
"459225","CALVIN KLEIN PANYHOSE BUNDLE","","CATEGORY_EMPTY"
"459712","Kate Spade","","CATEGORY_EMPTY"
"459815","Hold For Katherine-Royal Blue Ladies Top","","CATEGORY_EMPTY"
"459922","Affliction Shirt Cross Angel Wing","","CATEGORY_EMPTY"
"460009","SALE NWT floral leather jacket","","CATEGORY_EMPTY"
"460157","reserved for someone**","","CATEGORY_EMPTY"
"460245","Chance The Rapper Car Decal","","CATEGORY_EMPTY"
"460260","Final Fantasy XV (PS4)","","CATEGORY_EMPTY"
"460704","Holographic Venusaur 18/130","","CATEGORY_EMPTY"
"460961","Bundle For Casa De Sanchez","","CATEGORY_EMPTY"
"461222","Burgundy And White Leggings","","CATEGORY_EMPTY"
"461500","Launch Pad S","","CATEGORY_EMPTY"
"461569","CP3 & Blake Griffin Basketball Card Lot","","CATEGORY_EMPTY"
"461752","Nerf Stryfe","","CATEGORY_EMPTY"
"461896","Big bang theory t-shirt","","CATEGORY_EMPTY"
"462192",""""Baby girl"" Bodysuit"","","CATEGORY_EMPTY"
"462461","Fragrance Samples","","CATEGORY_EMPTY"
"463252","Moto hint","","CATEGORY_EMPTY"
"464336","Hawk","","CATEGORY_EMPTY"
"464448","VS Pajama Set","","CATEGORY_EMPTY"
"464651","Hard Rock Cafe Pins","","CATEGORY_EMPTY"
"464817","HUGE CLOSET SALE!!","","CATEGORY_EMPTY"
"464847","Nine west bag","","CATEGORY_EMPTY"
"464943","Pokémon cards","","CATEGORY_EMPTY"
"465187","CAT-SHROOM SQUISHY!!","","CATEGORY_EMPTY"
"465276","Valentine's day 5s","","CATEGORY_EMPTY"
"465619","Nurse Dangle","","CATEGORY_EMPTY"
"465636","AND1 (NEW MEN'S SHOES )","","CATEGORY_EMPTY"
"466034","For slopez","","CATEGORY_EMPTY"
"466632","Newer Womens Blue LuluLemon ZipUp Size 6","","CATEGORY_EMPTY"
"466854","WHOLESALE TOPS LOT","","CATEGORY_EMPTY"
"466956","Vera Bradley Weekender in Blue Lagoon","","CATEGORY_EMPTY"
"467102","Rae Dunn Dog Bowls","","CATEGORY_EMPTY"
"467129","Steve Madden Gold Glittered Oxfords","","CATEGORY_EMPTY"
"467204","July Barkbox A Lick In Wonderland","","CATEGORY_EMPTY"
"467394","American Eagle Men's Flannel Pajama Pant","","CATEGORY_EMPTY"
"467928","2 Piece Rose Print Prom Dress","","CATEGORY_EMPTY"
"469015","Signed Fenton custard frame","","CATEGORY_EMPTY"
"469086","Naughty school girl lingerie","","CATEGORY_EMPTY"
"469279","Victoria Secret Pink pink pullover","","CATEGORY_EMPTY"
"469334","Yellow Stone Pin/Brooch","","CATEGORY_EMPTY"
"469698","Terry Labonte collectible car","","CATEGORY_EMPTY"
"469747","For Miranda","","CATEGORY_EMPTY"
"470158","Cars Ramone Paint Booth","","CATEGORY_EMPTY"
"470206","Dog Bed","","CATEGORY_EMPTY"
"478768","Bella Bands","","CATEGORY_EMPTY"
"471149","Bundle For @Tommy9495","","CATEGORY_EMPTY"
"471622","Feeding rock","","CATEGORY_EMPTY"
"473008","Brandy Melville Blue Lisette Shorts","","CATEGORY_EMPTY"
"471796","Men chain Carbon","","CATEGORY_EMPTY"
"471877","Soft Rope Bird Swig With Hanging Toy","","CATEGORY_EMPTY"
"471917","Rae Dunn soup bowl","","CATEGORY_EMPTY"
"472385","Sailor & Music Note Bundle","","CATEGORY_EMPTY"
"472752","Women's Carhartt Jacket","","CATEGORY_EMPTY"
"472858","Bundle( Already sold )","","CATEGORY_EMPTY"
"473140","Vintage 1923 Atlas Mason Jar","","CATEGORY_EMPTY"
"473350","Minnie's Special Delivery Snowbabies","","CATEGORY_EMPTY"
"473477","Zilla mini heat mat","","CATEGORY_EMPTY"
"473590","Pet Outfits ( Bundle )","","CATEGORY_EMPTY"
"473622","Mens Hollister Faux Fur Coat","","CATEGORY_EMPTY"
"474232","Bundle Deal","","CATEGORY_EMPTY"
"474461","Alice Pins New!","","CATEGORY_EMPTY"
"474617","87-93 mustang Auto Meter gauges","","CATEGORY_EMPTY"
"474836","Fish Tank Houses! Spongebob And Squid","","CATEGORY_EMPTY"
"474856","School Of Rock Broadway Playbill","","CATEGORY_EMPTY"
"475172","1966 Caesars Palace Casino Gaming Token","","CATEGORY_EMPTY"
"475199","Lash Love Mascara","","CATEGORY_EMPTY"
"475557","SLOW RISING CROISSANT SQUISHY","","CATEGORY_EMPTY"
"475726","10 Pc Makeup set With Free Bag","","CATEGORY_EMPTY"
"475780","Bundle- Cabbage Patch And Lighthouse","","CATEGORY_EMPTY"
"475782","lipstick","","CATEGORY_EMPTY"
"476019","REVLON Colorstay Foundation (Toast/Hale)","","CATEGORY_EMPTY"
"476455","Rue21 Sweater","","CATEGORY_EMPTY"
"476533","Nike's & Sean John Outfit","","CATEGORY_EMPTY"
"477400","Final Fantasy XV and ESOTU","","CATEGORY_EMPTY"
"477492","Juicy Couture Purse","","CATEGORY_EMPTY"
"477666","Flames Tee","","CATEGORY_EMPTY"
"477978","Old Navy 1/4 zip pullover","","CATEGORY_EMPTY"
"478799","YSL Chain Purse","","CATEGORY_EMPTY"
"478340","Baby Gap boys 4-5T","","CATEGORY_EMPTY"
"478483","BTS Army Bomb Metal Keychain (RM)","","CATEGORY_EMPTY"
"478634","Bundle for Trejop","","CATEGORY_EMPTY"
"478897","For Randomstuff~~","","CATEGORY_EMPTY"
"478957","Vince Camuto/Juicy Couture","","CATEGORY_EMPTY"
"492134","Blue Eyes White Dragon Mvp1-engv4","","CATEGORY_EMPTY"
"479475","Plus Size Maxi Dress Bundle!","","CATEGORY_EMPTY"
"480267","Jose Conseaco high tek auto","","CATEGORY_EMPTY"
"480360","Green dress","","CATEGORY_EMPTY"
"480383","Mini PINK Dog","","CATEGORY_EMPTY"
"480606","Baby Items","","CATEGORY_EMPTY"
"480677","Turtle and hearts, Dolphin Earrings","","CATEGORY_EMPTY"
"630534","Kennedy Half Dollar (S, P, and D) + GOLD","","CATEGORY_EMPTY"
"480917","Custom Listing For Love2Buy","","CATEGORY_EMPTY"
"480957","Lush Tea Tree Spray","","CATEGORY_EMPTY"
"481001","Dark Grey And White Jordan 14s","","CATEGORY_EMPTY"
"481315","Buxom Dolly's Wild Side","","CATEGORY_EMPTY"
"481328","Feminist Ryan Gosling coffetable book","","CATEGORY_EMPTY"
"481359","Vintage High Waisted Bootcut Mom Jeans","","CATEGORY_EMPTY"
"481417","Bundle for Kizzy","","CATEGORY_EMPTY"
"481583","Peach Goddess","","CATEGORY_EMPTY"
"481849","Scott Pilgrim Complete set","","CATEGORY_EMPTY"
"482191","Essential Calculus 2nd edition","","CATEGORY_EMPTY"
"482235","3 Plain Cable Knit / Fur Sweaters Set","","CATEGORY_EMPTY"
"482564","Brand NEW Tweety Bird Umbrella","","CATEGORY_EMPTY"
"482765","Poppy Clip","","CATEGORY_EMPTY"
"482811","Assorted Semi-Precious Stones","","CATEGORY_EMPTY"
"483244","Green perfect tee! 2x","","CATEGORY_EMPTY"
"483363","Grey vans","","CATEGORY_EMPTY"
"483376","Xbox original","","CATEGORY_EMPTY"
"483897","SQUISHY TOYS","","CATEGORY_EMPTY"
"484089","Apple Watch Series 2 New","","CATEGORY_EMPTY"
"484191","belly button rings","","CATEGORY_EMPTY"
"484275","Men's Polo T-shirt","","CATEGORY_EMPTY"
"484331","Brandy Melville Stickers","","CATEGORY_EMPTY"
"484347","White Converse","","CATEGORY_EMPTY"
"484542","For Lebanese only","","CATEGORY_EMPTY"
"484605","LuLaRoe 2XL Cassie","","CATEGORY_EMPTY"
"485045","Red / Burgundy Velvet Skirt","","CATEGORY_EMPTY"
"485081","Dog training Clik-R NEW","","CATEGORY_EMPTY"
"485163","PINK Sweater","","CATEGORY_EMPTY"
"485736","Columbia PFG pullover","","CATEGORY_EMPTY"
"485929","Long Sleeve Bodysuit","","CATEGORY_EMPTY"
"487196","game of thrones shopping bag collector","","CATEGORY_EMPTY"
"487271","Authentic Viva La Juicy Perfume","","CATEGORY_EMPTY"
"487472","Lularoe Tiger Unicorn Madison","","CATEGORY_EMPTY"
"487515","tokidoki bag & watch private combo","","CATEGORY_EMPTY"
"487840","COACH CLEANER","","CATEGORY_EMPTY"
"487920","Peter Pan Snowglobes","","CATEGORY_EMPTY"
"487945","VS Pajamas","","CATEGORY_EMPTY"
"488942","Furminator Dog Cat Deshedding Brush Tool","","CATEGORY_EMPTY"
"489120","Ivivva Legging And Jogger Bundle","","CATEGORY_EMPTY"
"489216","Coach sandals size 9","","CATEGORY_EMPTY"
"489526","Victoria's Secret Bralette","","CATEGORY_EMPTY"
"489826","Makeup Bundle","","CATEGORY_EMPTY"
"489943","Pot of Desires","","CATEGORY_EMPTY"
"490218","Never Worn VS PINK Cheeky Bottom","","CATEGORY_EMPTY"
"490250","For Ivonne","","CATEGORY_EMPTY"
"490286","Lularoe Carly BNWOT Cheetah/Leopard","","CATEGORY_EMPTY"
"490657","Drake waterfowl jacket","","CATEGORY_EMPTY"
"490746","500 forever stamps","","CATEGORY_EMPTY"
"491141","Brand New No Show Socks","","CATEGORY_EMPTY"
"491547","bundle for judith","","CATEGORY_EMPTY"
"491842","Bridal Gift Bundle","","CATEGORY_EMPTY"
"491896","Minnie Ears","","CATEGORY_EMPTY"
"492563","On Hold","","CATEGORY_EMPTY"
"492864","Pet Sematary","","CATEGORY_EMPTY"
"492963","5 Lip rings for [rm]","","CATEGORY_EMPTY"
"493046","Maiden Beauty Perfume","","CATEGORY_EMPTY"
"493390","Yoga Pants Bundle!","","CATEGORY_EMPTY"
"493446","Harry Potter Decal","","CATEGORY_EMPTY"
"493656","Size 6 colorful converse","","CATEGORY_EMPTY"
"493754","Aquarium plant seed bundle","","CATEGORY_EMPTY"
"493868","Authentic Prada dress 42","","CATEGORY_EMPTY"
"493929","Brandy Melville","","CATEGORY_EMPTY"
"494204","Ozzie Albies Auto Braves","","CATEGORY_EMPTY"
"494387","Ralph Lauren Perfume","","CATEGORY_EMPTY"
"494558","2014 Sterling John Brown Rc Auto","","CATEGORY_EMPTY"
"494604","King Me : What Every Son Wants And Needs","","CATEGORY_EMPTY"
"494614","RESERVED BUNDLE","","CATEGORY_EMPTY"
"495085","Fruity and Bright Perfume and Lotion","","CATEGORY_EMPTY"
"495186","Rae Dunn Dog Bowls","","CATEGORY_EMPTY"
"495190","Bundle for Awamike","","CATEGORY_EMPTY"
"495204","The Ecology Of Plants","","CATEGORY_EMPTY"
"496026","LulaRoe Randy XL","","CATEGORY_EMPTY"
"495392","3m light weight long sleeve Onesie","","CATEGORY_EMPTY"
"495720","3 dog outfits","","CATEGORY_EMPTY"
"495840","Large Red Dog Collar","","CATEGORY_EMPTY"
"495934","bundle for KL","","CATEGORY_EMPTY"
"495948","white fur (false fur) rug","","CATEGORY_EMPTY"
"496071","Bundle for Crystal!","","CATEGORY_EMPTY"
"496584","Sneaker Heads Keychains","","CATEGORY_EMPTY"
"496954","Forever21 Crop Top","","CATEGORY_EMPTY"
"497108","DeMar DeRozan Basketball Card Lot","","CATEGORY_EMPTY"
"497478","Baby Girl Outfit NWT","","CATEGORY_EMPTY"
"497512","Miss Me Shorts","","CATEGORY_EMPTY"
"497580","Kendra Scott Nail Lacquer","","CATEGORY_EMPTY"
"497913","On Hold :Pink Bundle!!","","CATEGORY_EMPTY"
"498284","Vans Authentic Lo Pro","","CATEGORY_EMPTY"
"498575","3 Washable Bibs Sesame Street & TMNT","","CATEGORY_EMPTY"
"498745","Kate Spade Heart Shaped Pan","","CATEGORY_EMPTY"
"498772","Sweet Pea Bundle","","CATEGORY_EMPTY"
"498789","Supreme ashtray","","CATEGORY_EMPTY"
"498966","Ralph Lauren Men's pants","","CATEGORY_EMPTY"
"499001","Victoria's Secret PINK Crop Top","","CATEGORY_EMPTY"
"499228","Kate Spade Striped Dress","","CATEGORY_EMPTY"
"499804","Brandy Melville","","CATEGORY_EMPTY"
"500142","Ombre sweater","","CATEGORY_EMPTY"
"500320","Kylie Jenner Boujee Lip Kit","","CATEGORY_EMPTY"
"500574","Womb Baby Sound Amplifier Dual Listening","","CATEGORY_EMPTY"
"500933","Bundle #6","","CATEGORY_EMPTY"
"501409","American Eagles Jeans","","CATEGORY_EMPTY"
"502212","lot8@Edot","","CATEGORY_EMPTY"
"503000","Leena_El","","CATEGORY_EMPTY"
"503053","Fashion nova jeans SIZE 9","","CATEGORY_EMPTY"
"503446","Free Ship Chakra Healing Kit","","CATEGORY_EMPTY"
"503628","Vintage Microcassette recorder","","CATEGORY_EMPTY"
"503836","20 Black And Red Skate Board Stickers","","CATEGORY_EMPTY"
"503867","7 sets of small Cherokee scrubs","","CATEGORY_EMPTY"
"503916","Bundle for R.Johnson","","CATEGORY_EMPTY"
"503944","Sofa style pet bed.","","CATEGORY_EMPTY"
"503945","NWT VS Fold Up Travel Bag","","CATEGORY_EMPTY"
"504531","Princess Bomber","","CATEGORY_EMPTY"
"504684","Disney Pins All For [rm]","","CATEGORY_EMPTY"
"505392","Krystal Dragon","","CATEGORY_EMPTY"
"505404","Holographic First Edition Machamp","","CATEGORY_EMPTY"
"505530","Black and White Striped Shirt","","CATEGORY_EMPTY"
"505559","Lps Black And White Dogs","","CATEGORY_EMPTY"
"505697","Vintage Tropical Dress.","","CATEGORY_EMPTY"
"505784","Boho Turquoise Triangle Belly Ring","","CATEGORY_EMPTY"
"506001","Cafe De N Cream puff Squishy","","CATEGORY_EMPTY"
"506434","Toyota Key Blank","","CATEGORY_EMPTY"
"506482","converse","","CATEGORY_EMPTY"
"506502","Gucci Studs","","CATEGORY_EMPTY"
"506504","Coca Cola Frozen Beverage Maker","","CATEGORY_EMPTY"
"506604","Gucci Hysteria Web Logo Sneakers","","CATEGORY_EMPTY"
"507315","Bundle for Halli.s","","CATEGORY_EMPTY"
"507601","Red Vans Sk8 Hi Shoes","","CATEGORY_EMPTY"
"507863","Victoria Secret Jeans","","CATEGORY_EMPTY"
"507873","Live,Love,Bark! & Woof By Rae Dunn","","CATEGORY_EMPTY"
"508303","The Rolling Stones Sweater","","CATEGORY_EMPTY"
"509098","ON HOLD Antique Coca Cola Horse Carriage","","CATEGORY_EMPTY"
"509126","Faux Fur Jacket","","CATEGORY_EMPTY"
"509375","Men's Aeropostale Shorts","","CATEGORY_EMPTY"
"509487","K9 Adventist Medium Dog 11-20 Lbs","","CATEGORY_EMPTY"
"509583","Silver Nose Ring","","CATEGORY_EMPTY"
"509788","Anthropologie Teal Ruffled Top, M","","CATEGORY_EMPTY"
"510332","Summer Deluxe Baby Bather","","CATEGORY_EMPTY"
"510632","Jordan Hang Tags","","CATEGORY_EMPTY"
"510700","Dress Bundle (5)","","CATEGORY_EMPTY"
"510933","Victoria's Secret GRAFFITI Clear Tote","","CATEGORY_EMPTY"
"510955","Wholesale Bundle #14 - Sweaters","","CATEGORY_EMPTY"
"510960","Vans Maroon and white","","CATEGORY_EMPTY"
"511550","Art of seduction","","CATEGORY_EMPTY"
"511552","Victoria's Secret Sweatshirt","","CATEGORY_EMPTY"
"511764","NHL 17","","CATEGORY_EMPTY"
"511778","Slime","","CATEGORY_EMPTY"
"512308","EXO Keychain Lanyard Wrist Strap (Xiu)","","CATEGORY_EMPTY"
"512476","Set Of 3 Wedding ring Bearer Signs","","CATEGORY_EMPTY"
"512662","Old Navy Shorts Lot 32","","CATEGORY_EMPTY"
"513228","Pokemon card lot ex mega foil break","","CATEGORY_EMPTY"
"513316","Brand New Fast Dry Top Coat","","CATEGORY_EMPTY"
"513393","BTS Army Bomb Keychain (Jin)","","CATEGORY_EMPTY"
"513700","Neon Damask Lularoe","","CATEGORY_EMPTY"
"514232","Hollister Shorts Bundle Size 3","","CATEGORY_EMPTY"
"514308","The Muppets Urban Outfitter 2PK Key Caps","","CATEGORY_EMPTY"
"514516","Coach poppy flower pochette","","CATEGORY_EMPTY"
"514887","CUSTOM LISTING SOLD","","CATEGORY_EMPTY"
"515055","Bundle Deal!","","CATEGORY_EMPTY"
"515162","Pink Sweater","","CATEGORY_EMPTY"
"515163","Boutique skirt","","CATEGORY_EMPTY"
"515498","Brickarms Load out","","CATEGORY_EMPTY"
"515767","Bundle For Ztif","","CATEGORY_EMPTY"
"515859","Forza 5","","CATEGORY_EMPTY"
"515907","Vans Sweater","","CATEGORY_EMPTY"
"516274","Lularoe Kids L/XL Flounder Leggings","","CATEGORY_EMPTY"
"516665","Pet Diapers","","CATEGORY_EMPTY"
"516774","Signed Alex Morgan USWNT Picture","","CATEGORY_EMPTY"
"517156","LulaRoe BNWOT Azure 2XL","","CATEGORY_EMPTY"
"517548","LuLa Roe Small Heathered Olive Carly","","CATEGORY_EMPTY"
"517703","Leopard Satan Carlos Santana Platforms","","CATEGORY_EMPTY"
"517709","Miss Me Jeans","","CATEGORY_EMPTY"
"517880","Forever 21 Small Crossover Bag","","CATEGORY_EMPTY"
"518022","Denim Overall Dress","","CATEGORY_EMPTY"
"518035","Tommy Hilfiger Jeans","","CATEGORY_EMPTY"
"518196","MARY KAY Powder Foundation","","CATEGORY_EMPTY"
"518467","Minnie Mouse Vacuum","","CATEGORY_EMPTY"
"518530","Bachmann disaster crossing","","CATEGORY_EMPTY"
"518748","Furminator Dog Cat Deshedding Brush Tool","","CATEGORY_EMPTY"
"519523","Minnie Mouse Ball Pit","","CATEGORY_EMPTY"
"519604","VS lingerie 100% silk sz M","","CATEGORY_EMPTY"
"520584","Lot of Girls Size 6 Clothing","","CATEGORY_EMPTY"
"520786","Bundle For Sarah Haskell","","CATEGORY_EMPTY"
"521039","Dog Retractable Leash","","CATEGORY_EMPTY"
"521205","Black Faux Leather Skirt","","CATEGORY_EMPTY"
"521459","Skirts","","CATEGORY_EMPTY"
"521625","Jordans-Nike","","CATEGORY_EMPTY"
"521955","Ivysaur","","CATEGORY_EMPTY"
"522340","Young & Reckless","","CATEGORY_EMPTY"
"522364","Snow White Dress","","CATEGORY_EMPTY"
"522459","Miss Mad Hatter Costume","","CATEGORY_EMPTY"
"522999","YELLOW CDG PATCH","","CATEGORY_EMPTY"
"523268","Strapless Black Lace Boned Bustier","","CATEGORY_EMPTY"
"523297","PINK Victoria's Secret Dog Bundle","","CATEGORY_EMPTY"
"523655","Oster Calm Clips Dog Grooming Kit","","CATEGORY_EMPTY"
"523779","Lula Roe Julia 2XL","","CATEGORY_EMPTY"
"524059","Betsey Johnson Keychain","","CATEGORY_EMPTY"
"524070","Fr Donielle D Only Lularoe Disney Aurora","","CATEGORY_EMPTY"
"524139","2 Belly Button Rings Starfish & Turtle","","CATEGORY_EMPTY"
"524400","LIZ CLAIBORNE WOMAN (Anissa) PANTS","","CATEGORY_EMPTY"
"524715","Men's Toms Shoes","","CATEGORY_EMPTY"
"524922","Torrid Dress","","CATEGORY_EMPTY"
"524952","Men's Urban outfitter Windbreaker","","CATEGORY_EMPTY"
"525018","Brand New Mike Trout 2017 Shoes","","CATEGORY_EMPTY"
"540183","True Religion","","CATEGORY_EMPTY"
"525515","Nike Running Shirt","","CATEGORY_EMPTY"
"525527","Handicapped new jersey","","CATEGORY_EMPTY"
"525603","Bark Collar for Dogs (NEW)","","CATEGORY_EMPTY"
"526033","Bundle For Abby088","","CATEGORY_EMPTY"
"526604","Funko Pop! Reaper (Wight)","","CATEGORY_EMPTY"
"526681","Yugi's Exodia Deck +21 Yugioh Cards","","CATEGORY_EMPTY"
"526879","Markov Funko Pop","","CATEGORY_EMPTY"
"526995","Bebee Remote","","CATEGORY_EMPTY"
"528731","EUC Board Shorts/swim Trunks sz 36","","CATEGORY_EMPTY"
"528840","Couples Bracelet Friendship Sibling","","CATEGORY_EMPTY"
"528936","Distressed Mr Meeseeks Plush/Doll","","CATEGORY_EMPTY"
"528975","Naked 2","","CATEGORY_EMPTY"
"529031","Dog/Puppy Booties","","CATEGORY_EMPTY"
"529116","Hunters fanny pack","","CATEGORY_EMPTY"
"529404","Lularoe Disney Little Mermaid Carly XS","","CATEGORY_EMPTY"
"529767","Sparkly, Jumpsuit Romper!","","CATEGORY_EMPTY"
"529861","Cosmetic Arts Bundle For Jessica","","CATEGORY_EMPTY"
"529907","Bundle reserved","","CATEGORY_EMPTY"
"529927","Toy Story Vans","","CATEGORY_EMPTY"
"536326","RESERVED BUNDLE","","CATEGORY_EMPTY"
"530154","Bundle For Pamelatx111","","CATEGORY_EMPTY"
"530943","Booty pop","","CATEGORY_EMPTY"
"530962","Retro 11 Collection","","CATEGORY_EMPTY"
"531088","Suavecito","","CATEGORY_EMPTY"
"531437","Google Chromecast Streaming Device","","CATEGORY_EMPTY"
"531708","SUN & SHADOW Grey Mesh/Design Tank Top","","CATEGORY_EMPTY"
"531779","Mini Starbucks Cup Ornaments","","CATEGORY_EMPTY"
"531809","these two for BRADY","","CATEGORY_EMPTY"
"531954","Old Navy Broken In Khakis 36x30 freeship","","CATEGORY_EMPTY"
"532204","Louis Vuitton","","CATEGORY_EMPTY"
"532504","7 for all Mankind Dojo Jeans","","CATEGORY_EMPTY"
"532796","Windsor Black Heels","","CATEGORY_EMPTY"
"533245","Patriots and Red Sox Bundle","","CATEGORY_EMPTY"
"533342","Skates and Hiking Boots (for Stephanie)","","CATEGORY_EMPTY"
"533364","Vs Cloudberry. Hold for Niki","","CATEGORY_EMPTY"
"533431","Air Jordan Black Infrared 6 Size 12","","CATEGORY_EMPTY"
"533653","Wrist Wraps for Men","","CATEGORY_EMPTY"
"534124","Lilly Pulitzer Starbucks Swell Bottle","","CATEGORY_EMPTY"
"534162","Boy NIKE ROSHE","","CATEGORY_EMPTY"
"534355","Calvin Klein One","","CATEGORY_EMPTY"
"534388","Harley Davidson Thermal Top LS","","CATEGORY_EMPTY"
"534690","Hanna Andersson Boys Pajama Set Size 8","","CATEGORY_EMPTY"
"534796","Side Tie Crop Top","","CATEGORY_EMPTY"
"535138","Newborn beanie","","CATEGORY_EMPTY"
"535265","purse COACH","","CATEGORY_EMPTY"
"535793","Lularoe TC leggings","","CATEGORY_EMPTY"
"536000","LuLaRoe XL Joy Sold As Bundle","","CATEGORY_EMPTY"
"537206","Nike Duffel Bag","","CATEGORY_EMPTY"
"537358","K-ON! Clear File","","CATEGORY_EMPTY"
"537404","Giant Inflatable Penguin","","CATEGORY_EMPTY"
"537875","Vintage pin Bundle","","CATEGORY_EMPTY"
"538080","Pink Bomber Jacket","","CATEGORY_EMPTY"
"538232","XL Dog or Cat Ear Wipes, 70 Wipes","","CATEGORY_EMPTY"
"538233","Cold Rush Cold Therapy Machine New","","CATEGORY_EMPTY"
"538546","Mens Dockers Pants - Navy","","CATEGORY_EMPTY"
"538716","NEW PANDORA GREEN LATICE MURANO CHARM","","CATEGORY_EMPTY"
"538870","Advantage II Flea And Tick Meds","","CATEGORY_EMPTY"
"539032","Legend & Girl On The Train Bundle","","CATEGORY_EMPTY"
"539141","Hold @Irmaq","","CATEGORY_EMPTY"
"539191","Farmhouse Milk Jar","","CATEGORY_EMPTY"
"539208","Becca X Jaclyn Hill Champagne Pop","","CATEGORY_EMPTY"
"539912","Lilly Pulitzer Wristlet","","CATEGORY_EMPTY"
"540042","Romantic Boho Maxi Sundress","","CATEGORY_EMPTY"
"540538","Juicy Couture Mini Traveler Crossbody","","CATEGORY_EMPTY"
"540589","Men's Nike Shoes!","","CATEGORY_EMPTY"
"540929","Bundle For Ripa","","CATEGORY_EMPTY"
"540964","Brand New VS Wool Coat","","CATEGORY_EMPTY"
"541066","Bundle for 5boys2girls","","CATEGORY_EMPTY"
"541142","Black Lace Backless Jumpsuit Romper M","","CATEGORY_EMPTY"
"541147","Money Fidget Spinner!! :)","","CATEGORY_EMPTY"
"541388","Pink Victoria's Secret - Purple Dog","","CATEGORY_EMPTY"
"541465","Henna kit","","CATEGORY_EMPTY"
"541584","PRADA perfume","","CATEGORY_EMPTY"
"541694","Bundle For Kacie","","CATEGORY_EMPTY"
"541858","Black And Brown Fendi Belt","","CATEGORY_EMPTY"
"542103","23 Piece Vintage Sterling Silver Lot","","CATEGORY_EMPTY"
"542195","1995 Polly Pocket Sparkle Snowland Book","","CATEGORY_EMPTY"
"542330","Authentic Coach Shoes Size 7.5","","CATEGORY_EMPTY"
"542514","Como Tomo bottles","","CATEGORY_EMPTY"
"542700","Tan Tory Burch Wedges","","CATEGORY_EMPTY"
"543024","Brandy Melville Sweater Bundle Pink Gra","","CATEGORY_EMPTY"
"543354","Kate Spade Medium Agenda","","CATEGORY_EMPTY"
"543455","Dog-e-Lite Leash and and LED lashlight","","CATEGORY_EMPTY"
"543565","Antiseptic Wipes for Dogs, Cats & Horses","","CATEGORY_EMPTY"
"544100","Cetaphil Cleanser And Retin-A Micro Gel","","CATEGORY_EMPTY"
"544390","Polo jeans size 6","","CATEGORY_EMPTY"
"544536","New! Tarte Blush & Lip Paint Bundle","","CATEGORY_EMPTY"
"544613","Debutant Journaling cards Prima Market","","CATEGORY_EMPTY"
"545202","IZOD Skirt","","CATEGORY_EMPTY"
"545352","Bundle For ThisThat","","CATEGORY_EMPTY"
"545389","Rose Gold Decorative Bowl","","CATEGORY_EMPTY"
"546074","Lularoe XS Carly","","CATEGORY_EMPTY"
"546681","AARON JUDGE YANKEES MLB CARD","","CATEGORY_EMPTY"
"546752","North Face Shell","","CATEGORY_EMPTY"
"547249","hold for kitkat","","CATEGORY_EMPTY"
"547672","BUNDLE *ON HOLD*","","CATEGORY_EMPTY"
"547979","Engraver","","CATEGORY_EMPTY"
"548256","RESERVED for handbaghound","","CATEGORY_EMPTY"
"548537","Playstation 3 Assassins Creed","","CATEGORY_EMPTY"
"548730","Harpers bazaar - Miley Cyrus","","CATEGORY_EMPTY"
"548795","Marvel TCG 102 Cards Masterpiece 1994","","CATEGORY_EMPTY"
"549123","Lightly Worn DIVIDED Skater Dress","","CATEGORY_EMPTY"
"549589","ICE CREAM SOUP CEREAL","","CATEGORY_EMPTY"
"550077","Beautiful Wrangler Dress (XL)","","CATEGORY_EMPTY"
"550133","Flattering White Wrap Crop Top","","CATEGORY_EMPTY"
"550258","NIKE Loose Closed Ankle Sweatpants","","CATEGORY_EMPTY"
"550272","toma shoes","","CATEGORY_EMPTY"
"550281","Love21 Gray Silhouette Sculpting Dress","","CATEGORY_EMPTY"
"550376","Jeans","","CATEGORY_EMPTY"
"551059","Curved Barbells with 16g needle","","CATEGORY_EMPTY"
"551303","Women's Maroon Vans, size 6.5","","CATEGORY_EMPTY"
"551376","Charcoal Gray Racerback Crop Top Tank","","CATEGORY_EMPTY"
"551616","It Works Lip & Eye Cream Gel","","CATEGORY_EMPTY"
"551774","XS Scrub Top","","CATEGORY_EMPTY"
"552190","Ralph Lauren Heels","","CATEGORY_EMPTY"
"552304","Forever 21 Varsity Jacket","","CATEGORY_EMPTY"
"552835","Reserved for Jaclyn","","CATEGORY_EMPTY"
"553024","Bodyboss Ultimate Body 12-week fitness","","CATEGORY_EMPTY"
"553270","Harajuku Lovers Fragrance Mini Set","","CATEGORY_EMPTY"
"553916","Medium","","CATEGORY_EMPTY"
"554106","AROMA BEAD AIR FRESHENERS","","CATEGORY_EMPTY"
"555154","Summer Dress","","CATEGORY_EMPTY"
"555763","Pokémon Soul Silver","","CATEGORY_EMPTY"
"555780","Red Nike Sweatshirt","","CATEGORY_EMPTY"
"555805","Ipod Classic 160 Gb","","CATEGORY_EMPTY"
"555898","LANYARD Bundle","","CATEGORY_EMPTY"
"555961","RUE 21 nautical skirt","","CATEGORY_EMPTY"
"556268","Supernatural Lanyard","","CATEGORY_EMPTY"
"556309","Yellow rock","","CATEGORY_EMPTY"
"556475","Olive green and floral jacket bundle","","CATEGORY_EMPTY"
"556497","On Hold For Dee's Bundle","","CATEGORY_EMPTY"
"556903","New VS Pink ID Lanyard with Minor Flaws","","CATEGORY_EMPTY"
"556963","Off White","","CATEGORY_EMPTY"
"557341","Black cutout dress","","CATEGORY_EMPTY"
"557522","Maurices Plus Size 2X Oversized Sweater","","CATEGORY_EMPTY"
"557646","LulaRoe Lynnae","","CATEGORY_EMPTY"
"557839","3 coastal scents revealed pallets","","CATEGORY_EMPTY"
"557952","Bundle For Salma Salih","","CATEGORY_EMPTY"
"558049","Gingham Dress ! From Shein","","CATEGORY_EMPTY"
"558610","Loom Board And Bands MEGA BUNDLE","","CATEGORY_EMPTY"
"558897","10x13 Poly Mailers Retro Pinup Sailor","","CATEGORY_EMPTY"
"558997","Frangrance Sample Bundle","","CATEGORY_EMPTY"
"559225","Kendra Scott Teal Magnesite Stones","","CATEGORY_EMPTY"
"559393","Cactus Squishy Smell","","CATEGORY_EMPTY"
"559493","Tiffany & Co. Jewelry Bags And Box","","CATEGORY_EMPTY"
"559801","Message in a Bottle Wedding Sign","","CATEGORY_EMPTY"
"559958","Bundle for Alice Pinon Renteria","","CATEGORY_EMPTY"
"559997","Adidas Yeezy 350 V2 Bred Size 10","","CATEGORY_EMPTY"
"560087","Puma","","CATEGORY_EMPTY"
"560420","Starwars And Superman For N64","","CATEGORY_EMPTY"
"560483","Curling wand","","CATEGORY_EMPTY"
"560634","Mickey birthday set","","CATEGORY_EMPTY"
"560782","Assorted Shoelaces (10)","","CATEGORY_EMPTY"
"561047","Pacsun Mesh Scallop Top","","CATEGORY_EMPTY"
"561146","LuLaRoe Carly Dress","","CATEGORY_EMPTY"
"561267","Indie Lee Calendula Eye Balm","","CATEGORY_EMPTY"
"561751","Coach Purse","","CATEGORY_EMPTY"
"561956","New! Grey's Anatomy Modern Scrub Top","","CATEGORY_EMPTY"
"562089","high top grey vans","","CATEGORY_EMPTY"
"562259","Bundle","","CATEGORY_EMPTY"
"562373","Mac Bundle","","CATEGORY_EMPTY"
"562960","27 little Ponies Lot","","CATEGORY_EMPTY"
"563443","Victorias Secret Pink Shirt","","CATEGORY_EMPTY"
"563559","Norma Jean- Meridional Double LP","","CATEGORY_EMPTY"
"563839","Fast FREE Shipping NWT Gucci L Gray","","CATEGORY_EMPTY"
"563990","Ralph Lauren Military Style Sweater","","CATEGORY_EMPTY"
"564273","Supreme Pvc Luggage Stickers","","CATEGORY_EMPTY"
"564360","Grey Bundle","","CATEGORY_EMPTY"
"564411","Women's Ann Taylor Black Leather Coat","","CATEGORY_EMPTY"
"564556","Chiffon With Lace Trim Romper","","CATEGORY_EMPTY"
"564694","Apple TV 3rd Gen - Model: A1469","","CATEGORY_EMPTY"
"565576","Pokemon White And Pokemon HG","","CATEGORY_EMPTY"
"565715","Bluetooth Speaker","","CATEGORY_EMPTY"
"565858",""Long Stainless Steel Chain 30"""","","CATEGORY_EMPTY"
"565904","New Orleans Saints collector set","","CATEGORY_EMPTY"
"566179","Light Pink Sweatshirt","","CATEGORY_EMPTY"
"566185","Metal Letter Decor","","CATEGORY_EMPTY"
"566735","Magic the Gathering Pay Card Mat","","CATEGORY_EMPTY"
"566736","Teami Colon","","CATEGORY_EMPTY"
"566817","Men's Nike Roshe NM Flyknit SE Sz 8.5","","CATEGORY_EMPTY"
"567435","Winter Supplies For Little Pup!","","CATEGORY_EMPTY"
"567445","Watermelon Butter","","CATEGORY_EMPTY"
"567449","Victoria Secret Umbrella","","CATEGORY_EMPTY"
"567553","order for elena","","CATEGORY_EMPTY"
"567853","Disney Jim Shore Chip & Dale Halloween","","CATEGORY_EMPTY"
"568096","VS Pink Beach Towel","","CATEGORY_EMPTY"
"568296","Milday study guide","","CATEGORY_EMPTY"
"568411","Arizona Jean Company Jacket","","CATEGORY_EMPTY"
"568842","Maroon Converse","","CATEGORY_EMPTY"
"569155","Mini iBloom Billy the Whale","","CATEGORY_EMPTY"
"569299","RESERVED (4) Pin Bundle For Melony","","CATEGORY_EMPTY"
"569389","Brandy Melville Aleena Honey Top","","CATEGORY_EMPTY"
"569549","NEW Maybelline Makeup Bundle!","","CATEGORY_EMPTY"
"569569","Victoria's Secret Pouch","","CATEGORY_EMPTY"
"569611","Windsor Gold Chain Link Anklet","","CATEGORY_EMPTY"
"569717","Miss A Kit","","CATEGORY_EMPTY"
"570211","Giorgio Armani Hope Mug","","CATEGORY_EMPTY"
"570504","Bundle For Sumrae6","","CATEGORY_EMPTY"
"570538","Levi Jean Capris","","CATEGORY_EMPTY"
"572034","Dog Clothes","","CATEGORY_EMPTY"
"572060","Black Shell-Toed Adidas","","CATEGORY_EMPTY"
"572535","Apple Watch Series 1 38mm","","CATEGORY_EMPTY"
"572548","Blue Skies Butter Slime 8oz✨","","CATEGORY_EMPTY"
"572611","Wreck This Journal Unused, Brand New","","CATEGORY_EMPTY"
"573169","American Rag Blue & White Star Wedges","","CATEGORY_EMPTY"
"573241","Bond no 9 Riverside drive RESERVED 4 A","","CATEGORY_EMPTY"
"573370","New Reebok Women's 9.5 Classic Transform","","CATEGORY_EMPTY"
"573449","Famous Korean Black Bean Noodles Pack","","CATEGORY_EMPTY"
"573497","Bundle","","CATEGORY_EMPTY"
"573656","Bundle For HallieMay","","CATEGORY_EMPTY"
"573891","Makeup (on hold)","","CATEGORY_EMPTY"
"573991","Victoria Secret PINK Lanyards (3)","","CATEGORY_EMPTY"
"574158","Hermit Crab Shells+3 Seashells","","CATEGORY_EMPTY"
"574606","Wizard Of Oz Wicked Witch Snowglobe","","CATEGORY_EMPTY"
"574815","Silver Or Gold Brooch","","CATEGORY_EMPTY"
"574962","Rmkhak bundle","","CATEGORY_EMPTY"
"576263","Love To Shop","","CATEGORY_EMPTY"
"576525","Vintage High Rise Shorts","","CATEGORY_EMPTY"
"576908","PINK Shirt And Headband Bundle","","CATEGORY_EMPTY"
"577529","Guess Duffle Bag","","CATEGORY_EMPTY"
"577645","Vans (Old Skool Lite) Mens","","CATEGORY_EMPTY"
"578077","Rick And Morty Volume 1","","CATEGORY_EMPTY"
"578198","1994 Polly Pocket Stable on the Go","","CATEGORY_EMPTY"
"578569","Project Mc2 Spy Bag","","CATEGORY_EMPTY"
"578660","Melanie Martinez Milk Perfume Price Firm","","CATEGORY_EMPTY"
"578714","Eyeliner, tote, and foundation.","","CATEGORY_EMPTY"
"578866","Nike Tech Fleece Joggers Medium","","CATEGORY_EMPTY"
"579060","SALEE","","CATEGORY_EMPTY"
"579084","*HOLDING*","","CATEGORY_EMPTY"
"579098","Girls Sizes 14-16 lot Free ship","","CATEGORY_EMPTY"
"579290","Marigold Round","","CATEGORY_EMPTY"
"579577","Buffbunny Collection Tank","","CATEGORY_EMPTY"
"579627","True Religion Hippie chic perfume","","CATEGORY_EMPTY"
"579862","Mega Primal Kyogre EX","","CATEGORY_EMPTY"
"579991","1st Ed Fossil Lot- Reserved","","CATEGORY_EMPTY"
"580249","Colorado dispensary and head shop sticks","","CATEGORY_EMPTY"
"580277","2x iPhone 7 Plus Glass Protectors","","CATEGORY_EMPTY"
"580450","Free Ship: Grease Pink Ladies Jacket!","","CATEGORY_EMPTY"
"580661","Army Pt's","","CATEGORY_EMPTY"
"580857","Princess Parking Only","","CATEGORY_EMPTY"
"581043","Figet Spinners","","CATEGORY_EMPTY"
"581129","OG grey wolf spirithood","","CATEGORY_EMPTY"
"581308","HTC 10 Wallet Case & 6x Screen Protector","","CATEGORY_EMPTY"
"581503","(Reserved) bundle for buyer","","CATEGORY_EMPTY"
"581514","**Bundle for Save & Bundle**","","CATEGORY_EMPTY"
"581650","Funko Pop Soldier 76 (RARE)","","CATEGORY_EMPTY"
"581891","Forever 21 Sleeveless Dress Size Medium","","CATEGORY_EMPTY"
"581998","Go groove","","CATEGORY_EMPTY"
"582423","Lps packs","","CATEGORY_EMPTY"
"582438","Old Navy Dress","","CATEGORY_EMPTY"
"582988","BNWT Disney Carly","","CATEGORY_EMPTY"
"592137","BUNDLE OF LOVE ❤️","","CATEGORY_EMPTY"
"583704","Lot of 2 Scentportables","","CATEGORY_EMPTY"
"583898","2 Tragus Ear rings for Caitlin A. Abarca","","CATEGORY_EMPTY"
"584492","4T Matching Thomas The Train PJ Sets","","CATEGORY_EMPTY"
"584738","Storm Siren by Mary Weber","","CATEGORY_EMPTY"
"585143","Attack On Titan Women's Small Jacket","","CATEGORY_EMPTY"
"585185","Coach","","CATEGORY_EMPTY"
"585425","FC Twin Game Console","","CATEGORY_EMPTY"
"586052","Victoria's Secret Pink Sweatshirt","","CATEGORY_EMPTY"
"586262","Solid 14k & 925 Silver Rolex Pendant","","CATEGORY_EMPTY"
"586356","Sdcc Stupor Daffy","","CATEGORY_EMPTY"
"587252","Shirt, tights and bra Bundle","","CATEGORY_EMPTY"
"587816","Seacret Bundle","","CATEGORY_EMPTY"
"590195","Bundle!!!!!","","CATEGORY_EMPTY"
"588833","Charles tapper 2016 elite RC auto dallas","","CATEGORY_EMPTY"
"589289","NWT Free People Red Lace Dress","","CATEGORY_EMPTY"
"589518","Gap Ripped jeans","","CATEGORY_EMPTY"
"589756","Heidi Shimmer Mesh Top in Black","","CATEGORY_EMPTY"
"589762","American Eagle Black Festive Jean Shorts","","CATEGORY_EMPTY"
"589832","For MRSAMBERK ONLY BOOK LOT","","CATEGORY_EMPTY"
"589888","Lps Blue Penguin","","CATEGORY_EMPTY"
"589929","Stainless steel septum ring clicker","","CATEGORY_EMPTY"
"589936","Hello kitty","","CATEGORY_EMPTY"
"590088","Charlotte Russe Bodysuit XSmall","","CATEGORY_EMPTY"
"590386","ON HOLD NWT Lularoe Carly Dress","","CATEGORY_EMPTY"
"590401","American Eagle","","CATEGORY_EMPTY"
"590427","RESERVED BUNDLE","","CATEGORY_EMPTY"
"590638","GUCCI Made to Measure","","CATEGORY_EMPTY"
"590921","The North Face Hoodie Xs","","CATEGORY_EMPTY"
"591357","Handmade Disney Dopey Ears","","CATEGORY_EMPTY"
"591395","Megan Janes","","CATEGORY_EMPTY"
"591471","Titanfall 2","","CATEGORY_EMPTY"
"591804","Brandy Melville Pink Wrap Skirt","","CATEGORY_EMPTY"
"591931","Small Dog Batsman Dress (not For Teacup)","","CATEGORY_EMPTY"
"592047","8 piece size large","","CATEGORY_EMPTY"
"592598","Huge Dog Lot","","CATEGORY_EMPTY"
"592715","Pair of Blue and Green Board Shorts","","CATEGORY_EMPTY"
"592887","ONHOLD Jandals","","CATEGORY_EMPTY"
"593312","DJI Mavic Pro Battery And Charging Hub","","CATEGORY_EMPTY"
"593956","*Marilyn Monroe Cabochan Necklace*","","CATEGORY_EMPTY"
"594796","Pink Sweatshirt","","CATEGORY_EMPTY"
"595084","Vintage Mini Roseville Pottery Vase","","CATEGORY_EMPTY"
"595346","Milk- Saver","","CATEGORY_EMPTY"
"595570","Thirty One Thermal Mini Zipper Pouch","","CATEGORY_EMPTY"
"595959","Maternity Breastfeeding Bra 36DDD","","CATEGORY_EMPTY"
"595741","Nasty gal plunge bodysuit","","CATEGORY_EMPTY"
"596654","Small Hollister Top & Tank Top","","CATEGORY_EMPTY"
"596739","Spell Of The Highlander A Lick Of Frost","","CATEGORY_EMPTY"
"596837","Michael Kors Crossbody NWT","","CATEGORY_EMPTY"
"596870","Reusable Bags","","CATEGORY_EMPTY"
"596883","3pcs Vera Bradley set","","CATEGORY_EMPTY"
"596913","Women's Plaid Skirt Size 8","","CATEGORY_EMPTY"
"596960","*NEW*Trap Gap T Shirt Mens S","","CATEGORY_EMPTY"
"596969","For Countless Phones","","CATEGORY_EMPTY"
"597028","Post for Petura only!!!","","CATEGORY_EMPTY"
"597042","Vineyard Vines Quarter Zip","","CATEGORY_EMPTY"
"597361","One Teaspoon Charger Cutoffs","","CATEGORY_EMPTY"
"597697","How To ruin Everything- George watsky","","CATEGORY_EMPTY"
"597854","Light Purple Floral Lace Sleeveless","","CATEGORY_EMPTY"
"597955","Bark Collar","","CATEGORY_EMPTY"
"598015","Women's Navy Floral Skirt Size XL","","CATEGORY_EMPTY"
"598223","Rae Dunn Hubby Mug","","CATEGORY_EMPTY"
"598763","Real 925 Silver & 14k Gold 100 Pendant","","CATEGORY_EMPTY"
"599246","Black purse With Gold Zippers","","CATEGORY_EMPTY"
"599414","Victoria Secret Pink Running","","CATEGORY_EMPTY"
"599834","Automatic Pet Feeder","","CATEGORY_EMPTY"
"600277","Nike Sweater","","CATEGORY_EMPTY"
"600785","For ayemynamesalex","","CATEGORY_EMPTY"
"600936","New Adidas Tubular Strap","","CATEGORY_EMPTY"
"601110","Blu Life One","","CATEGORY_EMPTY"
"601123","Victoria's Secret Pink Half Zip","","CATEGORY_EMPTY"
"601510","Victoria Secret","","CATEGORY_EMPTY"
"601610","5 Headphones For [rm]","","CATEGORY_EMPTY"
"601926","Peanuts Gallery 5 Pack Die Cast Cars","","CATEGORY_EMPTY"
"602270","Purrfect arch for cat&kitty shack","","CATEGORY_EMPTY"
"602740","Steve Madden Leggings","","CATEGORY_EMPTY"
"602789","Air Jordan True Blue 3","","CATEGORY_EMPTY"
"602793","Bundle For Nora!","","CATEGORY_EMPTY"
"602848","Thirty-One Hanging Traveler Case","","CATEGORY_EMPTY"
"603021","Space Explorer Astronaut Iron On Patch","","CATEGORY_EMPTY"
"603344","Children's Bundle","","CATEGORY_EMPTY"
"603936","Bundle For Jen","","CATEGORY_EMPTY"
"604149","KKW By Kylie Cosmetics","","CATEGORY_EMPTY"
"604296","clinique happy for men","","CATEGORY_EMPTY"
"604367","J Crew Linen Joggers","","CATEGORY_EMPTY"
"604511","Under Armour boys size ysm","","CATEGORY_EMPTY"
"605467","Rodan and Fields Night Renewing Serum","","CATEGORY_EMPTY"
"605596","Denny Hamlin FedEx 11 Stock Car 1:24","","CATEGORY_EMPTY"
"605677","Breast cancer awareness","","CATEGORY_EMPTY"
"605746","PSVITA w/ Charger (FREE SHIPPING)","","CATEGORY_EMPTY"
"605859","PINK BODY CARE BUNDLE","","CATEGORY_EMPTY"
"605898","Bundle for Celina95","","CATEGORY_EMPTY"
"605908","Girls Sz 6 – Justice Shirt, Us Polo Jean","","CATEGORY_EMPTY"
"606478","Twisty glass Herb administration blunt","","CATEGORY_EMPTY"
"606539","Nutrition & You 4th Edition","","CATEGORY_EMPTY"
"606674","GAP Maxi Dress","","CATEGORY_EMPTY"
"606738","Custom 100 Sticker Bundle","","CATEGORY_EMPTY"
"606787","SIGNED MARKIPLIER VIP CARD AUTOGRAPH","","CATEGORY_EMPTY"
"606792","Elegant Medium Carly","","CATEGORY_EMPTY"
"606817","Jelly Belly Ice Treats","","CATEGORY_EMPTY"
"607017","New Born Bundle!!","","CATEGORY_EMPTY"
"607044","White Pumpkins set Of 3. :0","","CATEGORY_EMPTY"
"607184","Adidas Climacool Trackpant","","CATEGORY_EMPTY"
"607285","DOG PUMPKIN HALLOWEEN SWEATER","","CATEGORY_EMPTY"
"607379","Nissa, Sage Animist","","CATEGORY_EMPTY"
"609272","Breyer Truck And Trailer","","CATEGORY_EMPTY"
"609290","Mixed Jewelry Lot # 2","","CATEGORY_EMPTY"
"609405","2014 Collectible Vi League","","CATEGORY_EMPTY"
"609824","Jeffree Star Posh Spice","","CATEGORY_EMPTY"
"609836","She Loves Me Broadway pride Playbill","","CATEGORY_EMPTY"
"610127","Free People Crop Sweatshirt","","CATEGORY_EMPTY"
"610378","Custom Bundle","","CATEGORY_EMPTY"
"610600","Sexy Denim Lace-up Sleeveless Jumpsuit","","CATEGORY_EMPTY"
"610646","PacSun Mom Jeans","","CATEGORY_EMPTY"
"611076","Beach Please I'm A Mermaid","","CATEGORY_EMPTY"
"611482","Shakers/water bottle","","CATEGORY_EMPTY"
"611903","Bundle for Missy's Closet","","CATEGORY_EMPTY"
"612072","For jackieoandprep Brooks Brothers","","CATEGORY_EMPTY"
"612189","Clinique Cheek Pop Blush In Nude Pop","","CATEGORY_EMPTY"
"612239","40th Anniversary Black Series C-3PO","","CATEGORY_EMPTY"
"612243",""Monoprice 30"" IPS LED backlight LCDpanel"","","CATEGORY_EMPTY"
"612292","BUNDLE FOR @changkyuns","","CATEGORY_EMPTY"
"612886","Fisher-price Alphabet Soup & Bologna","","CATEGORY_EMPTY"
"612988","Walking Dead Dog Tag/Magnet Lot","","CATEGORY_EMPTY"
"613192","shirt","","CATEGORY_EMPTY"
"613207","Large gigi","","CATEGORY_EMPTY"
"613259","Red And Black Xbox One Controller","","CATEGORY_EMPTY"
"613721","PSY-Framelord Omega","","CATEGORY_EMPTY"
"614066","Tops Only For Elenaa","","CATEGORY_EMPTY"
"614166","Staas stash","","CATEGORY_EMPTY"
"614176",""Silver black or gold ""belt buckles"""","","CATEGORY_EMPTY"
"614203","Lot of kids 14-16 and smalls in women","","CATEGORY_EMPTY"
"614276","Fossil Key Per Shopper & Wallet","","CATEGORY_EMPTY"
"614428","I Rue for Her By rue21","","CATEGORY_EMPTY"
"614852","Rae Dunn pour And SFK","","CATEGORY_EMPTY"
"614861","Halter and lead","","CATEGORY_EMPTY"
"614874","Girl's Fall/Winter 6/6x Lot STACIE","","CATEGORY_EMPTY"
"614968","NWT Red Pants","","CATEGORY_EMPTY"
"614979","Nike KD 6 Neutral Orange Fire Home Away","","CATEGORY_EMPTY"
"615471","Baseball Card Lot $$","","CATEGORY_EMPTY"
"615911","Tarte Travel Size Blush & Lippaint","","CATEGORY_EMPTY"
"616460","Authentic Mini Tommy Hilfiger Duffle","","CATEGORY_EMPTY"
"616503","Bundle for downsizing","","CATEGORY_EMPTY"
"616655","*GOLD VERSACE PENDANT*","","CATEGORY_EMPTY"
"616780","Security Latch Door Strike - Brass","","CATEGORY_EMPTY"
"617045","Isabel","","CATEGORY_EMPTY"
"617124","Bundle For Yin","","CATEGORY_EMPTY"
"617463","In Great Conditions Heels.","","CATEGORY_EMPTY"
"617632","Full Art Trainer Korrina","","CATEGORY_EMPTY"
"618169","Shea Moisture Baby Wash for Katherine","","CATEGORY_EMPTY"
"618539","Cordless Battery Clipper","","CATEGORY_EMPTY"
"618564","Grey PU Leather Bag/Mini Backpack","","CATEGORY_EMPTY"
"619383","Victoria's Secret Pajama set","","CATEGORY_EMPTY"
"619476","Nerf Rival With Bullets And Mags","","CATEGORY_EMPTY"
"619693","Nike Girl Shoes","","CATEGORY_EMPTY"
"619888","Ladies Lacoste Striped Polo","","CATEGORY_EMPTY"
"619895","Men's Blue Sk8 Hi Vans","","CATEGORY_EMPTY"
"620025","Crazy Love","","CATEGORY_EMPTY"
"620356",""Listing For ""Selling"""","","CATEGORY_EMPTY"
"620665","Joker Cup","","CATEGORY_EMPTY"
"620784","Lps Kittens","","CATEGORY_EMPTY"
"620917","bundle for samantha","","CATEGORY_EMPTY"
"621070","Doggie Steps","","CATEGORY_EMPTY"
"621243","Cinderella bundle for JSmith","","CATEGORY_EMPTY"
"621400","Wii Fighting Stick!! NEVER USED!!","","CATEGORY_EMPTY"
"621903","Room","","CATEGORY_EMPTY"
"622014","Fidget Spinner","","CATEGORY_EMPTY"
"622500","Flower Girl Headpiece","","CATEGORY_EMPTY"
"622710","ADIDAS Sports Bra + Running Shorts","","CATEGORY_EMPTY"
"623493","American Eagle Artist Crop Jeans Size 4","","CATEGORY_EMPTY"
"623546","Black Dress","","CATEGORY_EMPTY"
"623559","Hello Kitty Timer","","CATEGORY_EMPTY"
"623859","NFS - HOLDING ITEM FOR LAURA","","CATEGORY_EMPTY"
"624025","Clinique Beyond Perfecting Foundation","","CATEGORY_EMPTY"
"624504","AE Jean Shorts/PacSun Jeans Bundle","","CATEGORY_EMPTY"
"624595","Champs Sports Jogger Bundle!","","CATEGORY_EMPTY"
"624826","Receptionist Book","","CATEGORY_EMPTY"
"624843","Black Open Back Cross Cross Prom Dress","","CATEGORY_EMPTY"
"625572","Two Piece Set","","CATEGORY_EMPTY"
"625591","Lularoe Disney Little Mermaid Leggings","","CATEGORY_EMPTY"
"625617","Jeffree Star Unicorn Blood","","CATEGORY_EMPTY"
"625674","Squinkie Bundle #2","","CATEGORY_EMPTY"
"625677","Smiley pacth","","CATEGORY_EMPTY"
"625710","Saucony Shadow 6000","","CATEGORY_EMPTY"
"625804","M&M Back scratcher","","CATEGORY_EMPTY"
"626106","14k Gold Plated Top & Bottom Grillz","","CATEGORY_EMPTY"
"626393","XL Lularoe Randy","","CATEGORY_EMPTY"
"626531","Lurantis GX Full Art Sun & Moon 138/149","","CATEGORY_EMPTY"
"627425","Free People Jacket","","CATEGORY_EMPTY"
"627640","Breast milk storage bottles","","CATEGORY_EMPTY"
"627820","Bundle for Karen","","CATEGORY_EMPTY"
"627880","For Amber. :)","","CATEGORY_EMPTY"
"628174","Gray XL dog jacket","","CATEGORY_EMPTY"
"628647","Bundle For New To Me","","CATEGORY_EMPTY"
"628694","Pink Sweater","","CATEGORY_EMPTY"
"629238","bundle for Anie","","CATEGORY_EMPTY"
"630043","(on Hold For Bridgetwiese)","","CATEGORY_EMPTY"
"630057","Robert Kelly 18/99","","CATEGORY_EMPTY"
"630077","Airline Approved Pet Carrier","","CATEGORY_EMPTY"
"630393","For ShoeF","","CATEGORY_EMPTY"
"630444","Like New Men's Black And White Vans","","CATEGORY_EMPTY"
"630930","Bundle Of Two Dress And Jumpsuit","","CATEGORY_EMPTY"
"630954","Red xxs Carly","","CATEGORY_EMPTY"
"631246","For Amy Inlay","","CATEGORY_EMPTY"
"631273","3 pcs Mushroom Patch Set","","CATEGORY_EMPTY"
"631894","Red And Blue Nintendo 64","","CATEGORY_EMPTY"
"632036","⭐️ FINAL Coach Madison Lindsey Satchel","","CATEGORY_EMPTY"
"632246","Torrid Chemise NWT size 3","","CATEGORY_EMPTY"
"632718","Bundle For Karena","","CATEGORY_EMPTY"
"632993","Pack Your Trunk Marlowe Medium","","CATEGORY_EMPTY"
"633387","Black and White Wedges with Gold Studs","","CATEGORY_EMPTY"
"633424","3 NWT Packs Girls Sz 3T-5T Socks","","CATEGORY_EMPTY"
"633438","Billabong Sweatshirt","","CATEGORY_EMPTY"
"645908","5 CARTERS THREE PIECE OUTFITS","","CATEGORY_EMPTY"
"633615","Sparkley Berkenstocks (pink/ rose)","","CATEGORY_EMPTY"
"633912","Ralph Lauren Green Polo Duffle Bag","","CATEGORY_EMPTY"
"634281","BRAND NEW VS Pink Black & Grey Zip Up!","","CATEGORY_EMPTY"
"635228","616G EAR LIP SEPTUM DAITH BODY JEWELRY","","CATEGORY_EMPTY"
"635434","Coach Pin","","CATEGORY_EMPTY"
"635836","Banana Republic v-neck Sweater","","CATEGORY_EMPTY"
"636016","BON BON","","CATEGORY_EMPTY"
"636060","Suck less velcro tactical patch","","CATEGORY_EMPTY"
"636087","High Rise American Eagle Shorts","","CATEGORY_EMPTY"
"636111","Crosley Tweed Record Player","","CATEGORY_EMPTY"
"636461","Tommy Hilfiger True Star Perfume","","CATEGORY_EMPTY"
"637061","Beachbody The Body Beast Workouts","","CATEGORY_EMPTY"
"637092","Sealed neo genesis promo 9 card set","","CATEGORY_EMPTY"
"637206","Custom listing for Amy Turner","","CATEGORY_EMPTY"
"637407","American Eagle Distressed Skinny Jeans","","CATEGORY_EMPTY"
"637518","Jordan's Order","","CATEGORY_EMPTY"
"637546","American Eagle Lacey Black Flats","","CATEGORY_EMPTY"
"637668","Dog harness","","CATEGORY_EMPTY"
"637846","Bundle for Tigress","","CATEGORY_EMPTY"
"637946","Orange multi color swimsuit","","CATEGORY_EMPTY"
"637993","DREAM ANGELS GLOW 2.5 FL oz","","CATEGORY_EMPTY"
"638837","NEW Anatasia Beverly Hills Contour","","CATEGORY_EMPTY"
"639143","Mary Kay Body Mist And Foundation Brush","","CATEGORY_EMPTY"
"639670","Harley-Davidson iron on patch","","CATEGORY_EMPTY"
"639729","Kitty","","CATEGORY_EMPTY"
"639855","Fifth sun crop top bundle save for mimie","","CATEGORY_EMPTY"
"640246","Bundle for Chanel","","CATEGORY_EMPTY"
"640517","Magic Cards and Minions lot","","CATEGORY_EMPTY"
"640519","Victoria's Secret/PINK Planner","","CATEGORY_EMPTY"
"640776","Rae Dunn Chirp and Nest Birdhouses","","CATEGORY_EMPTY"
"641225","Sag harbor NWT Gingham Pants","","CATEGORY_EMPTY"
"641541","AVEDA Lavender Fleurs Oil","","CATEGORY_EMPTY"
"641838","5 New w tags dog toys.","","CATEGORY_EMPTY"
"642225","PREMIUM NFL FOOTBALL HOT PACK! 3 HITS!","","CATEGORY_EMPTY"
"642294","Obey Long-Sleeve Tee","","CATEGORY_EMPTY"
"642503","Old Nokia and Blackberry Phone","","CATEGORY_EMPTY"
"642517","Vintage Polo Jeans Ralph Lauren Sweater","","CATEGORY_EMPTY"
"642865","For love And Lemons Ole Set","","CATEGORY_EMPTY"
"643028","Pink Hamster Hideout","","CATEGORY_EMPTY"
"644225","Cookie Keychain","","CATEGORY_EMPTY"
"644768",""Air Jordan ""Bordeaux"" 7s"","","CATEGORY_EMPTY"
"644954","Pet Hair Remover","","CATEGORY_EMPTY"
"645063","@autumn_baldwin6","","CATEGORY_EMPTY"
"645284","2 pairs Vintage Roller Skates","","CATEGORY_EMPTY"
"645451","Matilda Jane Jamie Dress Or Skirt","","CATEGORY_EMPTY"
"645569","Sticker Bundle","","CATEGORY_EMPTY"
"645870","Rue 21 Perfume","","CATEGORY_EMPTY"
"646381","NWT Girls Sz 8 Justice Outfit","","CATEGORY_EMPTY"
"647075","Glitter","","CATEGORY_EMPTY"
"647683","Baraja española","","CATEGORY_EMPTY"
"647744","Mossimo Low Rise Skinny Jeans","","CATEGORY_EMPTY"
"647784","Rae Dunn Be Mine plate","","CATEGORY_EMPTY"
"648081","Hold For ClosetJunkie","","CATEGORY_EMPTY"
"648333","Brandy Melville Floral Dress","","CATEGORY_EMPTY"
"648362","Princess Pinky Eclipse Brown Lenses","","CATEGORY_EMPTY"
"648377","On hold","","CATEGORY_EMPTY"
"648380","Cat6 Ethernet Cable 100ft","","CATEGORY_EMPTY"
"648719","Bundle For LPSCRAZYLOVER","","CATEGORY_EMPTY"
"648735","Black Grey's Anatomy Scrub Pants","","CATEGORY_EMPTY"
"648770","Transformers Lot","","CATEGORY_EMPTY"
"648773","BNWT Disney Carly","","CATEGORY_EMPTY"
"648854","Girls Polo shirt","","CATEGORY_EMPTY"
"648871","Fidget Cube","","CATEGORY_EMPTY"
"649244","Women's PINK Long-Sleeve Shirt","","CATEGORY_EMPTY"
"649613","Ex Cards NOT INCLUDING MAGMAR HOLD","","CATEGORY_EMPTY"
"649661","Digital Pocket Scales","","CATEGORY_EMPTY"
"650201","NEVER OPENED Nest Cam Security Camera","","CATEGORY_EMPTY"
"650552","Nine West Black Wedges Size 7","","CATEGORY_EMPTY"
"651107","Entenmann's ultimate jumbo cupcake pan","","CATEGORY_EMPTY"
"651465","Dream Angels Bustier and Panty Set","","CATEGORY_EMPTY"
"651530","Tiffany & Co. Engraveable Key Ring","","CATEGORY_EMPTY"
"651708","Rare Pokémon Cards","","CATEGORY_EMPTY"
"651745","Lularoe Carly XL","","CATEGORY_EMPTY"
"651822","Thankful And Gather Plates","","CATEGORY_EMPTY"
"651867","NWT Shimmering Black And Red Dress","","CATEGORY_EMPTY"
"651892","Free People Trapeze","","CATEGORY_EMPTY"
"652465","Dr Browns bottles","","CATEGORY_EMPTY"
"652644","30 Iron On Letters","","CATEGORY_EMPTY"
"652929","NWOT Betsey Johnson Leggings","","CATEGORY_EMPTY"
"653176","hold for edith","","CATEGORY_EMPTY"
"653240","Bundle For Laura","","CATEGORY_EMPTY"
"653691","Forever 21 Crop Top","","CATEGORY_EMPTY"
"654425","Adidas NMD","","CATEGORY_EMPTY"
"654713","Faux Fur Handbag","","CATEGORY_EMPTY"
"654740","All 3 Jeans Bundle","","CATEGORY_EMPTY"
"654746","Magnaturals small feed &water ledge","","CATEGORY_EMPTY"
"654869","HTF Fingerlings Monkey Zoe Aqua Teal NEW","","CATEGORY_EMPTY"
"655456","Midi dress w slit on sides","","CATEGORY_EMPTY"
"655542","Uno Deluxe","","CATEGORY_EMPTY"
"657376","Ed Hardy Skull Bikini S/M","","CATEGORY_EMPTY"
"656414","Fujica STX-1","","CATEGORY_EMPTY"
"656606","Cupcake Holder Pink And Gold","","CATEGORY_EMPTY"
"657135","Olive green Men's Pants","","CATEGORY_EMPTY"
"657205","Kylie Cosmetics","","CATEGORY_EMPTY"
"657254","New car","","CATEGORY_EMPTY"
"657730","Men's Abercrombie and Fitch Sweater","","CATEGORY_EMPTY"
"657902","Y10 And W46","","CATEGORY_EMPTY"
"658497","Adjustable Dog Muzzle -","","CATEGORY_EMPTY"
"658511","Women's Nike Hoodie","","CATEGORY_EMPTY"
"658668","Pink Vs 1/4 Zip Pullover","","CATEGORY_EMPTY"
"658863","3-6 MONTH Camo hat","","CATEGORY_EMPTY"
"658879","Men's Pacsun Long Sleeve","","CATEGORY_EMPTY"
"659013","strappy black bikini top","","CATEGORY_EMPTY"
"659025","POKEMON EVOLUTIONS MISTY'S DETERMINATION","","CATEGORY_EMPTY"
"659197","Vans old skool black/white","","CATEGORY_EMPTY"
"659374","Lilly Pulitzer Necklace","","CATEGORY_EMPTY"
"659991","Will You Be My Bridesmaid Wine Label Set","","CATEGORY_EMPTY"
"660206","100 forever stamps","","CATEGORY_EMPTY"
"660464","BUNDLE FOR KATE","","CATEGORY_EMPTY"
"660487","Baby pink sweater","","CATEGORY_EMPTY"
"660785","Philosophy 4pc set","","CATEGORY_EMPTY"
"661825","Victoria Secrets","","CATEGORY_EMPTY"
"662569","Custom Bundle For LUCYXSM","","CATEGORY_EMPTY"
"662644","Ty beanie baby pair","","CATEGORY_EMPTY"
"663162","Rare Disney Pin Set","","CATEGORY_EMPTY"
"663671","SOLD to Nevolker","","CATEGORY_EMPTY"
"663744","Vs pink ultimate leggings","","CATEGORY_EMPTY"
"664006","Lularoe new with Tags Disney L/XL","","CATEGORY_EMPTY"
"664550","Automatic Nerf Gun","","CATEGORY_EMPTY"
"665633","Red converse","","CATEGORY_EMPTY"
"665844","Bundle Makeup","","CATEGORY_EMPTY"
"666046","Big Box of Yugioh Common Cards","","CATEGORY_EMPTY"
"666053","Bundle","","CATEGORY_EMPTY"
"666182","Ahhsugarsugar Lot","","CATEGORY_EMPTY"
"666191","NWT Lole organic cotton dress","","CATEGORY_EMPTY"
"666396","ON HOLD Mom Jeans Like Levi's","","CATEGORY_EMPTY"
"666405","Charizard Ex Pokemon Card!","","CATEGORY_EMPTY"
"666592","Varsity Shoe Bag","","CATEGORY_EMPTY"
"666738","Jessica Simpson Jean Romper","","CATEGORY_EMPTY"
"667116","Red North face Hooded Jacket","","CATEGORY_EMPTY"
"667203","Falsettos Playbill","","CATEGORY_EMPTY"
"667285","Planner Society For Loverofmine","","CATEGORY_EMPTY"
"667437","Great condition! Ship tomorrow!","","CATEGORY_EMPTY"
"667680","Pure Instinct Bundle","","CATEGORY_EMPTY"
"667770","Vampire Academy book *reserved*","","CATEGORY_EMPTY"
"667906","Happily Ever After Show Pin","","CATEGORY_EMPTY"
"668087","FREE SHIP XS Lab Coat","","CATEGORY_EMPTY"
"668705","Hollister Super Skinny Jeans","","CATEGORY_EMPTY"
"668764","Miss Me Jeans","","CATEGORY_EMPTY"
"668906","Cordelia Vacation Dress","","CATEGORY_EMPTY"
"669649","90s Country Music Tape Collection","","CATEGORY_EMPTY"
"669687","TOMS","","CATEGORY_EMPTY"
"669827","NIB Pet Shoppe Pet Stairs","","CATEGORY_EMPTY"
"669908","Y216 AND Y159","","CATEGORY_EMPTY"
"670112","2 Victoria's Secret Pink Baskets","","CATEGORY_EMPTY"
"670355","Aldo Fanny Pack Belt Bag","","CATEGORY_EMPTY"
"670668","Avent baby bottle","","CATEGORY_EMPTY"
"671004","Baby Pink Pom Pom Shirt","","CATEGORY_EMPTY"
"671282","Cute Planner","","CATEGORY_EMPTY"
"671308","Chi Iron on Patch","","CATEGORY_EMPTY"
"671468","Starbucks Obsessed Candle","","CATEGORY_EMPTY"
"671487","Star Wars Funko Smuggler's Bounty Bundle","","CATEGORY_EMPTY"
"671669","iPhone 6 Phone Case","","CATEGORY_EMPTY"
"671710","Jadelynn Brooke Sticker","","CATEGORY_EMPTY"
"671775","Northface Jacket","","CATEGORY_EMPTY"
"671915","Victoria's Secret Pj Set sz S","","CATEGORY_EMPTY"
"672089","ESalesCorp*","","CATEGORY_EMPTY"
"672146","Urbane Scrubs Royal Blue","","CATEGORY_EMPTY"
"672453","For Aaron","","CATEGORY_EMPTY"
"672877","Toms Drawstring Bag","","CATEGORY_EMPTY"
"673353","Fast/Free Shipping New (2)Calvin Klein L","","CATEGORY_EMPTY"
"673477","Blue Stainless Steel Ring w/ Dragons","","CATEGORY_EMPTY"
"673550","Paulvalsa","","CATEGORY_EMPTY"
"673720","** Sassy Dark Pink CASSIE Medium **","","CATEGORY_EMPTY"
"673777","AE yellow polka dot beach bag","","CATEGORY_EMPTY"
"674200","HOLD Bundle On 2 Swim shirts","","CATEGORY_EMPTY"
"674700","New Trendy 2018 Monthly Planner","","CATEGORY_EMPTY"
"674918","For Buyer","","CATEGORY_EMPTY"
"675055","Tohyo Game Manga Vol. 1","","CATEGORY_EMPTY"
"675121","Abercrombie & Fitch","","CATEGORY_EMPTY"
"675527","Brand New Bark Box","","CATEGORY_EMPTY"
"676295","Mermaid Tail","","CATEGORY_EMPTY"
"676348","Jolteon EX Generations 28/83","","CATEGORY_EMPTY"
"676454","Vera Bradley checkbook holder FREE SHIPP","","CATEGORY_EMPTY"
"676498","White Bikini Bottoms","","CATEGORY_EMPTY"
"677058","Simparica Flea And Tick Control 3 Mo","","CATEGORY_EMPTY"
"677202","FREE SHIP White Gladiator Sandals","","CATEGORY_EMPTY"
"677592","Wedding Book Bundle","","CATEGORY_EMPTY"
"677793","Black Leggings","","CATEGORY_EMPTY"
"677806","Children's Karate Sparring Gear","","CATEGORY_EMPTY"
"678200","Sher Khan Disney Pin","","CATEGORY_EMPTY"
"678426","3 Bundles + Frontal %100 Human Hair","","CATEGORY_EMPTY"
"678572","Back to school makeup bundle","","CATEGORY_EMPTY"
"678699","Bundle For Daisy","","CATEGORY_EMPTY"
"678916","GUC Plus Size Floral Peplum Top 1X","","CATEGORY_EMPTY"
"679833","Givenchy Name Brooch","","CATEGORY_EMPTY"
"679938","Pentax K1000 Camera & Lens (split image)","","CATEGORY_EMPTY"
"680187","Like new Dji phantom 2 vision with extra","","CATEGORY_EMPTY"
"680436","Vans Old Skool Peach Blush ( On Hold)","","CATEGORY_EMPTY"
"680520","Zantrex-3 60 count","","CATEGORY_EMPTY"
"681562","Brandy Melville stickers","","CATEGORY_EMPTY"
"681965","WWE Slam Crate NWO Belt Pin","","CATEGORY_EMPTY"
"682061","Almost Famous peplum top","","CATEGORY_EMPTY"
"682397","Abercrombie And Fitch NWOT YOGAS","","CATEGORY_EMPTY"
"682486","5 random pokemon stickers","","CATEGORY_EMPTY"
"682669","Aveeno And Men's Bundle","","CATEGORY_EMPTY"
"683030","Rain jacket from Pink","","CATEGORY_EMPTY"
"683126","Peachy Floam Slime! Free Shipping:)","","CATEGORY_EMPTY"
"683354","Off The Shoulder Crop Top","","CATEGORY_EMPTY"
"683769","Bundle For BellaRosa8302","","CATEGORY_EMPTY"
"684024","Pure Romance Cup","","CATEGORY_EMPTY"
"684332","Owls And Cacti bundle","","CATEGORY_EMPTY"
"684348","Black Converse","","CATEGORY_EMPTY"
"684390","Natural Life Tee","","CATEGORY_EMPTY"
"684733","Bundle for K&K","","CATEGORY_EMPTY"
"684970","Victoria Secret PINK Lanyards (2)","","CATEGORY_EMPTY"
"684991","Pokémon Cards - Tapu Lele! Full Art!","","CATEGORY_EMPTY"
"685223","Saint Bernard Lps #335","","CATEGORY_EMPTY"
"685419","Girl Clothes","","CATEGORY_EMPTY"
"685870","Victoria's Secret Fabulous Swim Top","","CATEGORY_EMPTY"
"686183","2 maternity hooded sweaters size L/XL","","CATEGORY_EMPTY"
"686336","Jake Paul OFC Youth XL shirt","","CATEGORY_EMPTY"
"686584","Bundle For Emilqt","","CATEGORY_EMPTY"
"686587","Xlarge American Eagle Sweater","","CATEGORY_EMPTY"
"686739","Forrest Green Bikini","","CATEGORY_EMPTY"
"686969","Kipling Alvar Bag NEW","","CATEGORY_EMPTY"
"687207","Swap It Pocket","","CATEGORY_EMPTY"
"687560","Beckyarnold","","CATEGORY_EMPTY"
"687751","ON HOLD PACSUN Gold Velvet Romper","","CATEGORY_EMPTY"
"687816","Game Of Thrones Night Glow Min Pop!","","CATEGORY_EMPTY"
"688032","Gekks and frye leather cream","","CATEGORY_EMPTY"
"688643","Custom Listing For Chellenl","","CATEGORY_EMPTY"
"688659","Hello Kitty Set","","CATEGORY_EMPTY"
"688828","Hold For Carter70706 Products And Tools","","CATEGORY_EMPTY"
"688900","Famous stars and straps tee shirt","","CATEGORY_EMPTY"
"689049","Black And Cream Dress","","CATEGORY_EMPTY"
"689193","Frontline GOLD for Dogs 5-22 lbs 3 month","","CATEGORY_EMPTY"
"689606","SugarBear Hair Vitamins","","CATEGORY_EMPTY"
"690022","Extreme Blue Michael Kors","","CATEGORY_EMPTY"
"690093","Guinea pig fleece pads","","CATEGORY_EMPTY"
"690124","VS PINK Campus Backpack Grey Marl","","CATEGORY_EMPTY"
"690143","Princess cee","","CATEGORY_EMPTY"
"690317","PINK /Victorias Secret Long Sleeve Top","","CATEGORY_EMPTY"
"690549","Green Ann Taylor Shift Dress","","CATEGORY_EMPTY"
"690665","Groundhog Day Playbill/Original cast","","CATEGORY_EMPTY"
"690932","Vineyard Vines Shep shirt","","CATEGORY_EMPTY"
"691087",""American Eagle ""AEO High-Rise Jegging"""","","CATEGORY_EMPTY"
"691378","Peek blush & black eye primer","","CATEGORY_EMPTY"
"691410","Early 1900's Halloween Photo","","CATEGORY_EMPTY"
"691489","Super Mario Advance Gameboy Game","","CATEGORY_EMPTY"
"691490","Unusual wood box","","CATEGORY_EMPTY"
"691674","Melaleuca Toothpaste 4 and 2 Bath bar","","CATEGORY_EMPTY"
"691684","Blue / Gold Lion Head Beaded Bracelet","","CATEGORY_EMPTY"
"692295","Tall Organizing tote 31","","CATEGORY_EMPTY"
"692320","NEW Set Of Bamboo Wooden Crochet Needles","","CATEGORY_EMPTY"
"692390","110 Floating Charms SET Many Styles","","CATEGORY_EMPTY"
"692658","Large Jewelry Lot!","","CATEGORY_EMPTY"
"692724","Suave skin Solutions Soothing With Aloe","","CATEGORY_EMPTY"
"693140","Charizard holo 11/108","","CATEGORY_EMPTY"
"693227","14k sapphire & diamond charm","","CATEGORY_EMPTY"
"693446","RESERVED BUNDLE!!","","CATEGORY_EMPTY"
"693600","Since 1941 BLEMISHED Keychain","","CATEGORY_EMPTY"
"693773","Charlotte Russe Sweater","","CATEGORY_EMPTY"
"693818","African Waist Beads","","CATEGORY_EMPTY"
"693825","40.00 for all 3 items..","","CATEGORY_EMPTY"
"693911",""Jordan ""Thunder"" Retro 4's"","","CATEGORY_EMPTY"
"694015","Beauty Samples","","CATEGORY_EMPTY"
"694033","Refuge Size 18 Jeans","","CATEGORY_EMPTY"
"694084","Twenty one pilots patch","","CATEGORY_EMPTY"
"694217","Nike Black And White SweatShirt","","CATEGORY_EMPTY"
"694252","Pink Fruity And Bright","","CATEGORY_EMPTY"
"694254","High Waisted Distressed Jeans","","CATEGORY_EMPTY"
"694484","Pet Hut / Bed","","CATEGORY_EMPTY"
"694736","Rae Dunn Be Mine Plate","","CATEGORY_EMPTY"
"694743","New Steve Madden wallet.","","CATEGORY_EMPTY"
"694928","Bundle For Starr","","CATEGORY_EMPTY"
"694940","New Unisex Star Wars Star Trek Necklace","","CATEGORY_EMPTY"
"695178","Bag Of Shells","","CATEGORY_EMPTY"
"695182","High End Custom Cues","","CATEGORY_EMPTY"
"695333","White Crop Top!","","CATEGORY_EMPTY"
"695358","No flat head baby pillow","","CATEGORY_EMPTY"
"695578","Crystal Paved Belly Button Ring","","CATEGORY_EMPTY"
"696220","Merona women's top/ Kids Polo crewneck","","CATEGORY_EMPTY"
"696759","Mandala leggings","","CATEGORY_EMPTY"
"697271","The Immortal Life Of Henrietta Lacks","","CATEGORY_EMPTY"
"697703","High waisted button jean shorts","","CATEGORY_EMPTY"
"697728","Vintage Toddler Girls Yellow Dress","","CATEGORY_EMPTY"
"697899","Blonde Wig + Chobit Ears On HOLD","","CATEGORY_EMPTY"
"697935","SpiritHoods Timberwolf 2.0 CE NWT","","CATEGORY_EMPTY"
"697938","Jessica Simpson light jacket","","CATEGORY_EMPTY"
"698271","Coach","","CATEGORY_EMPTY"
"698297","(3) Loose Gemstones","","CATEGORY_EMPTY"
"698490","Kpop BTS Jin Backpack","","CATEGORY_EMPTY"
"698619","Beaded Crop/Bralette","","CATEGORY_EMPTY"
"699027","Storage Organizer Delta","","CATEGORY_EMPTY"
"699208","Les Misérables Closing Night Playbill","","CATEGORY_EMPTY"
"699529","Vintage White Bustier Style Crop Top","","CATEGORY_EMPTY"
"699685","Sweater","","CATEGORY_EMPTY"
"699841","Bundle For Kelly","","CATEGORY_EMPTY"
"699850","Black Shorts","","CATEGORY_EMPTY"
"699896","Bundle","","CATEGORY_EMPTY"
"700089","Women's Trendy Michael Kors Coat Size S","","CATEGORY_EMPTY"
"700445","KVD - Shade & Light Contour Pallete","","CATEGORY_EMPTY"
"700995","Navy scrubs set top and pants, XS","","CATEGORY_EMPTY"
"701419","A Maroon Skirt With Colored Flowers","","CATEGORY_EMPTY"
"701361","Forever 21 Dress","","CATEGORY_EMPTY"
"701404","Wallet Fossil woman","","CATEGORY_EMPTY"
"701473","Calvin Klein Long Sleeve V Neck","","CATEGORY_EMPTY"
"701904","Hollister Men's Jeans 30x30 2 Pair + Tee","","CATEGORY_EMPTY"
"702364","Out To Sea Small Piece","","CATEGORY_EMPTY"
"702440","Origami Owl Hummingbird Charm","","CATEGORY_EMPTY"
"702731","4 Shelves Storage","","CATEGORY_EMPTY"
"703156","SnowPants/Boot Set","","CATEGORY_EMPTY"
"703169","Beaded Bikini Top SMALL","","CATEGORY_EMPTY"
"703363","Little Girls 7/8 Bundle","","CATEGORY_EMPTY"
"703456","8 Piece Bundle For Enchanted","","CATEGORY_EMPTY"
"703633","Betsey Johnson Handbag","","CATEGORY_EMPTY"
"703703","Beautiful Katamari 360","","CATEGORY_EMPTY"
"703726","Dog Leash","","CATEGORY_EMPTY"
"703871","Bundle for Emily Perez only!","","CATEGORY_EMPTY"
"704324","Lot for Brandon Tyler","","CATEGORY_EMPTY"
"705364","Reserved","","CATEGORY_EMPTY"
"705384","Minecraft Collectibles","","CATEGORY_EMPTY"
"705476","Enfagrow 10 OZ","","CATEGORY_EMPTY"
"705580","Cottonelle Wipes","","CATEGORY_EMPTY"
"706042","House Of CB Backless & Bebe Skirt","","CATEGORY_EMPTY"
"706246","Bundle","","CATEGORY_EMPTY"
"706466","Bebe Au Lait Nursing Cover","","CATEGORY_EMPTY"
"707847","Angry Birds Trifold Wallet","","CATEGORY_EMPTY"
"707993","Bo Starter Kit","","CATEGORY_EMPTY"
"708102","6 Piece Bundle","","CATEGORY_EMPTY"
"708816","Tarte BB tinted primer","","CATEGORY_EMPTY"
"709087","Wicca / Witchcraft Bundle","","CATEGORY_EMPTY"
"709159","RESERVED bundle For Wonglia!","","CATEGORY_EMPTY"
"709406","Jessica Simpson Leather Ruffled Booties","","CATEGORY_EMPTY"
"709414","Outfit Bundle","","CATEGORY_EMPTY"
"709494","Vans Purple And Blue Ombre Shoes","","CATEGORY_EMPTY"
"709603","Postpartum Binder","","CATEGORY_EMPTY"
"709604","LAST ONE 10 lbs Wholesale Clothing","","CATEGORY_EMPTY"
"709802","pyrex old orchard","","CATEGORY_EMPTY"
"709849","hippie boho fringe kimono","","CATEGORY_EMPTY"
"710579","Toddler Boys 2T Nike Outfit","","CATEGORY_EMPTY"
"710595","Overall Dress","","CATEGORY_EMPTY"
"710661","Kate Spade Planner","","CATEGORY_EMPTY"
"710700","Vintage 90's Nike Air Sweatshirt","","CATEGORY_EMPTY"
"710832","Authentic Facehugger Replica From Alien","","CATEGORY_EMPTY"
"710924","Authentic Nine West Purse","","CATEGORY_EMPTY"
"711615","Order for Michelle","","CATEGORY_EMPTY"
"712020",""9/16"" Black Solid Plugs"","","CATEGORY_EMPTY"
"712289","Size small bundle","","CATEGORY_EMPTY"
"712552","Abercrombie Super Skinny Jeans","","CATEGORY_EMPTY"
"712758","@Melissa 22 PIECE","","CATEGORY_EMPTY"
"712925","Lucky Brand 5t lot","","CATEGORY_EMPTY"
"713928","4x Headphones iPhone Chargers + Keychain","","CATEGORY_EMPTY"
"714090","Bundle","","CATEGORY_EMPTY"
"714282","10 Mini Pokemon Figures","","CATEGORY_EMPTY"
"714373","NFL FOOTBALL HOT PACK! 1 HIT!","","CATEGORY_EMPTY"
"715265","Rock Revival Shorts 27","","CATEGORY_EMPTY"
"715300","It Cosmetics 3 piece bundle","","CATEGORY_EMPTY"
"715341","Steelix EX","","CATEGORY_EMPTY"
"715484","Bundle For Anthony","","CATEGORY_EMPTY"
"715984","2x YILI BALO Coffee Body Slimming Cream","","CATEGORY_EMPTY"
"716085","Wii Game","","CATEGORY_EMPTY"
"716143","Stay Matte Foundation","","CATEGORY_EMPTY"
"716260","The Awkward Yeti Organ Attack!","","CATEGORY_EMPTY"
"716533","Converse - Tie Dye","","CATEGORY_EMPTY"
"716552","Heartgard (up to 25lbs)","","CATEGORY_EMPTY"
"716636","Saint Thomas Musical Keychain","","CATEGORY_EMPTY"
"716678","Maternity Tops Bundle","","CATEGORY_EMPTY"
"717378","Missguided SALE Olive Bundle","","CATEGORY_EMPTY"
"717385","Jeffree Star Siberian Gold Skin Frost","","CATEGORY_EMPTY"
"717429","Jessica Simpson perfume","","CATEGORY_EMPTY"
"717696","4 [rm] off similac coupons ex 9.30.17","","CATEGORY_EMPTY"
"717847","Good N Fun Dog Chews/ Bundle","","CATEGORY_EMPTY"
"718110","Kendra Scott Connor Necklace In Silver","","CATEGORY_EMPTY"
"718111","Dr. Marten's shoes size 9","","CATEGORY_EMPTY"
"718482","Doggie clothe","","CATEGORY_EMPTY"
"718873","Vintage Noritake Fine China","","CATEGORY_EMPTY"
"719334","Bundle For Valerie","","CATEGORY_EMPTY"
"720098","Supernatural Dean And Cas Cuff Bracelet","","CATEGORY_EMPTY"
"720340","Hype shirt","","CATEGORY_EMPTY"
"720551","Benefit Cosmetics Set!","","CATEGORY_EMPTY"
"720730","White Slip on Converse","","CATEGORY_EMPTY"
"721353","Xbox 360 Game - Minecraft","","CATEGORY_EMPTY"
"721429","Lularoe Xxs Black Irma","","CATEGORY_EMPTY"
"722271","Pocket Filofax Finsbury","","CATEGORY_EMPTY"
"722428","Garcinia cambogia tablets","","CATEGORY_EMPTY"
"722440","Victoria's Secret Eye Mask Set","","CATEGORY_EMPTY"
"722521","Lilly Pulitzer Dress","","CATEGORY_EMPTY"
"722874","Mickey Mouse Pirate Hat Bandana Ears","","CATEGORY_EMPTY"
"722950","Dogs Steelers Jersey","","CATEGORY_EMPTY"
"722971","Barkbox July New!","","CATEGORY_EMPTY"
"723279","NWT Toddler Vs PINK Outfit","","CATEGORY_EMPTY"
"723614","Cyberdemon Funko Pop","","CATEGORY_EMPTY"
"723752","Septarian Dragon Egg","","CATEGORY_EMPTY"
"723826","Converse 3 piece set","","CATEGORY_EMPTY"
"723871","cotton on skinnys","","CATEGORY_EMPTY"
"724142","polaroid camera!!","","CATEGORY_EMPTY"
"724179","Lps w/ babies & accessories","","CATEGORY_EMPTY"
"724357","Reva","","CATEGORY_EMPTY"
"724412","Emily630","","CATEGORY_EMPTY"
"724571","Cha cherry pin","","CATEGORY_EMPTY"
"724586","Patchwork hippie hoodie","","CATEGORY_EMPTY"
"724663","Heart of tefiti","","CATEGORY_EMPTY"
"724980","DRESS","","CATEGORY_EMPTY"
"725001","DOG WHISTLE","","CATEGORY_EMPTY"
"725157","Long Contemporary Sweater","","CATEGORY_EMPTY"
"725201","Glossier Wowder And Brush Duo","","CATEGORY_EMPTY"
"725245","Coach Purse","","CATEGORY_EMPTY"
"725450","Large & Med Workout Clothing Lot","","CATEGORY_EMPTY"
"725478","Men Perfume Samples","","CATEGORY_EMPTY"
"725557","Ps3","","CATEGORY_EMPTY"
"725709","On hold! Zara Knit sweater","","CATEGORY_EMPTY"
"725915","Pink Sport Zip Up","","CATEGORY_EMPTY"
"726135","Rae Dunn Cookies Canister","","CATEGORY_EMPTY"
"726281","Vincent Moretti Suit 3 piece 40R/34W","","CATEGORY_EMPTY"
"726396","Littlest Pet Shop Cat","","CATEGORY_EMPTY"
"726487","Nwt Gray Tulle Skirt","","CATEGORY_EMPTY"
"726657","Silver Vine Dangle Belly Button Ring","","CATEGORY_EMPTY"
"727107","Supreme Stickers 16 All Different","","CATEGORY_EMPTY"
"727299","COACH SNEAKERS","","CATEGORY_EMPTY"
"727485","Beige Hanging Pocketbook And Shoe Rack","","CATEGORY_EMPTY"
"727724","Nike","","CATEGORY_EMPTY"
"727841","R e p l i c a","","CATEGORY_EMPTY"
"727963","1st Edition Lt. Surge's Raichu Holo","","CATEGORY_EMPTY"
"728148","American Eagle Jeans","","CATEGORY_EMPTY"
"728418","ON HOLD FOR TEAGANS1","","CATEGORY_EMPTY"
"728585","Rose Embroidered Choker Bodysuit","","CATEGORY_EMPTY"
"729278","Juul","","CATEGORY_EMPTY"
"729295","lancôme paris matte lip shaker","","CATEGORY_EMPTY"
"730184","Claire's Charm Braclet","","CATEGORY_EMPTY"
"730314","Puppy/Dog/Cat Toys","","CATEGORY_EMPTY"
"730535","Glass Jar Bundle Crafts","","CATEGORY_EMPTY"
"732046","Krusty the clown NEW","","CATEGORY_EMPTY"
"732664","BUNDLE FOR AMANDA","","CATEGORY_EMPTY"
"732790","Wiccan Pagan Prayer Book","","CATEGORY_EMPTY"
"732870","Brazilian Blowout Acai Anti-Frizz Set","","CATEGORY_EMPTY"
"733018","Overall Dress","","CATEGORY_EMPTY"
"733083","Four Wireless Smart Plug, Works w/ Alexa","","CATEGORY_EMPTY"
"733469","Three GOP Tervis Tumblers","","CATEGORY_EMPTY"
"733568","Coffee & Jesus Decal","","CATEGORY_EMPTY"
"733694","Adidas","","CATEGORY_EMPTY"
"733709","Black Northface Jacket","","CATEGORY_EMPTY"
"734069","Don't Buy On Hold Gucci Tester","","CATEGORY_EMPTY"
"734160","Jordan Fire Red 4s (2012)","","CATEGORY_EMPTY"
"734164","40 Magic The Gathering Cards Bundle","","CATEGORY_EMPTY"
"734266","Alice Through The Looking Glass Vest","","CATEGORY_EMPTY"
"734590","FULL DIAMONDScz BRACELET 18K GOLDp ITALY","","CATEGORY_EMPTY"
"734822","Clicker","","CATEGORY_EMPTY"
"734834","NWT Sz 2T Minnie Mouse Outfit","","CATEGORY_EMPTY"
"734865","Kenneth Cole New York Cold Shoulder Top","","CATEGORY_EMPTY"
"735569","Condenser Mic bundle","","CATEGORY_EMPTY"
"735578","Red lobster gift card","","CATEGORY_EMPTY"
"735774",""Tri-Colored Cropped ""Manhattan"" Sweater"","","CATEGORY_EMPTY"
"735928","Handbag purse","","CATEGORY_EMPTY"
"736220","20 SUPREME PVC STICKERS","","CATEGORY_EMPTY"
"736929","OG'S NMD SHOES","","CATEGORY_EMPTY"
"737322","Blue Strapless Romper","","CATEGORY_EMPTY"
"737793","Mountain monq","","CATEGORY_EMPTY"
"737828","Daytrip Top with Bling","","CATEGORY_EMPTY"
"738052","Bundle for boat girl","","CATEGORY_EMPTY"
"738742","Pregnancy Belly Belt","","CATEGORY_EMPTY"
"739000","Women's Size 0-2 Jeans","","CATEGORY_EMPTY"
"739011","Hunger Games Mocking Jay Pin","","CATEGORY_EMPTY"
"739039","Dog Nail Clippers W/Massager","","CATEGORY_EMPTY"
"739330","Satchel","","CATEGORY_EMPTY"
"739336","Sephora sleepover toothbrush","","CATEGORY_EMPTY"
"739409","Bundle of 7 items","","CATEGORY_EMPTY"
"739962","2 playboy bunny dog shirts XXS - XS","","CATEGORY_EMPTY"
"740152","Calvin Klein Black & White Peplum Dress","","CATEGORY_EMPTY"
"740382","Logitech MX Master Wireless Mouse New","","CATEGORY_EMPTY"
"740437","Blue/Green foam slime","","CATEGORY_EMPTY"
"740648","Red Converse","","CATEGORY_EMPTY"
"740759","2 legging bundle","","CATEGORY_EMPTY"
"740945","Wedding guest book spaces - 600 entries","","CATEGORY_EMPTY"
"741298","2 Jacket Blue & green for hornsm2 Polo","","CATEGORY_EMPTY"
"741614","20 burlap runners","","CATEGORY_EMPTY"
"741676","2xl Lularoe Nicole","","CATEGORY_EMPTY"
"742246","BLACK UNISEX CROCS","","CATEGORY_EMPTY"
"742317","Pink Sweater","","CATEGORY_EMPTY"
"742469","Pastel pancho","","CATEGORY_EMPTY"
"742611","Mini donut pan","","CATEGORY_EMPTY"
"743397","LuLaRoe Carly","","CATEGORY_EMPTY"
"743413","Benefit cosmetics bundle","","CATEGORY_EMPTY"
"743548","Authentic Kate Spade","","CATEGORY_EMPTY"
"744215","Beebo hands free bottle holder","","CATEGORY_EMPTY"
"744297","Dog Lot","","CATEGORY_EMPTY"
"744320","Men's Southern Marsh Shorts Medium","","CATEGORY_EMPTY"
"744449","Hollister Bundle #2","","CATEGORY_EMPTY"
"744550","Nintendo DS/DSi Games","","CATEGORY_EMPTY"
"745172","Dog Leash & Collar Set By Juicy Couture","","CATEGORY_EMPTY"
"745214","Victoria Secret PINK Lanyards (2)","","CATEGORY_EMPTY"
"745556","American Girl Honey Puppy Dog Doll","","CATEGORY_EMPTY"
"745743","Bundle Of Two Top And Dress","","CATEGORY_EMPTY"
"745904","Claire's Nose Rings","","CATEGORY_EMPTY"
"745976","Kd 7 And Camo Adidas Size 8","","CATEGORY_EMPTY"
"746099","Maternity Pics Tulle Skirt","","CATEGORY_EMPTY"
"746231","7 LANYARD Bundle","","CATEGORY_EMPTY"
"746246","Publication Manual","","CATEGORY_EMPTY"
"746321","Triple White Nmd","","CATEGORY_EMPTY"
"746524","ULTA Pink Makeup Chest","","CATEGORY_EMPTY"
"746604","Antique Pooh doll","","CATEGORY_EMPTY"
"746792","Shea Moisture Bundle","","CATEGORY_EMPTY"
"746972","00g Blue Octopus Plugs","","CATEGORY_EMPTY"
"747346","Tommy Hilfiger high tops","","CATEGORY_EMPTY"
"747434","American Eagle Hi-Rise Jegging size 10","","CATEGORY_EMPTY"
"747480","RESERVED (2) Patch Bundle For Kathi","","CATEGORY_EMPTY"
"747518","Boys 4T Bundle","","CATEGORY_EMPTY"
"747620","Anastasia Beverly Hills Dipbrow","","CATEGORY_EMPTY"
"747765","Chocolate Slime! With Floam Beads:)","","CATEGORY_EMPTY"
"748292","Express Bag","","CATEGORY_EMPTY"
"748314","No Tears Today Soft Graphic Tee","","CATEGORY_EMPTY"
"748593","Airsoft Goggles And Lower Face Mask","","CATEGORY_EMPTY"
"748659","Sexy pirate costume XL","","CATEGORY_EMPTY"
"748695","apple pencil","","CATEGORY_EMPTY"
"748746","VS Dog Request","","CATEGORY_EMPTY"
"748824","Clockhouse C&A Dusseldorf Germany","","CATEGORY_EMPTY"
"749020","Antique Vintage Pottery Cookie Jar","","CATEGORY_EMPTY"
"749134","Pop Fantastic Beasts Newt and Pickett","","CATEGORY_EMPTY"
"749173","Lilly Pulitzer Travel Umbrella","","CATEGORY_EMPTY"
"749298","Inserts For Tieks6 7 8 9 10 No Adhesive","","CATEGORY_EMPTY"
"749793","TRUE RELIGION LEGGINGS","","CATEGORY_EMPTY"
"750121","Women's Bag","","CATEGORY_EMPTY"
"751029","Tommy Hilfiger Duffle Mini Bag","","CATEGORY_EMPTY"
"751408","[rm] Discount! Brand New AutoCAD 2017!","","CATEGORY_EMPTY"
"751417","Victoria Secret- Girls' Night","","CATEGORY_EMPTY"
"752133","VS Pink","","CATEGORY_EMPTY"
"752668","XXS LULAROE CARLY MEDALLION UNICORN!","","CATEGORY_EMPTY"
"753394","BUNDLE DEAL","","CATEGORY_EMPTY"
"753512","Lot 1","","CATEGORY_EMPTY"
"753741","2 PACK iPHONE CASE SUPREME With Stickers","","CATEGORY_EMPTY"
"753886","Baby Brezza Formula Mixer","","CATEGORY_EMPTY"
"753936","black gabriella romper","","CATEGORY_EMPTY"
"754048","Clamcase Pro","","CATEGORY_EMPTY"
"754069","PS4 Infamous Second Son","","CATEGORY_EMPTY"
"754199","Green faux leather jacket size Small","","CATEGORY_EMPTY"
"754378","Custom Bundle","","CATEGORY_EMPTY"
"754649","Yellow Lulus Dress","","CATEGORY_EMPTY"
"754737","Taylor Swift And Lana Del Rey Records","","CATEGORY_EMPTY"
"754863","Perfume Collection VS, Chanel, Chloe","","CATEGORY_EMPTY"
"754899",""Steve Madden ""Kennee"" Open Toe Bootie"","","CATEGORY_EMPTY"
"754922","2 Pairs New Men's Boxer Briefs Small","","CATEGORY_EMPTY"
"755156","eyebrows bundle","","CATEGORY_EMPTY"
"755244","Bundle 40 Dollars","","CATEGORY_EMPTY"
"755395","Unused iPhone 7 Plus OtterBox","","CATEGORY_EMPTY"
"755477","Light Pink Two Piece Outfit","","CATEGORY_EMPTY"
"756152","Nerf Shield And Clip RESERVED","","CATEGORY_EMPTY"
"756154","Disney Pixar Ratatouille DVD + Blu-ray","","CATEGORY_EMPTY"
"756446","Pokémon Noble Victories N Play Set","","CATEGORY_EMPTY"
"757169","LuLaRoe Julia","","CATEGORY_EMPTY"
"757171","Frozen Kids Folding Chair","","CATEGORY_EMPTY"
"757317","Burberry pink bikini top L","","CATEGORY_EMPTY"
"757358","Thrustmaster Ferrari 458 Racing Wheel","","CATEGORY_EMPTY"
"757520","4 Pair BRAND NEW Jeans Size 2/3 Long","","CATEGORY_EMPTY"
"757916","1lb Broken Jewelry Craft Lot Gold Black","","CATEGORY_EMPTY"
"758054","Girl's Pajamas and Tank Tops","","CATEGORY_EMPTY"
"758293","Fashion Nova Olive Pants","","CATEGORY_EMPTY"
"758765","Victoria's Secret Bundle! VSX & Pink","","CATEGORY_EMPTY"
"759144","Rae Dunn Halloween Mug Set","","CATEGORY_EMPTY"
"759603","HUGE Cosmetics & Beauty Bundle!!","","CATEGORY_EMPTY"
"762708","Injustice Gods Among Us Vol. 1 Comic","","CATEGORY_EMPTY"
"759722","Flavor God Chocolate Donut Seasoning","","CATEGORY_EMPTY"
"759821","NEW Maybelline Makeup Bundle","","CATEGORY_EMPTY"
"759978","**ON HOLD for Lowe926**","","CATEGORY_EMPTY"
"760119","First and Shalimar Perfume Bundle","","CATEGORY_EMPTY"
"760594","Moon Crescent Chakra Pendant","","CATEGORY_EMPTY"
"760633","It Works Biz Materials!","","CATEGORY_EMPTY"
"760660","Littlest Pet Shop Bundle","","CATEGORY_EMPTY"
"761072","PerfectlyPosh Purifier","","CATEGORY_EMPTY"
"761343","Opalite Elephant Belly Button Ring","","CATEGORY_EMPTY"
"761638","Bundle For Tyler","","CATEGORY_EMPTY"
"761697","13 Card Seattle Seahawks NFL Lot","","CATEGORY_EMPTY"
"761932","Brand New CK White Thing Set","","CATEGORY_EMPTY"
"762208","RESERVED BUNDLE","","CATEGORY_EMPTY"
"762440","Bows","","CATEGORY_EMPTY"
"763216","Dungeons & Dragons Monster Manual","","CATEGORY_EMPTY"
"763537","Unicycle","","CATEGORY_EMPTY"
"763647","Carbon Monoxide Alarm","","CATEGORY_EMPTY"
"763649","3 antler chews for dogs","","CATEGORY_EMPTY"
"764469","Linkin Park Sticker","","CATEGORY_EMPTY"
"765064","Torino Pro Curve Brush - Medium/Hard","","CATEGORY_EMPTY"
"765100","Owl Keychain","","CATEGORY_EMPTY"
"765139","Black jacket enamel pin","","CATEGORY_EMPTY"
"765178","Bundle of pajamas and shoes.","","CATEGORY_EMPTY"
"765260","Mirror keychain","","CATEGORY_EMPTY"
"765951","Weekend x H&M","","CATEGORY_EMPTY"
"766795","Lilly pulitzer","","CATEGORY_EMPTY"
"766852","2 Pairs Of LED Shoes size 4.5","","CATEGORY_EMPTY"
"766908","CLEAN Warm Cotton And Mandarin","","CATEGORY_EMPTY"
"766981","*Custom 3 Small Shirts & 1 Pr Of Socks","","CATEGORY_EMPTY"
"767606","Ralph Lauren Outfit","","CATEGORY_EMPTY"
"767612","Authentic MK Purse","","CATEGORY_EMPTY"
"767956","BBW Hand Soap For Sydddrich","","CATEGORY_EMPTY"
"768312","Navy Blue And White Off Shoulder Top","","CATEGORY_EMPTY"
"768427","Virgin Vegan Book","","CATEGORY_EMPTY"
"768831","Ice Cream/ sorbet maker","","CATEGORY_EMPTY"
"769033","4 Chargers For IPhone And iPad","","CATEGORY_EMPTY"
"769286","Bundle For Carrissa","","CATEGORY_EMPTY"
"769322","Green Bay Packers","","CATEGORY_EMPTY"
"769766","AE & Hollister jeans","","CATEGORY_EMPTY"
"769823","Harley Lapel Pin","","CATEGORY_EMPTY"
"769930","Sexy navy blue Bodycon Lace Dress","","CATEGORY_EMPTY"
"770286","Ryuk Death Note Funko Pop","","CATEGORY_EMPTY"
"770628","TI-84 Scientific School Calculator","","CATEGORY_EMPTY"
"774179","Black and white Echo Dot","","CATEGORY_EMPTY"
"770861","Disney Designer Collection Doll","","CATEGORY_EMPTY"
"771221","Michael Montgomery Royals 1/1 Plate Auto","","CATEGORY_EMPTY"
"771255","black high top converse","","CATEGORY_EMPTY"
"771351","Hello Kitty Popsocket","","CATEGORY_EMPTY"
"771606","PS4 Webcam and Turtle Beach Ear Force","","CATEGORY_EMPTY"
"771702","Fidget Spinner Free Ship Gold","","CATEGORY_EMPTY"
"771763","Ajustable Floral Purse","","CATEGORY_EMPTY"
"772223","LuLaRoe XXS Carly","","CATEGORY_EMPTY"
"772225","Private listing for YAS'","","CATEGORY_EMPTY"
"772445","Assorted Necklaces","","CATEGORY_EMPTY"
"772803","Wedding Garter","","CATEGORY_EMPTY"
"773182","Beauty Protector Blonde/AG Sterling Duo","","CATEGORY_EMPTY"
"773519","ADIDAS BOOST BALL","","CATEGORY_EMPTY"
"773672","ON HOLD FOR ERENDIRA ORTIZ: Pumas","","CATEGORY_EMPTY"
"773801","Ipsy October And November Glam Bag","","CATEGORY_EMPTY"
"774013","RESERVE PSA 9 1st Edition Blissey 2/64","","CATEGORY_EMPTY"
"774038","AUTHENTIC BROWN MICHAEL KORS","","CATEGORY_EMPTY"
"774400","Lilly Pulitzer Wine Glasses","","CATEGORY_EMPTY"
"774714","Medela Double Electric Breastpump","","CATEGORY_EMPTY"
"774748","Lashes Everywhere","","CATEGORY_EMPTY"
"774795","Never Worn American Eagle Sweater","","CATEGORY_EMPTY"
"775002","Pusheen Passport And Bottle Opener","","CATEGORY_EMPTY"
"775213","Brandy Melville Striped Crop Sweater","","CATEGORY_EMPTY"
"775409","Bundle For Liz","","CATEGORY_EMPTY"
"775588","Merona Wedges size 11","","CATEGORY_EMPTY"
"775609","Lularoe Tie Dye Acid Wash Carly XS","","CATEGORY_EMPTY"
"775623","Limelight Shinto 1 Brand New","","CATEGORY_EMPTY"
"775659","Sport Nike& Gd Sticker","","CATEGORY_EMPTY"
"775974","White converse","","CATEGORY_EMPTY"
"776316","Stickers","","CATEGORY_EMPTY"
"776425","Set 3","","CATEGORY_EMPTY"
"776746","Rose Gold Dangle Belly Button Ring","","CATEGORY_EMPTY"
"776838","Devacurl No poo and defining gel","","CATEGORY_EMPTY"
"777122","Wedding Cake Knife","","CATEGORY_EMPTY"
"777785","For Katy-ECI New York Large Top","","CATEGORY_EMPTY"
"778584","Dress","","CATEGORY_EMPTY"
"778779","red windbreaker jacket","","CATEGORY_EMPTY"
"779131","Football Nike Cleats Size 4y","","CATEGORY_EMPTY"
"779289","Levi's","","CATEGORY_EMPTY"
"779878","Shopkins Bundle!","","CATEGORY_EMPTY"
"780295","Service Dog or ESA Harness","","CATEGORY_EMPTY"
"780596","Dan Stickers","","CATEGORY_EMPTY"
"780681","Aura Geode","","CATEGORY_EMPTY"
"780824","NEW Ashneil","","CATEGORY_EMPTY"
"781244","Bundle For Val","","CATEGORY_EMPTY"
"781437","Handmade Monq Holder Necklace","","CATEGORY_EMPTY"
"781624","Wedding Wishes","","CATEGORY_EMPTY"
"781800","German Garados Holo 1st Edition Card","","CATEGORY_EMPTY"
"782136","Blush And Bronzer","","CATEGORY_EMPTY"
"782317","Motorcycle Charms (4)","","CATEGORY_EMPTY"
"782447","5SOS Pin Badge Set","","CATEGORY_EMPTY"
"782921","Xhilaration Black and Boho Dress bundle!","","CATEGORY_EMPTY"
"782979","9 Breaks","","CATEGORY_EMPTY"
"783027","Pet Bird Toy Parakeet Cockatiel","","CATEGORY_EMPTY"
"783192","Custom Lanyard Bundle","","CATEGORY_EMPTY"
"783485","Zoo Med ceramic heat emitter","","CATEGORY_EMPTY"
"783942","Aeropostale 34x34 Free Ship","","CATEGORY_EMPTY"
"783974","Game Of Thrones Series","","CATEGORY_EMPTY"
"784239","Burnt Orange LLR Cassie Skirt Large","","CATEGORY_EMPTY"
"784343","Over Sized Calvin Klein Denim Jacket","","CATEGORY_EMPTY"
"784626","Embossed Leather Purse","","CATEGORY_EMPTY"
"784717","American Flag Picnic Blanket","","CATEGORY_EMPTY"
"784726","2T adidas Track Suit","","CATEGORY_EMPTY"
"784759","Fr Jeans","","CATEGORY_EMPTY"
"784974","Black Bomber Jacket","","CATEGORY_EMPTY"
"785034","Your Order","","CATEGORY_EMPTY"
"785100","Black with Cream Polka Dot Irma","","CATEGORY_EMPTY"
"785453","Marvel The Collector Funko Pop","","CATEGORY_EMPTY"
"785457","Summer Bundle!","","CATEGORY_EMPTY"
"785467","Yarn","","CATEGORY_EMPTY"
"785576","Black Tattoo Ink","","CATEGORY_EMPTY"
"785904","Dog Dress","","CATEGORY_EMPTY"
"786143","Toddler/boys 3 Piece Suit, Size 4t","","CATEGORY_EMPTY"
"786152","Brandy Melville Faye Tank","","CATEGORY_EMPTY"
"786551","Pottery For April - Reserved For Loveall","","CATEGORY_EMPTY"
"786558","Bundle! 3x Items","","CATEGORY_EMPTY"
"787353","RESERVED:Josephthegamer Logitech s.s.","","CATEGORY_EMPTY"
"787375","Bundle For Holly","","CATEGORY_EMPTY"
"787570","nike huarache","","CATEGORY_EMPTY"
"787601","Dog Collar and Harness XS","","CATEGORY_EMPTY"
"787734","American Girl Beforever Marryellen","","CATEGORY_EMPTY"
"787782","Bundle for Paris","","CATEGORY_EMPTY"
"788115",""3/4"" Zombie Plugs"","","CATEGORY_EMPTY"
"788132","156 Pokemon Cards","","CATEGORY_EMPTY"
"788208","Dunkin Donuts Sweater","","CATEGORY_EMPTY"
"788249","Black Scrub Top - Small","","CATEGORY_EMPTY"
"788775","Graphics Card","","CATEGORY_EMPTY"
"788920","7 Faux Nose Rings 22g Body Jewelry L7","","CATEGORY_EMPTY"
"789401","Puma Top","","CATEGORY_EMPTY"
"791479","12 mo. Boy Lot, 24 pieces","","CATEGORY_EMPTY"
"790064","Wireless Smart Plug, Works w/ Alexa","","CATEGORY_EMPTY"
"790256","Boho Burnt Red And Bright Blue Nose Ring","","CATEGORY_EMPTY"
"790314","Ballet Flats Bundle 38/39","","CATEGORY_EMPTY"
"790642","Thankful","","CATEGORY_EMPTY"
"790697","Wet Seal Rainbow Sweater","","CATEGORY_EMPTY"
"791296","Tattoo gun and equipment","","CATEGORY_EMPTY"
"791340","4 Nose Rings (hoops)","","CATEGORY_EMPTY"
"791594","FROZEN BUNDLE FOR KRISTIN","","CATEGORY_EMPTY"
"791722","HOLD FOR LEXI","","CATEGORY_EMPTY"
"791768","Denim Jeans","","CATEGORY_EMPTY"
"791804","Vintage Lilly Pulitzer Cable Knit M","","CATEGORY_EMPTY"
"793404","free People Thermal","","CATEGORY_EMPTY"
"792336","New nb-3m set","","CATEGORY_EMPTY"
"792422","Jeweled Rave Pantyhose","","CATEGORY_EMPTY"
"792538","Cowry Shell [Free Ship]","","CATEGORY_EMPTY"
"792621","Gucci II Women's Fragrance","","CATEGORY_EMPTY"
"793046","Fidget Spinner","","CATEGORY_EMPTY"
"793049","Incipio Offgrid wireless for S7 Edge","","CATEGORY_EMPTY"
"793389","Adidas","","CATEGORY_EMPTY"
"793427","Cz 18k white gold plated ring","","CATEGORY_EMPTY"
"793476","Authentic coach purse and wallet","","CATEGORY_EMPTY"
"793623","VS PINK Student Planner","","CATEGORY_EMPTY"
"793780","Toothbrush And Paste For Cat Or Dog","","CATEGORY_EMPTY"
"793942","Ugg Sheepskin Care Kit","","CATEGORY_EMPTY"
"794320","Off the Shoulder Crop Top","","CATEGORY_EMPTY"
"794530","free ship embryolisse moisturizer/primer","","CATEGORY_EMPTY"
"794625","Moschino Bear iron On","","CATEGORY_EMPTY"
"795092","M - Comfy olive green jumper","","CATEGORY_EMPTY"
"795258","Bundle For Elizabeth","","CATEGORY_EMPTY"
"795596","For Delaney","","CATEGORY_EMPTY"
"795632","Supreme vinyl sticker","","CATEGORY_EMPTY"
"795861","MTG Archenemy Nicol Bolas","","CATEGORY_EMPTY"
"795886","Cassette Tape To USB Converter","","CATEGORY_EMPTY"
"796051","NWT The North Face grey cypress skirt","","CATEGORY_EMPTY"
"796144","Tick Twister Efficient Set Of Tick Remo","","CATEGORY_EMPTY"
"796160","Dog bundle treats","","CATEGORY_EMPTY"
"796363","Xs Carly NWOT","","CATEGORY_EMPTY"
"797031","Gyarados","","CATEGORY_EMPTY"
"797415","HOLLISTER Jeans Never Worn!!","","CATEGORY_EMPTY"
"797576",""""Soft & Sexy"" Shoulderless Tee A&E"","","CATEGORY_EMPTY"
"797695","Hollister Hoodie","","CATEGORY_EMPTY"
"798009","Gas Monkey Grill White And Black 3x","","CATEGORY_EMPTY"
"798513","American Eagle babydoll dress","","CATEGORY_EMPTY"
"798632","Notre Dame Fighting Irish Shirt","","CATEGORY_EMPTY"
"798697","15 Supreme PVC Stickers","","CATEGORY_EMPTY"
"798739","Pigma Micron Bundle Lot Of 2","","CATEGORY_EMPTY"
"799002",""7/8"" Green Crackle Plugs"","","CATEGORY_EMPTY"
"799379","VS PINK Pineapple Metal Waterbottle","","CATEGORY_EMPTY"
"799708","Black summer Romper","","CATEGORY_EMPTY"
"800453","Just unicorn","","CATEGORY_EMPTY"
"800607","Utility Jacket","","CATEGORY_EMPTY"
"800855","Spider-Man Curtains","","CATEGORY_EMPTY"
"801344","Vera Bradley Lunch Bag","","CATEGORY_EMPTY"
"801508","Dream Angels Kiss Angel mist 2.5 FL OZ","","CATEGORY_EMPTY"
"801754","Micheal Jackson 5 Picture Disc W Poster","","CATEGORY_EMPTY"
"801864","Rae Dunn Papa Mug","","CATEGORY_EMPTY"
"801977","Hold For Helen","","CATEGORY_EMPTY"
"802184","Wand Body Massager","","CATEGORY_EMPTY"
"802321","1992 Polly Pocket Starlight Castle","","CATEGORY_EMPTY"
"802800","American eagle jeans","","CATEGORY_EMPTY"
"802921","Bts Stickers","","CATEGORY_EMPTY"
"803140","New Melanie Martinez Pins~ MIX & MATCH","","CATEGORY_EMPTY"
"803347","Devin Smith Jets Autograph Patch Card/50","","CATEGORY_EMPTY"
"803402","Pet Onesie","","CATEGORY_EMPTY"
"803443","Ralph Lauren glasses frames","","CATEGORY_EMPTY"
"803481","Red And Big Shock Pistol","","CATEGORY_EMPTY"
"803631","Awesome lemonade enamel pin","","CATEGORY_EMPTY"
"803840","Four books for English learners","","CATEGORY_EMPTY"
"804086","NWT Madewell Cafe Stripe Dress 6","","CATEGORY_EMPTY"
"804491","Burberry perfume","","CATEGORY_EMPTY"
"804782","Adidas Golf Shirt","","CATEGORY_EMPTY"
"804906","Hasbro Whac A Mole Game","","CATEGORY_EMPTY"
"805112","Elizabeth and James: Nirvana Black","","CATEGORY_EMPTY"
"805193","Reserved jolteon and scyther","","CATEGORY_EMPTY"
"805213","Abercrombie and Fitch Perfume 8","","CATEGORY_EMPTY"
"805519","Maison Martin margiela","","CATEGORY_EMPTY"
"806361","under armour bag","","CATEGORY_EMPTY"
"806508","MENS CLOTHING BUNDLE","","CATEGORY_EMPTY"
"806961","2 Skirts. 1 Long Sleeve, 1 Tank","","CATEGORY_EMPTY"
"806983","Endura T18 Complete Vaping System","","CATEGORY_EMPTY"
"807092","Hit Wheels 100 Car Case","","CATEGORY_EMPTY"
"807184","RESERVED: Bugaboo Bee+ W/ Grey Canopy","","CATEGORY_EMPTY"
"807401","Bright Green Sweater","","CATEGORY_EMPTY"
"807499","Frozen Bundle","","CATEGORY_EMPTY"
"807599","Where are all u crabs? Super cute.","","CATEGORY_EMPTY"
"808156","Original Yugioh cards bulk of 400","","CATEGORY_EMPTY"
"808365","90 Random Yugioh Card Lot with 5 foils","","CATEGORY_EMPTY"
"808560","Brown Leather Jacket","","CATEGORY_EMPTY"
"808757","Adidas Shirt","","CATEGORY_EMPTY"
"808929","nike air force 1 sneaker","","CATEGORY_EMPTY"
"809087","**RMKHAK BUNDLE**","","CATEGORY_EMPTY"
"809108","15 Supreme Laptop Stickers","","CATEGORY_EMPTY"
"809288","Black High Split Dress","","CATEGORY_EMPTY"
"809518","Black & Silver Keychain purse accessory","","CATEGORY_EMPTY"
"810673","Light Pink And Light Blue RESERVED","","CATEGORY_EMPTY"
"810910","Black 5.5/5 Coach flip flops","","CATEGORY_EMPTY"
"811057","One green Under Armour lanyard","","CATEGORY_EMPTY"
"811483","Reserved For Melissa","","CATEGORY_EMPTY"
"811773","Beautiful faux leather jacket","","CATEGORY_EMPTY"
"812044","Pokémon Book With Pokémon Cards","","CATEGORY_EMPTY"
"812049","American Eagle White Distressed Denim","","CATEGORY_EMPTY"
"812069","Sold","","CATEGORY_EMPTY"
"812348","Bundle For MARI","","CATEGORY_EMPTY"
"812497","Xhilaration Sweater XXL","","CATEGORY_EMPTY"
"812532","Knife bundle","","CATEGORY_EMPTY"
"812944","Men's Hush Puppie Shoes","","CATEGORY_EMPTY"
"812972","Forever 21 Top With Open Back !","","CATEGORY_EMPTY"
"813234","Bundle for Psyco_gerard","","CATEGORY_EMPTY"
"813361","Lego Guns","","CATEGORY_EMPTY"
"813379","Belly button ring pack of ten","","CATEGORY_EMPTY"
"813677","Dallas cowboys sweater size XL","","CATEGORY_EMPTY"
"814043","Long Sleeve Nike","","CATEGORY_EMPTY"
"814247","U.S. Mint Medals of the Presidents","","CATEGORY_EMPTY"
"814253","Cinch Jeans","","CATEGORY_EMPTY"
"814364","Button Down Skirt","","CATEGORY_EMPTY"
"814735","Reserved For Jelly BKE Sabrina 28R","","CATEGORY_EMPTY"
"814746","Brandy Melville Plaid Skort!","","CATEGORY_EMPTY"
"814954","Vans Yellow High-Tops Sneakers","","CATEGORY_EMPTY"
"815006","the princess saves herself in this one","","CATEGORY_EMPTY"
"815171","High End Make Up Bundle","","CATEGORY_EMPTY"
"815332","Vintage High Waisted Lucky Brand Jeans","","CATEGORY_EMPTY"
"815683","Mega Bloks","","CATEGORY_EMPTY"
"815849","Baby/Toddler 2pc clothing set","","CATEGORY_EMPTY"
"816260","Cat/Dog Food/Water Bowl","","CATEGORY_EMPTY"
"816458","Chocolate brown bag","","CATEGORY_EMPTY"
"816587","Abercrombie tops & shorts bundle 12 14","","CATEGORY_EMPTY"
"816678","TOP PAW BUCKLE DOG COLLAR TEAL MED 16-20","","CATEGORY_EMPTY"
"816883","LuLaRoe Carly Sz XL & TC leggings","","CATEGORY_EMPTY"
"816926","Zilla Turtle trunk","","CATEGORY_EMPTY"
"817066","Pink vs size small/xs","","CATEGORY_EMPTY"
"817249","Johnson&Johnson Bath Set","","CATEGORY_EMPTY"
"817308","Juniors Shorts","","CATEGORY_EMPTY"
"817450","@Melissa Organizer Bundle","","CATEGORY_EMPTY"
"817719","Purple Opal Sunburst Belly Button Ring","","CATEGORY_EMPTY"
"817998","Belly Button Rings","","CATEGORY_EMPTY"
"818475","Oshkosh Overall Pants","","CATEGORY_EMPTY"
"819018","Toddler's Bundle. *Alissaks","","CATEGORY_EMPTY"
"819031","10 Pack TEMPTATIONS CAT TREATS","","CATEGORY_EMPTY"
"819458","Samsung S6 32 Gb Unlocked Worldwide","","CATEGORY_EMPTY"
"819484","For Specific Customer","","CATEGORY_EMPTY"
"820196","KUIU Outdoor Jacket","","CATEGORY_EMPTY"
"820327","For Jake21","","CATEGORY_EMPTY"
"820547","15 Random Yugioh Cards","","CATEGORY_EMPTY"
"820598","Clapton 0.5 coils","","CATEGORY_EMPTY"
"820705","Morphe Palette","","CATEGORY_EMPTY"
"820737","Asics Gel Lyte III Ronnie Feig KITH USA","","CATEGORY_EMPTY"
"820919","zombie strike hammer shot - HAS NO Darts","","CATEGORY_EMPTY"
"821112","Thank You Notes For The Bride","","CATEGORY_EMPTY"
"821799","Fashion Phone; PopSocket","","CATEGORY_EMPTY"
"822137","Madewell Dress","","CATEGORY_EMPTY"
"822469","Occamy SDCC Funko Pop!","","CATEGORY_EMPTY"
"822721","Dog coverall /Pajamas. Size S/M","","CATEGORY_EMPTY"
"822731","Coffee Leather Strap/Rose Gold Trapstvle","","CATEGORY_EMPTY"
"822756","RESERVED FOR ALEXIS ONLY","","CATEGORY_EMPTY"
"822836","Harry Potter the Complete series","","CATEGORY_EMPTY"
"823313","Rose Garden Jacket and Brilliant Blouse","","CATEGORY_EMPTY"
"823469","Vera Bradley Bundle (3)","","CATEGORY_EMPTY"
"823587","Joggers&shirt Bundle ON HOLD DO NOT BUY!","","CATEGORY_EMPTY"
"823760","North Face Coat","","CATEGORY_EMPTY"
"823894","Holding for Melissa poderis","","CATEGORY_EMPTY"
"824446","2 for 1 Crop Top","","CATEGORY_EMPTY"
"824600","3 Girls Skirts","","CATEGORY_EMPTY"
"824798","Apple Watch","","CATEGORY_EMPTY"
"824920","Adidas Sweatshirt","","CATEGORY_EMPTY"
"824988","Calvin Klein Aqua Marine Sleeveless Top","","CATEGORY_EMPTY"
"825340","Symmetrical Crystal Belly Button Ring","","CATEGORY_EMPTY"
"825621","Master Lock Speed Dial 6ft Cable Lock","","CATEGORY_EMPTY"
"825777","BRAND NEW Supreme Gold Bar Chain","","CATEGORY_EMPTY"
"826216","Love & Beauty Spell Oil Mist","","CATEGORY_EMPTY"
"826472","Peyton's Bundle","","CATEGORY_EMPTY"
"826484","BTS Sweater","","CATEGORY_EMPTY"
"826563","Cool clip thermal pouch 31 gifts","","CATEGORY_EMPTY"
"826825","Super smash bros 3ds","","CATEGORY_EMPTY"
"826943","LuLaRoe XL Perfect T","","CATEGORY_EMPTY"
"827804","Artful Dodger jeans","","CATEGORY_EMPTY"
"828124","Sheet Music Stand","","CATEGORY_EMPTY"
"828246","TIDY CATS BREEZE MULTIPLE CAT LITTER PAN","","CATEGORY_EMPTY"
"828519","Small Panasonic home phone","","CATEGORY_EMPTY"
"828716","Burberry","","CATEGORY_EMPTY"
"829061","Fashion Nova Post Breakup Top (XS)","","CATEGORY_EMPTY"
"831769","Women's Wholesale Bundle Size 1X-2X!","","CATEGORY_EMPTY"
"829395","NWT Sea foam Green Romper","","CATEGORY_EMPTY"
"829421","Sunny Co Clothing One Piece Bathing Suit","","CATEGORY_EMPTY"
"829695","Sophiletta dress XS","","CATEGORY_EMPTY"
"829893","Jenns Bundle","","CATEGORY_EMPTY"
"830277","MISS ME JEANS SIZE 28","","CATEGORY_EMPTY"
"830756","Pink Palmolive * All detergent Bundle","","CATEGORY_EMPTY"
"830945","Floral Dress","","CATEGORY_EMPTY"
"831079","1984 Classics","","CATEGORY_EMPTY"
"831219","Free Ship Digital Money Counting Jar","","CATEGORY_EMPTY"
"831298","Samples, Minis and Full Size","","CATEGORY_EMPTY"
"831395","Brandy Melville Navy Blue Cotton Krissy","","CATEGORY_EMPTY"
"831841","Urban Pipeline Sweater Small","","CATEGORY_EMPTY"
"832140","Vineyard Vines 1/4 Zip Cornell Small","","CATEGORY_EMPTY"
"832450","Brand New F21 Flowy Dress","","CATEGORY_EMPTY"
"832755","Apple remote (A1294)","","CATEGORY_EMPTY"
"832858","Bestsey Johnson Handbag","","CATEGORY_EMPTY"
"833391","LuLaRoe Madison Skirt Size Large","","CATEGORY_EMPTY"
"833568","Lula Roe Carly XLARGE","","CATEGORY_EMPTY"
"833833","For Cpotter07","","CATEGORY_EMPTY"
"833945","Disney Pin Halloween Set 2017","","CATEGORY_EMPTY"
"834080","Purple Opal Sun Belly Button Ring","","CATEGORY_EMPTY"
"834281","Supreme Keychain","","CATEGORY_EMPTY"
"834559","4 Shirt Bundle","","CATEGORY_EMPTY"
"834667","NF hold for surplus","","CATEGORY_EMPTY"
"834837","Victoria's Secret Smoothing Scrub Set","","CATEGORY_EMPTY"
"835059","SOLD Cas From Supernatural","","CATEGORY_EMPTY"
"835473","Daniel Tiger and Trollt","","CATEGORY_EMPTY"
"835957","bundle for rylie","","CATEGORY_EMPTY"
"835986","Lorcac Pro Eye Shadow Palette","","CATEGORY_EMPTY"
"836069","Polo By Ralph Lauren Shoes Size 10","","CATEGORY_EMPTY"
"836405","Men's Rock Revival Size 30","","CATEGORY_EMPTY"
"836652","Nirvana iron on patch","","CATEGORY_EMPTY"
"836996","3 BRAND NEW Anklets + Free Choker","","CATEGORY_EMPTY"
"837296","Gameboy advance sp","","CATEGORY_EMPTY"
"837463","Hold For Mnute26","","CATEGORY_EMPTY"
"837585","NWT Coach Makeup Bag","","CATEGORY_EMPTY"
"837592","Bundle For Ssosa10","","CATEGORY_EMPTY"
"837726","UO cropped Sweater","","CATEGORY_EMPTY"
"837976","Blue-Eyes White Dragon Deck","","CATEGORY_EMPTY"
"838161","3pc Set Cheetah Print Room Decour","","CATEGORY_EMPTY"
"838485","Glass Bottle w/ Crown Top","","CATEGORY_EMPTY"
"838487","12 Month Fall Boy Bundle Lot","","CATEGORY_EMPTY"
"838753","Come Here Rude Boy Dress","","CATEGORY_EMPTY"
"838925","FUKR BRIEF XL","","CATEGORY_EMPTY"
"839291","Big Bundle Of Boys socks","","CATEGORY_EMPTY"
"839533","Louis Vuitton Pochette","","CATEGORY_EMPTY"
"839787","Pink Romper W Pockets And Back Zipper","","CATEGORY_EMPTY"
"839867","For Dave Myers .do not buy","","CATEGORY_EMPTY"
"840077","Blue Shoulders Off Dress","","CATEGORY_EMPTY"
"840290","Free People Bali Babe Cuff Thermal","","CATEGORY_EMPTY"
"840438","Ceramic Mushroom Hideout!","","CATEGORY_EMPTY"
"840727","Bundle For Sweet Chrissy","","CATEGORY_EMPTY"
"840982","Hold for Alexisdel","","CATEGORY_EMPTY"
"841056","Unopened ancient Mew Pokemon Card","","CATEGORY_EMPTY"
"841170","Bundle Reserved!","","CATEGORY_EMPTY"
"841461","The Back Of The Sun Dress","","CATEGORY_EMPTY"
"841617","Doc Martens Bright Yellow Shoe Laces","","CATEGORY_EMPTY"
"842080","BNWT LLR 2XL Irma & TC2 Leggings","","CATEGORY_EMPTY"
"842261","Bundle","","CATEGORY_EMPTY"
"842424","Off the shoulder Sweater","","CATEGORY_EMPTY"
"843024","Dog Toys.","","CATEGORY_EMPTY"
"843106","Elvis Presley RARE Book","","CATEGORY_EMPTY"
"843588","T-Shirt Dress","","CATEGORY_EMPTY"
"843616","Sticker bundle for yukiian","","CATEGORY_EMPTY"
"843873","Lanyard String Bundle","","CATEGORY_EMPTY"
"843903","2pair! Men's Dickie Work Pants NWOT","","CATEGORY_EMPTY"
"843944","**HOLDING ASHLEY**","","CATEGORY_EMPTY"
"844059","VS PINK Wheelie Carry On Luggage","","CATEGORY_EMPTY"
"844183","Silver Ankle Bracelet","","CATEGORY_EMPTY"
"844460","Gray Under Armour Charged Tshirt","","CATEGORY_EMPTY"
"844562","DO NOT PURCHASE. ON HOLD For SimplyNouri","","CATEGORY_EMPTY"
"844601","Floral Kimono","","CATEGORY_EMPTY"
"844659","Yu Gi Oh! 200 Card Lot","","CATEGORY_EMPTY"
"844678","Micheal Kors Eau De Parfum 3.4 FL OZ.","","CATEGORY_EMPTY"
"845287","rue 21 Photo Clip Lights","","CATEGORY_EMPTY"
"845673","Jessica Simpson Fancy Perfume","","CATEGORY_EMPTY"
"845931","Sugar Bear Hair","","CATEGORY_EMPTY"
"846039","Customizable Grillz/Grills","","CATEGORY_EMPTY"
"846163","Zoo med tropical lighting combo","","CATEGORY_EMPTY"
"846686","Rue 21 tunic dress","","CATEGORY_EMPTY"
"847095","LPS Cocker spaniel","","CATEGORY_EMPTY"
"847579","Honey Tie Dye Sweatshirt","","CATEGORY_EMPTY"
"847594","Punisher tactical velcro patch","","CATEGORY_EMPTY"
"848298","Yugioh Cards On Hold","","CATEGORY_EMPTY"
"849383","Sterling Silver Choker 《Free Shipping》","","CATEGORY_EMPTY"
"849499","Bullhead shorts","","CATEGORY_EMPTY"
"849725","Rae Dunn Tools Canister","","CATEGORY_EMPTY"
"849881",""Hurley Women's 2.5"" Beachrider Boardshrt"","","CATEGORY_EMPTY"
"850096","Vera Bradley Lunchbox","","CATEGORY_EMPTY"
"850378","Grey Pacsun Sweater Blue Floral Pocket","","CATEGORY_EMPTY"
"850499","13 Rick & Morty Stickers","","CATEGORY_EMPTY"
"850846","Game Boy With 3 Games And Chargingcable","","CATEGORY_EMPTY"
"850955","3 Italy Travel Books Rick Steves Used","","CATEGORY_EMPTY"
"851427","Huge Girls 7-9 Lot Free Ship Gymboree","","CATEGORY_EMPTY"
"851528","M And 3 Popstar Magazine Bundle","","CATEGORY_EMPTY"
"851880","Zara Dress","","CATEGORY_EMPTY"
"851958","Team USA Jacket (FREE SHIPPING)","","CATEGORY_EMPTY"
"851975","Horse mask","","CATEGORY_EMPTY"
"852054","Victoria Secret Bra & Panty set","","CATEGORY_EMPTY"
"852093","Kitten Litter Box","","CATEGORY_EMPTY"
"852330","Forever 21 Beige Satchel","","CATEGORY_EMPTY"
"853210","Raja And Jasmine Funko Mystery Minis","","CATEGORY_EMPTY"
"853250","Bundle @Recycled with Care","","CATEGORY_EMPTY"
"853374","Hot Pink Long Sleeve Romper","","CATEGORY_EMPTY"
"853506","Old metal antique 1947 MC TC midget","","CATEGORY_EMPTY"
"853737","2013 Aaron Judge Bowman Chrome Ref RC","","CATEGORY_EMPTY"
"853865","Chanel J12","","CATEGORY_EMPTY"
"853897","Nike Roshe sz 10 Toddler Black","","CATEGORY_EMPTY"
"854058","Fashion Nova You're All Mine Tunic","","CATEGORY_EMPTY"
"854091","Bobs For Dogs","","CATEGORY_EMPTY"
"854367","Rainbow Tri Spinner","","CATEGORY_EMPTY"
"855069","15 Pounds Junk Jewelry Unsorted Reserved","","CATEGORY_EMPTY"
"855261","Pink Vs Pong Balls","","CATEGORY_EMPTY"
"855331","Disney Pin Pandora","","CATEGORY_EMPTY"
"855884","Assorted Wristlets","","CATEGORY_EMPTY"
"856106","Bundle deal","","CATEGORY_EMPTY"
"856823","Harley Davidson","","CATEGORY_EMPTY"
"856927","Hakaa","","CATEGORY_EMPTY"
"856948","Royal Bones Bondage Pants","","CATEGORY_EMPTY"
"856967","The little black song book","","CATEGORY_EMPTY"
"857019","PerfectlyPosh Hoku Kukui","","CATEGORY_EMPTY"
"857020","LV Lock & Key","","CATEGORY_EMPTY"
"857574","MCM Nude Visetos Canvas Pouch","","CATEGORY_EMPTY"
"857582","Lovelyyv","","CATEGORY_EMPTY"
"857733","Pink chiffon","","CATEGORY_EMPTY"
"858220","Lularoe Cassie Skirt XS New","","CATEGORY_EMPTY"
"858656","RESERVED Custom For Bree Bundle","","CATEGORY_EMPTY"
"858871","For lesley","","CATEGORY_EMPTY"
"858923","Bundle","","CATEGORY_EMPTY"
"858999","Leggings","","CATEGORY_EMPTY"
"859294","Clothing barb tag gun","","CATEGORY_EMPTY"
"859625","Samsung Galaxy S8 Adaptive Fast Charger","","CATEGORY_EMPTY"
"859741","Black Tongue Rings 16g","","CATEGORY_EMPTY"
"860061","Fendi authentic Crossbody Flashsale","","CATEGORY_EMPTY"
"860862","Michael kors Purse","","CATEGORY_EMPTY"
"861281","Mint Gap Hoodie","","CATEGORY_EMPTY"
"861351","Tiffany & Co Gift Box Set","","CATEGORY_EMPTY"
"861897","Makeup & Skincare Samples !!","","CATEGORY_EMPTY"
"862188","Co Co Eco Styling Gel","","CATEGORY_EMPTY"
"862917","Steelers Family Car Truck Decal sticker","","CATEGORY_EMPTY"
"863011","ASST. DOG TREATS","","CATEGORY_EMPTY"
"863098","Self defense Flashlight","","CATEGORY_EMPTY"
"863155","Speedo Lzr X Size 24","","CATEGORY_EMPTY"
"863609","Hollister Jean shorts","","CATEGORY_EMPTY"
"863914","Topps Relic And Auto Lot","","CATEGORY_EMPTY"
"864364","Snowflakes succulents","","CATEGORY_EMPTY"
"865757","Hairstylist Catty","","CATEGORY_EMPTY"
"865863","Pink Harness","","CATEGORY_EMPTY"
"866073","Eyeshadow brand size L","","CATEGORY_EMPTY"
"866461","Walter White Dress","","CATEGORY_EMPTY"
"866465","Dog Costume","","CATEGORY_EMPTY"
"866496","Diary of An Oxygen Thief","","CATEGORY_EMPTY"
"866813","Reef Bottle Opener Men's Flip Flops","","CATEGORY_EMPTY"
"866908","AEO shorts","","CATEGORY_EMPTY"
"867554","Nightmare Before Christmas","","CATEGORY_EMPTY"
"867632","iPad Mini 2 In black","","CATEGORY_EMPTY"
"868038","Minnie Mouse Bag","","CATEGORY_EMPTY"
"868433","Listing For *High Regard*","","CATEGORY_EMPTY"
"868953","14K Yellow Gold Midas Chain - 20.5 x 4.5","","CATEGORY_EMPTY"
"869253","Floral Dress","","CATEGORY_EMPTY"
"869347","Supreme Stickers.","","CATEGORY_EMPTY"
"869411","Victorias secret Pink","","CATEGORY_EMPTY"
"869655","Hamilton Musical Broadway Playbill","","CATEGORY_EMPTY"
"869758","Advantage multi for cats 5.1-9lbs","","CATEGORY_EMPTY"
"869922","Funshopping123 Bundle","","CATEGORY_EMPTY"
"870250","Medium LuLaRoe Carly NWT","","CATEGORY_EMPTY"
"870535","Jailhouse charms lot","","CATEGORY_EMPTY"
"870622","Hard Rock Cafe Orlando crewneck","","CATEGORY_EMPTY"
"870875","Tommy Hilfiger","","CATEGORY_EMPTY"
"871001","Tokidoki X Lesportsac Palette Bag Charm","","CATEGORY_EMPTY"
"871061","Bebe Outfit & 2 Piece Outfit","","CATEGORY_EMPTY"
"871383","Daisy Sweater","","CATEGORY_EMPTY"
"871402","2 Piece Decor","","CATEGORY_EMPTY"
"871492","VS PINK Duffle Bag Water Bottle Black","","CATEGORY_EMPTY"
"871634","(S) Columbia Jacket","","CATEGORY_EMPTY"
"871892","Artnaturals bundle box","","CATEGORY_EMPTY"
"872432","M/L Outfit","","CATEGORY_EMPTY"
"872820","✨Cold Shoulder✨","","CATEGORY_EMPTY"
"872949","3 Granimals/1 pk Gerber 0-6mos Gowns","","CATEGORY_EMPTY"
"873206","abercrombie","","CATEGORY_EMPTY"
"873252","Heartgard","","CATEGORY_EMPTY"
"873285","Chica Y Chico B Salic 2.0 Cream","","CATEGORY_EMPTY"
"873304","Under Amour Hoodie","","CATEGORY_EMPTY"
"873719","Sunshine And Not Yours/caffeine Mugs","","CATEGORY_EMPTY"
"874014","SALE!!! Authentic Chanel Bow Sunglasses","","CATEGORY_EMPTY"
"874023","36Feet Of Rhinestone like Ribbon!! New!","","CATEGORY_EMPTY"
"874196","Tech21 Pink Silicone iPhone 6/6s Case","","CATEGORY_EMPTY"
"874222","Bundle for Jackie","","CATEGORY_EMPTY"
"874341","Save","","CATEGORY_EMPTY"
"874397","NWT URBAN OUTFITTERS OFF SHOULDER TOP","","CATEGORY_EMPTY"
"874804","Under Armour CAMO set","","CATEGORY_EMPTY"
"875206","Men's True Religion Jeans","","CATEGORY_EMPTY"
"875727","Ashley Callahan","","CATEGORY_EMPTY"
"876192","Battlefield Hardline For PS4","","CATEGORY_EMPTY"
"877033","Synthetic/Human Blend Lace Front","","CATEGORY_EMPTY"
"877037","Dog Diaper Covers","","CATEGORY_EMPTY"
"877094","Bratz Twins Babys Phoebe And Roxy","","CATEGORY_EMPTY"
"877095","Tommy Hilfiger Long Sleeved Tees","","CATEGORY_EMPTY"
"877245","RESERVED for Kristallmarie","","CATEGORY_EMPTY"
"877348","Coach Small Dog Collar","","CATEGORY_EMPTY"
"877387","Reserved","","CATEGORY_EMPTY"
"877910","NWT MENS SIGNATURE LEVI STRAUSS & CO","","CATEGORY_EMPTY"
"878048","Coral Romper","","CATEGORY_EMPTY"
"878071","SALEE","","CATEGORY_EMPTY"
"878118","NEW 3 PACK FRONTLINE 89-132LBS","","CATEGORY_EMPTY"
"878553","Studio 16 Bundle","","CATEGORY_EMPTY"
"878609","Heart wall art","","CATEGORY_EMPTY"
"878842","*RESERVED* Willow Tree Wisdom Figure","","CATEGORY_EMPTY"
"879651","Xbox Gears Of War 4 Wireless Controller","","CATEGORY_EMPTY"
"879700","Baby Bundle (13 pieces)","","CATEGORY_EMPTY"
"880581","Steve Madden Purse","","CATEGORY_EMPTY"
"880943","Hollister Jeans. Size 0R","","CATEGORY_EMPTY"
"881010","Brand New Tobacco Bowl","","CATEGORY_EMPTY"
"881160","Nike Air Yeezy 2","","CATEGORY_EMPTY"
"881293","Rae Dunn Hustle Mug","","CATEGORY_EMPTY"
"881453","Snoopy Sweatshirt","","CATEGORY_EMPTY"
"882070","Dog Dress Small","","CATEGORY_EMPTY"
"882314","Slime Bundle! 2 pack free shipping:)","","CATEGORY_EMPTY"
"882358","Tommy Bahama Dress-c","","CATEGORY_EMPTY"
"882844","For PEPI","","CATEGORY_EMPTY"
"883115","Black Opal Saturn Belly Button Ring","","CATEGORY_EMPTY"
"883231","Vintage 97 Anastasia Movie Lockets","","CATEGORY_EMPTY"
"883954","Black and White Set","","CATEGORY_EMPTY"
"884099","Lilly Pulitzer NWT Drink Hugger","","CATEGORY_EMPTY"
"884474","Pink Minnie mouse shirt or hat pin.","","CATEGORY_EMPTY"
"884984","Pink Victoria's Secret Sandals","","CATEGORY_EMPTY"
"885092","Pikachu patch","","CATEGORY_EMPTY"
"885248","Fit bit, alta!! Great condition","","CATEGORY_EMPTY"
"885263","Reserved","","CATEGORY_EMPTY"
"885395","Kat Von D Shade Light palette","","CATEGORY_EMPTY"
"885476","Dog Sweatshirt","","CATEGORY_EMPTY"
"886024","VS PINK BLOW UP DISPLAY DOG","","CATEGORY_EMPTY"
"886101","Bundle","","CATEGORY_EMPTY"
"886104","Roderick Tenorio Turtle Pin/Pendant","","CATEGORY_EMPTY"
"886845","From The Inside: Linkin Park's Meteora","","CATEGORY_EMPTY"
"886916","Skater Pro Burgundy Vans Shoes","","CATEGORY_EMPTY"
"886928","Gray and Teal Dress Lula Roe","","CATEGORY_EMPTY"
"887030","Multi Use Car Seat Cover Nursing Cover","","CATEGORY_EMPTY"
"887306","Lularoe BNWT XL Aztec Sarah*Below retail","","CATEGORY_EMPTY"
"887427","Juice Plus","","CATEGORY_EMPTY"
"887585","Vans Size 8.5","","CATEGORY_EMPTY"
"888022","Sticker - dont touch my car","","CATEGORY_EMPTY"
"888174","Dog Clothes XS, S, M, Leash, Bows, Etc","","CATEGORY_EMPTY"
"888184","Blue and gold romper","","CATEGORY_EMPTY"
"888231","NEW Josie Maran 100% Pure Argan Oil","","CATEGORY_EMPTY"
"888277","Lularoe XS Amelia Dress","","CATEGORY_EMPTY"
"888670","Maternity Clothes","","CATEGORY_EMPTY"
"888846","Victoria Secret PINK Lanyards","","CATEGORY_EMPTY"
"890252","Chaco Sticker","","CATEGORY_EMPTY"
"890566","Denim Button Up Skirt NWOT","","CATEGORY_EMPTY"
"890956","EO Accessories For Grammy Leigh Only!!!!","","CATEGORY_EMPTY"
"891421","Ily And Bethany Bundle","","CATEGORY_EMPTY"
"891643","Bundle Deal","","CATEGORY_EMPTY"
"891746","Short Bailey UGGS Size 7","","CATEGORY_EMPTY"
"891841","Bundle for BrandiLee","","CATEGORY_EMPTY"
"892001","8 Shirt Lot","","CATEGORY_EMPTY"
"892079","Bundle For Storie","","CATEGORY_EMPTY"
"892497","Jordan Future Lows","","CATEGORY_EMPTY"
"892616","Torrid Size 20S Jeans","","CATEGORY_EMPTY"
"892683","Bath And Body Works Lotion","","CATEGORY_EMPTY"
"892719","3 ah my goddess doujin","","CATEGORY_EMPTY"
"892789","Ash Grey Toms","","CATEGORY_EMPTY"
"892972","✨ FREE Shipping Slim Body Shake ✨","","CATEGORY_EMPTY"
"893304","BERROCO COMFORT","","CATEGORY_EMPTY"
"893723","2 Piece Bundle - Oil Field Strong / B","","CATEGORY_EMPTY"
"893937","Black/White Polka Dotted Lularoe Classic","","CATEGORY_EMPTY"
"894734","NWT size L","","CATEGORY_EMPTY"
"894837","Eye Makeup Super Pack","","CATEGORY_EMPTY"
"895030","#1BroncoFan 5 hearts 1 cross.","","CATEGORY_EMPTY"
"895254","Kenneth Cole Leather jacket","","CATEGORY_EMPTY"
"895358","Star Men Necklace","","CATEGORY_EMPTY"
"895700","Authentic TOMS booties","","CATEGORY_EMPTY"
"897100","hold for laiken","","CATEGORY_EMPTY"
"895749","belly rings (3)","","CATEGORY_EMPTY"
"896129","#80 Wholesale Lot Sports Clothing 23 Pc","","CATEGORY_EMPTY"
"896265","Nike Air Trainer Huarache Prm","","CATEGORY_EMPTY"
"896753","Birch Box Items Plus Extra Perfume","","CATEGORY_EMPTY"
"897420","Cool Car For Kid Or Decorations","","CATEGORY_EMPTY"
"897575","Born This Way Snow","","CATEGORY_EMPTY"
"897698","Build-a-bear and WWP bundle","","CATEGORY_EMPTY"
"897841","T25 New Never Used","","CATEGORY_EMPTY"
"897943","2 zippos","","CATEGORY_EMPTY"
"897957","Minnie Mouse Pic *ON HOLD*","","CATEGORY_EMPTY"
"898025","Pokemon Pikachu Snap Promo Rare Lot","","CATEGORY_EMPTY"
"898189","Solid 925 Silver & 14k Marijuana Pendant","","CATEGORY_EMPTY"
"898275","NEW Anatasia Beverly Hills Contour Kit","","CATEGORY_EMPTY"
"898878","Ring Size 12","","CATEGORY_EMPTY"
"899079","Baby outfits","","CATEGORY_EMPTY"
"899244","Bundle Listing","","CATEGORY_EMPTY"
"1098697","Dog Harness Sz Lg","","CATEGORY_EMPTY"
"899432","Columbia jacket","","CATEGORY_EMPTY"
"899822","Pokemon charizard ex x2 and m charizard","","CATEGORY_EMPTY"
"899872","Lularoe Mommy And Me Fish Leggings OS SM","","CATEGORY_EMPTY"
"899935","Michael Kors Handbag - Make An Offer","","CATEGORY_EMPTY"
"900244","Size Small Doggie Outfit Navy Sailor S","","CATEGORY_EMPTY"
"900454","Kyodan Yoga Workout Fitness Hoodie","","CATEGORY_EMPTY"
"900472","BRAND NEW WHITE HYDROFLASK (32OZ)","","CATEGORY_EMPTY"
"900532","New England Patriots collector set","","CATEGORY_EMPTY"
"900679","Adidas Cloud Foam LITe Racer Women's 8","","CATEGORY_EMPTY"
"900851","NEW! Pure Romance Bundle","","CATEGORY_EMPTY"
"901036","basic colored nike pro set","","CATEGORY_EMPTY"
"901187","Triple Black Nike Huaraches","","CATEGORY_EMPTY"
"901282","Children's 4t And 5 My Kid Out Grew","","CATEGORY_EMPTY"
"901478","high Low Tank Top","","CATEGORY_EMPTY"
"901498","NWOT Michael Kors Espadrilles 'Posey'","","CATEGORY_EMPTY"
"901615","Burgundy Vans Sk8 Hi Shoes","","CATEGORY_EMPTY"
"902018","Nuroo shirt","","CATEGORY_EMPTY"
"902818","Fish Hippie Sticker","","CATEGORY_EMPTY"
"902636","Hermit Crab Starter Kit","","CATEGORY_EMPTY"
"903120","Elizabeth's Bundle","","CATEGORY_EMPTY"
"903135","Green Rave Bottoms","","CATEGORY_EMPTY"
"903181","Kat Von D Perfume Duo","","CATEGORY_EMPTY"
"903562","Reserved","","CATEGORY_EMPTY"
"903648","Hamilton Playbill Original Cast","","CATEGORY_EMPTY"
"904051","Fire Opal Nipple & Belly Ring Set","","CATEGORY_EMPTY"
"904176","ICU By Barco Scrub Bottoms","","CATEGORY_EMPTY"
"904852","Brandy Melville Jada Dress","","CATEGORY_EMPTY"
"905800","Flowy Shirt","","CATEGORY_EMPTY"
"905853","Bundle. Two new travel themed dog toys","","CATEGORY_EMPTY"
"905924","Victoria Secret / Clinique Bundle","","CATEGORY_EMPTY"
"929938","Rose Water","","CATEGORY_EMPTY"
"906303","Vans Sk8 Hi Slim Parisian Navy","","CATEGORY_EMPTY"
"906316","Small Victoria's Secret Purse","","CATEGORY_EMPTY"
"906389","Black Coach Purse Crossbody","","CATEGORY_EMPTY"
"906566","Gingham Shirred Tube Top","","CATEGORY_EMPTY"
"906854","Calvin Klein Nude Cross Strap Dress","","CATEGORY_EMPTY"
"907087","Swimming Short Shorts","","CATEGORY_EMPTY"
"907137","Oatmeal Chocolate Chip Lactation Cookie","","CATEGORY_EMPTY"
"907270","Hamilton Autograph Pride Playbill","","CATEGORY_EMPTY"
"907526","Steve Madden Ecentrcq","","CATEGORY_EMPTY"
"907550","Japanese Letter Box","","CATEGORY_EMPTY"
"907809","Breast Cancer Awareness Under Armour","","CATEGORY_EMPTY"
"908445","Gap Pullover","","CATEGORY_EMPTY"
"909137","High Waisted Denim Shorts","","CATEGORY_EMPTY"
"909197","Goloho breast milk warmer/bottle warmer","","CATEGORY_EMPTY"
"909230","LifeStraw Water Filtration Bottle","","CATEGORY_EMPTY"
"909352","Makeup Nail Polish Bundle","","CATEGORY_EMPTY"
"909394","Overwach Razer Blackwidow chroma.New..","","CATEGORY_EMPTY"
"909491","Sparkly Sliver Anklet (On Hold)","","CATEGORY_EMPTY"
"909683",""""Monsters University"" Comfort Hoodie"","","CATEGORY_EMPTY"
"909703","Panama Bundle","","CATEGORY_EMPTY"
"909808","NEW Moisture Meter","","CATEGORY_EMPTY"
"909855","Pure Romance Basic Instinct","","CATEGORY_EMPTY"
"909912","Daisy Marc Jacobs Eau So Fresh Kiss","","CATEGORY_EMPTY"
"910219","SOLID PERFUME + MUM 4 JESSICA L","","CATEGORY_EMPTY"
"910561","Hulk","","CATEGORY_EMPTY"
"910641","Native American Kachina pin","","CATEGORY_EMPTY"
"910692","Dog Coat & Sweaters XXS","","CATEGORY_EMPTY"
"910821","Bundle of 2 dresses NEW az small","","CATEGORY_EMPTY"
"911048","2T/24 Months Summer Boy Carter 24 Total","","CATEGORY_EMPTY"
"911480","FREE SHIP Waterproof Spotting Scope","","CATEGORY_EMPTY"
"911504","Bundle For JewelryJunkie","","CATEGORY_EMPTY"
"911537","Nike Tops Bundle","","CATEGORY_EMPTY"
"911694","Converse","","CATEGORY_EMPTY"
"912073","Authentic Large coach purse","","CATEGORY_EMPTY"
"912369","Rae Dunn Foodie and Love Bowls","","CATEGORY_EMPTY"
"912563","MANGA LOT (range From Different Prices)","","CATEGORY_EMPTY"
"913164","Mr & Mrs Hand Towels","","CATEGORY_EMPTY"
"914001","Children's Place Pjs 18-24 Months","","CATEGORY_EMPTY"
"914520","Fuzzy Play Time Handcuffs","","CATEGORY_EMPTY"
"914639","The Story So Far Vinyl","","CATEGORY_EMPTY"
"914658","White Mini LED Clip Lamp","","CATEGORY_EMPTY"
"915393","hold for edith","","CATEGORY_EMPTY"
"916704","Maternity Sports Bra Large","","CATEGORY_EMPTY"
"916810","Zaful red 2 piece bikini - NEW","","CATEGORY_EMPTY"
"916949","Kate Spade Paperweight","","CATEGORY_EMPTY"
"917202","Sensational kit","","CATEGORY_EMPTY"
"917270","Baby. held for shop til you drop only!","","CATEGORY_EMPTY"
"917396","THUNDER SHIRT PINK 4 DOG ANXIETY MED.","","CATEGORY_EMPTY"
"917429","Violet Visible Beam Laser Pen","","CATEGORY_EMPTY"
"917529","iPhone 6 Apple Phone Case","","CATEGORY_EMPTY"
"917533","Beautiful Pink Sequin Dress XL","","CATEGORY_EMPTY"
"917963","Michael Jordan Pictures Autographed","","CATEGORY_EMPTY"
"918256","Victoria Secret PINK Lanyard","","CATEGORY_EMPTY"
"918316","Bundle","","CATEGORY_EMPTY"
"918343","Supreme Face Mask","","CATEGORY_EMPTY"
"918580","Reserved For Tina","","CATEGORY_EMPTY"
"918642","Mens True Religion Shirt","","CATEGORY_EMPTY"
"918658","Green Dial Watch for men's","","CATEGORY_EMPTY"
"918758","Women's Tan Sperry Topsiders","","CATEGORY_EMPTY"
"918865","Bundle Of Jewelry Making Kit","","CATEGORY_EMPTY"
"919159","Lularoe Randy Floral Sleeve","","CATEGORY_EMPTY"
"919282","Special Bundle Listing for Faith","","CATEGORY_EMPTY"
"919325","Forever 21+ Open Shoulder Dress","","CATEGORY_EMPTY"
"919348","Cholla Wood Wrap In Christmas Mos Plant","","CATEGORY_EMPTY"
"919359","Bundle For Myfashioncloset","","CATEGORY_EMPTY"
"919361","Victoria Secret PINK Lanyards 1 GREY","","CATEGORY_EMPTY"
"920342","Baby Boy Bundle","","CATEGORY_EMPTY"
"920450","Women's Toms Shoes","","CATEGORY_EMPTY"
"920480","Plaque","","CATEGORY_EMPTY"
"920585","Huge Maternity Lot","","CATEGORY_EMPTY"
"920966","NWT VS PINK BAG","","CATEGORY_EMPTY"
"921007","Bundle Request","","CATEGORY_EMPTY"
"921290","2 Piece Bundle","","CATEGORY_EMPTY"
"921625","Nike hoodie","","CATEGORY_EMPTY"
"921841","Monq ocean","","CATEGORY_EMPTY"
"921847","Women's CDG Tee BRAND NEW","","CATEGORY_EMPTY"
"921848","H & M Black Crossbody Bag","","CATEGORY_EMPTY"
"921869","Blue Dog Raincoat","","CATEGORY_EMPTY"
"921885","4x Headphones iPhones Charges Pom Pom","","CATEGORY_EMPTY"
"921926","Sarah Wells Breast Pump Tote","","CATEGORY_EMPTY"
"922077","Victoria Secret Pink fur coat","","CATEGORY_EMPTY"
"922803","Harley Quinn Silk Robe","","CATEGORY_EMPTY"
"922816","Yo Gabba Gabba Boom Box Radio","","CATEGORY_EMPTY"
"922896","FOX 40 CMG Classic Whistle!","","CATEGORY_EMPTY"
"923540","Dress size small","","CATEGORY_EMPTY"
"923748","3 Fake lottery tickets (prank)","","CATEGORY_EMPTY"
"923819","NEW!! Hamster Set","","CATEGORY_EMPTY"
"923890","Perlier Mughetto Lily Of The Valley Spra","","CATEGORY_EMPTY"
"924217","Aragon and Arwen Funko Pop SDCC","","CATEGORY_EMPTY"
"924099","Emmas Bundle","","CATEGORY_EMPTY"
"924573","Crib Life Dolls","","CATEGORY_EMPTY"
"924993","Black Gianni Bini Handbag","","CATEGORY_EMPTY"
"925006","Tide Clorox Gain Glade fabuloso","","CATEGORY_EMPTY"
"925283","Cotton On Jacket","","CATEGORY_EMPTY"
"925338","Knitting Needles And Organizer","","CATEGORY_EMPTY"
"925402","Floral Sleeve Shirt","","CATEGORY_EMPTY"
"925701","Bundled infants clothing","","CATEGORY_EMPTY"
"925740","For Mauiroots","","CATEGORY_EMPTY"
"926890","14k Yellow Gold Plated Huge Necklace","","CATEGORY_EMPTY"
"927149","American Eagle dress","","CATEGORY_EMPTY"
"927166","Oopsy daze shirt","","CATEGORY_EMPTY"
"927373","Bundle for rosesburning","","CATEGORY_EMPTY"
"927457","Antique 830 S. Brooch & Rose Brooch","","CATEGORY_EMPTY"
"927714","Dark navy blue winter jacket","","CATEGORY_EMPTY"
"927865","RESERVED","","CATEGORY_EMPTY"
"928128","victoria secret pullover sweatshirt","","CATEGORY_EMPTY"
"928137","Champs Men's Camouflage Thermal Shirt","","CATEGORY_EMPTY"
"928671","Closet Clearout Turquoise Tote Bag","","CATEGORY_EMPTY"
"928957","Fidget Spinner White","","CATEGORY_EMPTY"
"929380","Vintage Leather Dog Collar","","CATEGORY_EMPTY"
"929414","Free People Floral Dress","","CATEGORY_EMPTY"
"929417","Licensed Squishies Lot","","CATEGORY_EMPTY"
"929546","For Moon Princess","","CATEGORY_EMPTY"
"929600","Black And Silver Glitter Heels","","CATEGORY_EMPTY"
"929642","Lion King And Simpsons Road Rage ON HOLD","","CATEGORY_EMPTY"
"930829","the little mermaid squinkies","","CATEGORY_EMPTY"
"930914","Lootcrate- Avatar Lootpin","","CATEGORY_EMPTY"
"930950","Abercrombie And Fitch Sz S Sweater White","","CATEGORY_EMPTY"
"931193","Lularoe Perfect Tee Size XS NWT","","CATEGORY_EMPTY"
"931668","Zen And sleepy Monq Bundle","","CATEGORY_EMPTY"
"931747","Authentic Coach Leather Star Keychain","","CATEGORY_EMPTY"
"932170","Betsey Johnson wristlet","","CATEGORY_EMPTY"
"932604","Rock Revival, Jeans, Dark SALE -8/20","","CATEGORY_EMPTY"
"932811","Moana Bikini pebbles Runch","","CATEGORY_EMPTY"
"932930","New In Box Outward Hound Dog Splash Pool","","CATEGORY_EMPTY"
"933032","One Piece Top","","CATEGORY_EMPTY"
"933248","Bundle Deal: 2 Mexican Flags (3'x5')","","CATEGORY_EMPTY"
"933304","For cindy only bundle","","CATEGORY_EMPTY"
"933563","2 smiley pirate patches","","CATEGORY_EMPTY"
"933618","Size 13 Lebrons!!!","","CATEGORY_EMPTY"
"934230","Timberland Boots Size 12.5","","CATEGORY_EMPTY"
"934572","Pink Lanyard","","CATEGORY_EMPTY"
"934820","Brandy Melville Girl Power Top","","CATEGORY_EMPTY"
"935637","Baby Gap 0-3","","CATEGORY_EMPTY"
"936131","New Fashion Crystal charm pendant","","CATEGORY_EMPTY"
"947183","Retro Jordan 12","","CATEGORY_EMPTY"
"936271","Custom Kandi Order","","CATEGORY_EMPTY"
"936528","USB LED Strip 20 Color New","","CATEGORY_EMPTY"
"936809","Articuno on hold","","CATEGORY_EMPTY"
"937121","Dog Snowsuit","","CATEGORY_EMPTY"
"937208","Wedding Cake Knife Set","","CATEGORY_EMPTY"
"937427","Converse All Stars Neon Yellow/Green NEW","","CATEGORY_EMPTY"
"937690","Off Shoulder Blouse","","CATEGORY_EMPTY"
"937880","Silver Galaxy","","CATEGORY_EMPTY"
"937993","Harry Styles Fathead","","CATEGORY_EMPTY"
"938385","Nike Dri-Fit Shorts - Youth Medium","","CATEGORY_EMPTY"
"938588","Black Nike Roshes","","CATEGORY_EMPTY"
"938644","NWT Brandy Tilden Pants","","CATEGORY_EMPTY"
"938933","Medela Pump In Style Double Breast Pump","","CATEGORY_EMPTY"
"939035","Pacsun Mom Jeans! Size 24, Medium Wash","","CATEGORY_EMPTY"
"939988","Aquarium plant seeds","","CATEGORY_EMPTY"
"940131","iPhone 6/6S Brown Wallet Case","","CATEGORY_EMPTY"
"940785","Brandy Melville Light Pink Jada Dress","","CATEGORY_EMPTY"
"941064","Gerber Onesies, Parents Choice bibs, hat","","CATEGORY_EMPTY"
"941503","HOLD FOR DENISEKUIPPO","","CATEGORY_EMPTY"
"941698","Gap Mom Jeans","","CATEGORY_EMPTY"
"941734","14k Gold Plated Cz Diamond Pendant","","CATEGORY_EMPTY"
"941903","Bundle for Erin","","CATEGORY_EMPTY"
"941975","Maroon Sweater","","CATEGORY_EMPTY"
"942243","Candy corn toddler costume","","CATEGORY_EMPTY"
"942366","Cheetah jumpsuit","","CATEGORY_EMPTY"
"942475","Pink black cotton sweaters","","CATEGORY_EMPTY"
"942593","8 bags of barkbox treats and 2 toys","","CATEGORY_EMPTY"
"942667","6 Fur Ball Keychains","","CATEGORY_EMPTY"
"942795","PRIDE","","CATEGORY_EMPTY"
"943965","Paw-sh charm Set","","CATEGORY_EMPTY"
"944659","Levi Athletic Fit 541 Jeans!","","CATEGORY_EMPTY"
"944911","Sonoma Brown Dress Shoes (NEVER WORN)","","CATEGORY_EMPTY"
"945711","Mens Evil PaintBall Pants Size Medium","","CATEGORY_EMPTY"
"946000","MTG Mythic Lot of 5 Cards","","CATEGORY_EMPTY"
"946028","Forever 21 Mom Jeans","","CATEGORY_EMPTY"
"946256","Riders by Lee New with tags","","CATEGORY_EMPTY"
"946718","Small Camo Shirley BNWT","","CATEGORY_EMPTY"
"946764","0-3 Month Lot 49 Pieces","","CATEGORY_EMPTY"
"946923","Uppababy Cruz (Sale Pending - HOLD)","","CATEGORY_EMPTY"
"947120","Skull","","CATEGORY_EMPTY"
"947419","*ON HOLD* GIRLS BUNDLE","","CATEGORY_EMPTY"
"947565","3 Japanese Graded Pokémon Cards Mint 10","","CATEGORY_EMPTY"
"947698","‼️DEAL‼️ Men's Polo By Ralph Lauren","","CATEGORY_EMPTY"
"948033","4 Piece Business Casual Dress Bundle","","CATEGORY_EMPTY"
"948102","Karen Scott","","CATEGORY_EMPTY"
"948229","LuLaRoe Amelia Dress","","CATEGORY_EMPTY"
"948558","Black Flames + Black Roses Bundle","","CATEGORY_EMPTY"
"948685","Mac Highlighting and Contouring Powders","","CATEGORY_EMPTY"
"948699","Striped Romper","","CATEGORY_EMPTY"
"948840","Lululemon Picnic Play Dress Size 4","","CATEGORY_EMPTY"
"948895","Golden VS pink dog","","CATEGORY_EMPTY"
"949157","Texas78","","CATEGORY_EMPTY"
"949841","Pom Key Chain Bundle","","CATEGORY_EMPTY"
"949856","Oversized Denim Jacket/coat","","CATEGORY_EMPTY"
"950083","Stripe Flutter Sleeve Kate Spade Top","","CATEGORY_EMPTY"
"950143","Oakley Golf Markers (2)","","CATEGORY_EMPTY"
"950150","Lilly Pulitzer Phone Pouch/ Wallet","","CATEGORY_EMPTY"
"950455","Amazing Spiderman # 238","","CATEGORY_EMPTY"
"950514","Adidas Dress","","CATEGORY_EMPTY"
"950914","Sale Bundle!","","CATEGORY_EMPTY"
"950922","New PS3 Controller","","CATEGORY_EMPTY"
"951154","Under Armour, size 2t.","","CATEGORY_EMPTY"
"951603","ORYANY Ellie","","CATEGORY_EMPTY"
"951639","Bundle for Joanna","","CATEGORY_EMPTY"
"951661","MAC waterweight foundation","","CATEGORY_EMPTY"
"952249","VS sleeping masks","","CATEGORY_EMPTY"
"952461","Nerf Gun - Mega Magnus","","CATEGORY_EMPTY"
"952475","Columbia Rain Jacket","","CATEGORY_EMPTY"
"953412","Bundle! 2x No-Shock Anti-Bark Collar","","CATEGORY_EMPTY"
"953826","Froyo Slime Floam","","CATEGORY_EMPTY"
"953920","Black Wedges Size 8","","CATEGORY_EMPTY"
"954445","**SOLD Vineyard Vines Shep Shirt","","CATEGORY_EMPTY"
"954898","Marvel Cookie Cutter","","CATEGORY_EMPTY"
"955606","Aquatic plants Bacopa","","CATEGORY_EMPTY"
"955723","Cream Brandy Melville Sweater","","CATEGORY_EMPTY"
"956062","Minnie Mouse Bow-tiful Bake Shop","","CATEGORY_EMPTY"
"956180","Polo underwear","","CATEGORY_EMPTY"
"956207","Pür Afterglow Highlighter","","CATEGORY_EMPTY"
"956376","Hollister Venice Boot Cut Jeans Size 9R","","CATEGORY_EMPTY"
"956693","Pending sale","","CATEGORY_EMPTY"
"956851","Enos Slaughter Auto No Coa 5x7 Card","","CATEGORY_EMPTY"
"957008","xenomorph funko pop","","CATEGORY_EMPTY"
"957066","Reserved For Love to shop","","CATEGORY_EMPTY"
"957459","Plexus Slim/Accelerator Combo","","CATEGORY_EMPTY"
"957559","Nike Roshe Run","","CATEGORY_EMPTY"
"957831","1995 Polly Pocket Glitter Island Book","","CATEGORY_EMPTY"
"958023","Cool Realistic Heart Iron On Patch","","CATEGORY_EMPTY"
"958201","Adidas Hood Dress Size Ca","","CATEGORY_EMPTY"
"958207","Lilly Pulitzer Dress With Pockets","","CATEGORY_EMPTY"
"958818","PRADA Purse!","","CATEGORY_EMPTY"
"959030","Bundle for Kristin","","CATEGORY_EMPTY"
"959214","Misc.","","CATEGORY_EMPTY"
"959715","Lilly Pulitzer Dress","","CATEGORY_EMPTY"
"959792","Assorted Accessories And Toys","","CATEGORY_EMPTY"
"959916","Cars Transforming Mac Truck","","CATEGORY_EMPTY"
"960361","Wii Zumba Game And waste Band","","CATEGORY_EMPTY"
"960637","Cell Phone","","CATEGORY_EMPTY"
"960664","Black Sparkle Toms","","CATEGORY_EMPTY"
"960899","Bundle for Amie","","CATEGORY_EMPTY"
"961288","Bouquet Foam","","CATEGORY_EMPTY"
"961718","Coach wallet","","CATEGORY_EMPTY"
"961999","Just Fab Purse","","CATEGORY_EMPTY"
"962392","Embroidery Floss","","CATEGORY_EMPTY"
"962458","Hollister Skirt","","CATEGORY_EMPTY"
"962470","Lularoe 2XL Randy- Gray And Teal","","CATEGORY_EMPTY"
"962507","Bundle for Erika! :)","","CATEGORY_EMPTY"
"962783","Fendi purse authentic!","","CATEGORY_EMPTY"
"962792","THE TAO OF POOH By Benjamin Hoff","","CATEGORY_EMPTY"
"962919","Upspring Milkflow fenugreek drink mix","","CATEGORY_EMPTY"
"963076","Light Ripped Jeans","","CATEGORY_EMPTY"
"963463","MICHAEL KORS GOLD PERFUME","","CATEGORY_EMPTY"
"963650","New baby bottles","","CATEGORY_EMPTY"
"963673","It Works! Probiotic","","CATEGORY_EMPTY"
"964286","NWT Sz 12-18 Months Disney Outfit","","CATEGORY_EMPTY"
"965451","Guess Wrap Dress - Animal Print","","CATEGORY_EMPTY"
"965627","Vineyard Vines Vest","","CATEGORY_EMPTY"
"965634","Flower dog collar and leash leather","","CATEGORY_EMPTY"
"965825","BNWT LuLaRoe Nicole Dress, Size M","","CATEGORY_EMPTY"
"966028","2 Used Be Charged","","CATEGORY_EMPTY"
"966868","Mana Vault","","CATEGORY_EMPTY"
"967044","Scott & Scott Bundle","","CATEGORY_EMPTY"
"1146813","Tanks","","CATEGORY_EMPTY"
"967815","Jordan","","CATEGORY_EMPTY"
"968237","Milk And Honey By Rupi Kaur","","CATEGORY_EMPTY"
"968326","Large Wrap Around Dress","","CATEGORY_EMPTY"
"968446","Pokémon Cards And Organizing Sheets","","CATEGORY_EMPTY"
"968528","Skinny Jeans","","CATEGORY_EMPTY"
"968705","Men's Old Navy Sweats","","CATEGORY_EMPTY"
"968908","Cleobella Roadtrip Weekender Bag","","CATEGORY_EMPTY"
"969037","Coach Cross Body, Navy And Tan","","CATEGORY_EMPTY"
"969156","Men's Size 8.5 High Top Chukka Boot","","CATEGORY_EMPTY"
"969160","GO PRO HERO PLUS AND ACCESSORIES","","CATEGORY_EMPTY"
"969315","Paw Patrol Blanket","","CATEGORY_EMPTY"
"969353","Express One Eleven Top","","CATEGORY_EMPTY"
"969607","Reserved for LoveKidsClothes","","CATEGORY_EMPTY"
"969805","Gray Boys Suit and Black shoes","","CATEGORY_EMPTY"
"969811","Abercrombie & Fitch 8 Perfume","","CATEGORY_EMPTY"
"970453","daisy floral jean shorts","","CATEGORY_EMPTY"
"970677","Justice size *16* Bundle","","CATEGORY_EMPTY"
"970890","Joy My Little Steamer Go Mini Travel","","CATEGORY_EMPTY"
"971046","Bundle for Christine BarkBox","","CATEGORY_EMPTY"
"971378","Gucci Shopping Bag","","CATEGORY_EMPTY"
"971461","Vintage Pottery Vase Planter LN","","CATEGORY_EMPTY"
"971489","Vintage Gap Skirt","","CATEGORY_EMPTY"
"971524","Victoria's Secret PINK Sweater","","CATEGORY_EMPTY"
"972387","Victoria's Secret sequined hoodie","","CATEGORY_EMPTY"
"972477","Reserved For Andi","","CATEGORY_EMPTY"
"972604","Armani Exchange","","CATEGORY_EMPTY"
"972789","Zebra Mildliner","","CATEGORY_EMPTY"
"972881","Philips Avent fast bottle warmer","","CATEGORY_EMPTY"
"972913","VS PINK 2pc Jacket & Sweatpants","","CATEGORY_EMPTY"
"973228","Mega Art Bundle :)","","CATEGORY_EMPTY"
"973950","Mulan 97 Polly Pocket Set Complete","","CATEGORY_EMPTY"
"974132","Floral Embroidered Crop Two Piece Outfit","","CATEGORY_EMPTY"
"974136","UGG Winter Jacket","","CATEGORY_EMPTY"
"974435","Padlock GG Supreme","","CATEGORY_EMPTY"
"974980","Custom Bundle For Rachel","","CATEGORY_EMPTY"
"975557","Wunderbrow D-Fine Brow Liner & Gel","","CATEGORY_EMPTY"
"975612","Danelectro Hodad","","CATEGORY_EMPTY"
"975776","Dominican Republic Flag (3'x5')","","CATEGORY_EMPTY"
"975939","Torrid Boyfriend Jeans Size 20","","CATEGORY_EMPTY"
"976059","Motor z Jbl speaker mod","","CATEGORY_EMPTY"
"976256","Weird Al Book And Action Figure New","","CATEGORY_EMPTY"
"976474","Funko Pop! John Wick Chase (Bloody)","","CATEGORY_EMPTY"
"976571","* LILY* BUNDLE","","CATEGORY_EMPTY"
"976689","Urban Outfitters tapestry","","CATEGORY_EMPTY"
"977236","Dog Cat Pet Grooming Clippers Kit BNIB","","CATEGORY_EMPTY"
"977720","Smooth fluffy slime","","CATEGORY_EMPTY"
"977916","XL Shirt","","CATEGORY_EMPTY"
"978153","Kate spade purse","","CATEGORY_EMPTY"
"978215","Bundled Set (for Meg)","","CATEGORY_EMPTY"
"978329","Dooney and Bourke purse","","CATEGORY_EMPTY"
"978340","Vampire Fangs","","CATEGORY_EMPTY"
"978429","Torrid Dot Mesh Inset Skater Dress","","CATEGORY_EMPTY"
"978808","Victoria's Secret PINK Duffle Bag","","CATEGORY_EMPTY"
"979378","Shimmer N Shine Party supplies","","CATEGORY_EMPTY"
"979437","Vera Bradley Small Crossbody","","CATEGORY_EMPTY"
"979660","Forever 21- Paris Sweatshirt","","CATEGORY_EMPTY"
"980148","MILK AND HONEY BY RUPI KAUR","","CATEGORY_EMPTY"
"980338","KILLSTAR Rex sweatpants Large dinosaur","","CATEGORY_EMPTY"
"980476","American Eagle Jean Shorts","","CATEGORY_EMPTY"
"980587","Coca Cola Tin Lunch Box","","CATEGORY_EMPTY"
"980687","Peacock jewel.","","CATEGORY_EMPTY"
"980828","Bundle For Buy,sell,bundle","","CATEGORY_EMPTY"
"980996","Catos Shirt","","CATEGORY_EMPTY"
"981061","Nursing Bra","","CATEGORY_EMPTY"
"981195","Paloma Picasso Black","","CATEGORY_EMPTY"
"981378","Bundle For Watt","","CATEGORY_EMPTY"
"981619","Ulta Beauty Nude Matte Eyeshadow Primer","","CATEGORY_EMPTY"
"981631","Calvin Klein In2u Perfume For Him","","CATEGORY_EMPTY"
"981660","Children's Place Emoji Leggings","","CATEGORY_EMPTY"
"981965","Basketball and baseball cards","","CATEGORY_EMPTY"
"982067","Gold Arm Cuff","","CATEGORY_EMPTY"
"982423","Not For Sale - Already Sold To Someone!","","CATEGORY_EMPTY"
"982646","Vanessa Tuddle","","CATEGORY_EMPTY"
"982652","25 Captive Bead Ring Lip Nipple Jewelry","","CATEGORY_EMPTY"
"982729","Black Wedges ! Size 9 !","","CATEGORY_EMPTY"
"982907","Modern Amusement Shorts","","CATEGORY_EMPTY"
"983486","Grey Short Hair Cat Lps #468","","CATEGORY_EMPTY"
"983721","Triggers By Marshall Goldsmith","","CATEGORY_EMPTY"
"983936","CLARKS Narine Flora colletion","","CATEGORY_EMPTY"
"984536","Soft UCLA Sweater","","CATEGORY_EMPTY"
"984571","Fashion Express bag","","CATEGORY_EMPTY"
"984774","HP Pavilion DV5000 DV6000 DV8000 DV9000","","CATEGORY_EMPTY"
"984810","VS PINK Campus Backpack Deep Ruby Bling","","CATEGORY_EMPTY"
"985456","L'Oréal Bundle & Kylie Jenner","","CATEGORY_EMPTY"
"985808","96 Lion King Disney Polly Pocket Compact","","CATEGORY_EMPTY"
"988806","Brand New Forever 21 Socks","","CATEGORY_EMPTY"
"988810","Button Up Mini Shirt From Pacsun","","CATEGORY_EMPTY"
"988860","3xl Lularoe Randy Shirt","","CATEGORY_EMPTY"
"988900","Bundle","","CATEGORY_EMPTY"
"989151","Pink Floyd The Wall Hammers Patch","","CATEGORY_EMPTY"
"989245","Philosophy Product Bundle","","CATEGORY_EMPTY"
"989892","Faded Black Levi's","","CATEGORY_EMPTY"
"990221","NASA T-SHIRT (FREE SHIPPING)","","CATEGORY_EMPTY"
"990681","Playtex Vent Aire Bottles","","CATEGORY_EMPTY"
"991076","9 assorted Disney Star Wars Pins","","CATEGORY_EMPTY"
"991177","Boot & Shoe Protector + Water And Stain","","CATEGORY_EMPTY"
"993077","Bundle Of Sterling 22 Pieces","","CATEGORY_EMPTY"
"993510","Bundle 4 Pairs Of","","CATEGORY_EMPTY"
"993607","***Kim's bundle***","","CATEGORY_EMPTY"
"993882","Ann Taylor Leather Moto Jacket Size L","","CATEGORY_EMPTY"
"993940","Mac Cosmetic","","CATEGORY_EMPTY"
"994127","RESERVED NWT Free People Valencia Top, S","","CATEGORY_EMPTY"
"994239","Leather Studded Coach Purse","","CATEGORY_EMPTY"
"994362","Bundle For FabulousU","","CATEGORY_EMPTY"
"994842","Reserved Bridal Bundle for Cupcake","","CATEGORY_EMPTY"
"995054","Men's Polo Ralph Lauren Bathing Suit","","CATEGORY_EMPTY"
"995417","Replic, Tory burch, Marc Jacobs &variety","","CATEGORY_EMPTY"
"995745","Galaxy Print Pleather Sleeved Jacket","","CATEGORY_EMPTY"
"996301","Purina One Smart Blend & Purina Beneful","","CATEGORY_EMPTY"
"996312","Concealer","","CATEGORY_EMPTY"
"996458","Peter Pan, Pluto Bone & Minnie","","CATEGORY_EMPTY"
"996478","White leather 3-buckle Heels","","CATEGORY_EMPTY"
"996705","BUNDLE 17 PIECES!!!","","CATEGORY_EMPTY"
"996755","Girls 2 Piece Sweat Suit","","CATEGORY_EMPTY"
"996781","6-9 Month Girl Lot 75+ pieces(FINAL DROP","","CATEGORY_EMPTY"
"996846","Too Faced Sweethearts Blush (2)","","CATEGORY_EMPTY"
"996970","Disney","","CATEGORY_EMPTY"
"997245","Bundle for Luzbucio","","CATEGORY_EMPTY"
"997253","Y366 and Y158m","","CATEGORY_EMPTY"
"997470","Black Romper","","CATEGORY_EMPTY"
"997610","Nerf Gun With Mags And 3 Other Guns","","CATEGORY_EMPTY"
"997638","Men's Levi's And Khombu Sandals Size 9","","CATEGORY_EMPTY"
"997916","black and silver PINK shirt large","","CATEGORY_EMPTY"
"997953","Mega Full Art Pidgeot Ex And Trump Card","","CATEGORY_EMPTY"
"998007","New Rue 21 Perfume","","CATEGORY_EMPTY"
"998138","University of Michigan T (womens)","","CATEGORY_EMPTY"
"998140","Scum F*ck Flower Boy Tyler, the Creator","","CATEGORY_EMPTY"
"998263","ORANGE GAIN CLEANING BUNDLE","","CATEGORY_EMPTY"
"998519","Gray Converse","","CATEGORY_EMPTY"
"998820","The Howell Book Of Cat Care","","CATEGORY_EMPTY"
"999058","Labret Monroe Lip Ring Lot Gemstone","","CATEGORY_EMPTY"
"1031518","DOG CLOTHES","","CATEGORY_EMPTY"
"999607","STS Blue Distressed Bermuda Shorts","","CATEGORY_EMPTY"
"999630","NARUTO HEADBAND-KAKASHI SASUKE ANIME CHA","","CATEGORY_EMPTY"
"999712","Gymnastics attire","","CATEGORY_EMPTY"
"999862","Brandy Melville Yellow Dress","","CATEGORY_EMPTY"
"1000579","Supreme White Duffle Bag w/ Red Box Logo","","CATEGORY_EMPTY"
"1000734","For Prismaxo","","CATEGORY_EMPTY"
"1001130","Mom Life Decal","","CATEGORY_EMPTY"
"1001290","card Bundle","","CATEGORY_EMPTY"
"1001657","Scott Pilgrim comics (Volume 1-6)","","CATEGORY_EMPTY"
"1001881","Basketball Card Lot( For Faustino)","","CATEGORY_EMPTY"
"1001910","Rae Dunn darling mug","","CATEGORY_EMPTY"
"1001915","Legend of Zelda Breath of the Wild Case","","CATEGORY_EMPTY"
"1002396","Adriano Goldschmied Jeans","","CATEGORY_EMPTY"
"1002978","Half Zip Hoodie","","CATEGORY_EMPTY"
"1003169","Free People Jacket","","CATEGORY_EMPTY"
"1003536","Cravings Cookbook By Chrissy Teigen","","CATEGORY_EMPTY"
"1003865","Pet Action Plus For Cats","","CATEGORY_EMPTY"
"1003972","Custom Bundle","","CATEGORY_EMPTY"
"1004350","Reserved For Jessica P","","CATEGORY_EMPTY"
"1004812","Bundle For TLC","","CATEGORY_EMPTY"
"1005380","Remote Controlled Dog Training Collar","","CATEGORY_EMPTY"
"1005388","Miss Me Jeans Bundle","","CATEGORY_EMPTY"
"1005446","Kendra Scott Jewelry Bundle","","CATEGORY_EMPTY"
"1005505","Peplums","","CATEGORY_EMPTY"
"1005626","Victoria Secret Pink Sweatpants","","CATEGORY_EMPTY"
"1005804","Frozen Snackeez Snack &a Drink Cup","","CATEGORY_EMPTY"
"1006223","Lularoe Sarah Size Large EEUC","","CATEGORY_EMPTY"
"1006738","Brandy Melville Cynthia Bodysuit Lace","","CATEGORY_EMPTY"
"1006752","Victoria's Secret Sheer Love Bundle 2","","CATEGORY_EMPTY"
"1006849","White Converse","","CATEGORY_EMPTY"
"1006964","CHANEL CHANCE EAU DE PARFUM 3.4oz","","CATEGORY_EMPTY"
"1007168","Bundle -6 Piece Black Tuxedo/NF Pullover","","CATEGORY_EMPTY"
"1007348","Nintendo Game Boy Advance","","CATEGORY_EMPTY"
"1007370","XL Mint Randy With Gray Sleeves","","CATEGORY_EMPTY"
"1007526","PS4 Assassin's Creed IV and Killzone","","CATEGORY_EMPTY"
"1007548","Looney toons","","CATEGORY_EMPTY"
"1007714","Bundle For Robi","","CATEGORY_EMPTY"
"1007904","Ralph By Ralph Lauren","","CATEGORY_EMPTY"
"1007905","10 Crocheted Flowers","","CATEGORY_EMPTY"
"1008307","**GOLD VERSACE PENDANT**","","CATEGORY_EMPTY"
"1008491","Pendant","","CATEGORY_EMPTY"
"1008546","Squishy + Lps","","CATEGORY_EMPTY"
"1096793","Sock monkey","","CATEGORY_EMPTY"
"1009231","Jess1418","","CATEGORY_EMPTY"
"1009539","Timberland","","CATEGORY_EMPTY"
"1009626","Ivory Ella bracelet","","CATEGORY_EMPTY"
"1009755","H&M Blouse","","CATEGORY_EMPTY"
"1009911","Pineapple Monogram Decal","","CATEGORY_EMPTY"
"1009915","For Jenn525","","CATEGORY_EMPTY"
"1010492","ON HOLD FOR STRAWBERRI","","CATEGORY_EMPTY"
"1010652","pink victoria secret sweatshirt","","CATEGORY_EMPTY"
"1010666","White Faux Leather Jacket","","CATEGORY_EMPTY"
"1010768","BUNDLE","","CATEGORY_EMPTY"
"1011404","Reckless Jersey","","CATEGORY_EMPTY"
"1044900","Reptile Heat lamps and pads","","CATEGORY_EMPTY"
"1011893","Thirty-one Well Suited Garment Bag","","CATEGORY_EMPTY"
"1012067","Flowers For Algernon by Daniel Keyes","","CATEGORY_EMPTY"
"1014110","Monogram Jeep Decal","","CATEGORY_EMPTY"
"1012144","Stress ball","","CATEGORY_EMPTY"
"1012231","Navy Blue Stripe Floral Plus Size 3X","","CATEGORY_EMPTY"
"1012235","Big teal Jansport backpack","","CATEGORY_EMPTY"
"1012246","Ready Player One","","CATEGORY_EMPTY"
"1012460","Waterproof LED headlamp multimode","","CATEGORY_EMPTY"
"1012575","Joan Rivers Jeweled Pin","","CATEGORY_EMPTY"
"1012577","For Dear Monica","","CATEGORY_EMPTY"
"1012617","Dog or Cat Brush Many Sizes Furminator","","CATEGORY_EMPTY"
"1013095","Dog XL Good 2 Go Raincoat Reflective","","CATEGORY_EMPTY"
"1013621","Eleaf pico with melo 3 tank","","CATEGORY_EMPTY"
"1013801","Cropped Sweater","","CATEGORY_EMPTY"
"1014427","Let's Rock Elmo Collectible","","CATEGORY_EMPTY"
"1014472","High Low White Peplum Top","","CATEGORY_EMPTY"
"1014982","Twenty One Pilot's backpack.","","CATEGORY_EMPTY"
"1015072","Antique Stoneware Blue Pottery Bowl","","CATEGORY_EMPTY"
"1015206","BLACK AIR FORCE 1","","CATEGORY_EMPTY"
"1015777","Black Hightop Converse","","CATEGORY_EMPTY"
"1015941","LuLaRoe Scarlett","","CATEGORY_EMPTY"
"1016026","Dog Flea+Tick 6 Month Supply Medicine","","CATEGORY_EMPTY"
"1016101","This item,shoe bank, humidifier 4tina","","CATEGORY_EMPTY"
"1016147","Into The Water And Girl On The Train","","CATEGORY_EMPTY"
"1016290","3 Perfumes From Bath & Body Works","","CATEGORY_EMPTY"
"1016735","Rae Dunn CHOW DOWN, Hydrant & Stick Bowl","","CATEGORY_EMPTY"
"1016765","Disney Frozen Elsa Tiara Costume Crown","","CATEGORY_EMPTY"
"1017192","Aerie Denim Set","","CATEGORY_EMPTY"
"1017667","RVCA striped pocket shirt","","CATEGORY_EMPTY"
"1017825","Junk And Eat Up Dog Bowl","","CATEGORY_EMPTY"
"1018033","Gray Hydroflask (BRAND NEW)","","CATEGORY_EMPTY"
"1018498","For Shana","","CATEGORY_EMPTY"
"1018560","Gucci","","CATEGORY_EMPTY"
"1018565","Mesh Color Changing Stress Ball","","CATEGORY_EMPTY"
"1020269","Men Levi Jeans","","CATEGORY_EMPTY"
"1020303","1992 Polly Pocket Fairy Wishing World","","CATEGORY_EMPTY"
"1020667","Bundle Harley Davidson Girl Hat & Coozy","","CATEGORY_EMPTY"
"1020671","Newer Men's Dark Denim Lucky Brand Jeans","","CATEGORY_EMPTY"
"1020820","Jessica Simpson Nursing Nightgown M","","CATEGORY_EMPTY"
"1021211","NWOT TOMS","","CATEGORY_EMPTY"
"1021315","Adidas Windbreaker","","CATEGORY_EMPTY"
"1021574","Bob Ross Black Gesso","","CATEGORY_EMPTY"
"1021703","Green CROCS","","CATEGORY_EMPTY"
"1021968","Small Irma Disney- Hold For Angel","","CATEGORY_EMPTY"
"1022117","T-Mobile Samsung Galaxy S7 box","","CATEGORY_EMPTY"
"1022591","Superman Onesie! Size XL","","CATEGORY_EMPTY"
"1022819","Purse, Shirts, Shorts, Coat, Necklace","","CATEGORY_EMPTY"
"1023262","Reversible Halloween/thanksgiving","","CATEGORY_EMPTY"
"1023762","Tarte Shape Tape Concealer","","CATEGORY_EMPTY"
"1024237","Kidrobot looney tunes Taz","","CATEGORY_EMPTY"
"1024448","1x Crystal Wing Synchro Dragon","","CATEGORY_EMPTY"
"1024452","Night out dress","","CATEGORY_EMPTY"
"1024927","Ellie Thumann- Brandy Melville Sweater","","CATEGORY_EMPTY"
"1025007","3 jolyn bottoms bundle","","CATEGORY_EMPTY"
"1025645","Bullhead size 3 ripped","","CATEGORY_EMPTY"
"1026212","Doctor who sonic screwdrivers","","CATEGORY_EMPTY"
"1026713","Special lot","","CATEGORY_EMPTY"
"1026727","Hanna Andersson boys 4-5","","CATEGORY_EMPTY"
"1027116","Supreme Gold Lil Uzi Chain","","CATEGORY_EMPTY"
"1027821","Signed Waitress Playbill","","CATEGORY_EMPTY"
"1028138",""High-Top ""Summer Poolside"" Black Vans"","","CATEGORY_EMPTY"
"1028559","RESERVED New York Soho Sweater","","CATEGORY_EMPTY"
"1028562","New Baby Laundry Burp Rag","","CATEGORY_EMPTY"
"1029042","BNWT Lularoe Disney Kids leggings L/XL","","CATEGORY_EMPTY"
"1029213","Grey By E. L. James","","CATEGORY_EMPTY"
"1029250","Aeropostale Shorts","","CATEGORY_EMPTY"
"1029281","Bundle For katelyn","","CATEGORY_EMPTY"
"1029365","BUNDLE 3 shorts","","CATEGORY_EMPTY"
"1029430","RESERVED Cat Middle Finger Iron On Patch","","CATEGORY_EMPTY"
"1029448","Burlap Bridesmaid Bouquets","","CATEGORY_EMPTY"
"1029554","Kat Von D Liquid Lipstick Lolita 2","","CATEGORY_EMPTY"
"1029576","Balenciaga Dark Brown Suede reserved","","CATEGORY_EMPTY"
"1029724","Bundle For Love Purses","","CATEGORY_EMPTY"
"1029772","NEW nine west pleather bow knot shoes","","CATEGORY_EMPTY"
"1029880","Pink Victoria's Secret Planner NWT","","CATEGORY_EMPTY"
"1029955","Megaman Luigi And Yoshi","","CATEGORY_EMPTY"
"1030050","Jeffree Star Skin Frost - Eclipse","","CATEGORY_EMPTY"
"1030146","Michael Kors White Jet Set Tote","","CATEGORY_EMPTY"
"1030529","Organizer/bills/key Rack/wall Hanging","","CATEGORY_EMPTY"
"1030573","3 Dresses 3Top 2Shorts 4T/5T Clothes","","CATEGORY_EMPTY"
"1030677","Dog Pet PU Purple Collar Bone Charms","","CATEGORY_EMPTY"
"1030719","Lilly Pulitzer Popover","","CATEGORY_EMPTY"
"1030907","Lv","","CATEGORY_EMPTY"
"1030997",""Rave Loose Glitter Trio ""Mermaid Tears"""","","CATEGORY_EMPTY"
"1031184","Mustela samples","","CATEGORY_EMPTY"
"1031203","8 LANYARD Bundle","","CATEGORY_EMPTY"
"1031218","bundle for bright","","CATEGORY_EMPTY"
"1031372","3Piece Utility Glass Scraper Set [rm]SHIPD","","CATEGORY_EMPTY"
"1031823","Dressbarn l Top","","CATEGORY_EMPTY"
"1031906","Full Size Boogie/Bodyboard","","CATEGORY_EMPTY"
"1032283","Heart Bellybutton Ring","","CATEGORY_EMPTY"
"1032449","MsShatina Bundle","","CATEGORY_EMPTY"
"1033085","UGG Suede Hand Warmers","","CATEGORY_EMPTY"
"1033263","Womens Newer Brown TopShop Pants Size 25","","CATEGORY_EMPTY"
"1033268","Spaghetti Strap Dress","","CATEGORY_EMPTY"
"1033903","Emoji Bundle!!!!!!","","CATEGORY_EMPTY"
"1033982","Random 10 pc shopkins","","CATEGORY_EMPTY"
"1034105","Womens PINK hoodie","","CATEGORY_EMPTY"
"1034351","Supreme Chain","","CATEGORY_EMPTY"
"1034449","Yugioh Cards","","CATEGORY_EMPTY"
"1035024","FOR TIFFANY!! AF SHIRT","","CATEGORY_EMPTY"
"1035427","Chanel","","CATEGORY_EMPTY"
"1035570","Pink New York Yankees Sweatshirt","","CATEGORY_EMPTY"
"1035997","Lord Nermal Middle Finger Enamel Pin","","CATEGORY_EMPTY"
"1036148","Los Angeles Dodgers Shirt","","CATEGORY_EMPTY"
"1036375","Justin Bieber Purpose World Tour Hoodie","","CATEGORY_EMPTY"
"1041094","Lularoe Amelia","","CATEGORY_EMPTY"
"1036882","Sundress, Never Worn","","CATEGORY_EMPTY"
"1036903","Blaze And Paw Patrol DVD Set","","CATEGORY_EMPTY"
"1037025","Victoria's Secret Pink Dogs","","CATEGORY_EMPTY"
"1037034","Magnetic Tiles","","CATEGORY_EMPTY"
"1037038","Clutch - fade to fab","","CATEGORY_EMPTY"
"1037155","NEW RED WOMEN BOOTIES (MORE SIZES)","","CATEGORY_EMPTY"
"1037352","Black Floral Umbrella","","CATEGORY_EMPTY"
"1037454","Essential Oils With Diffuser","","CATEGORY_EMPTY"
"1037477","Purple Polka Dot Storage Box","","CATEGORY_EMPTY"
"1037555","TOMS Camo Green Lace Up Wedge Bootie","","CATEGORY_EMPTY"
"1037939","Blackheart Studded Tube Top","","CATEGORY_EMPTY"
"1038228","Supreme Key Knife","","CATEGORY_EMPTY"
"1038453","Lot 283 pc jump hoop keyrings","","CATEGORY_EMPTY"
"1038564","Lilly Pulitzer Weekender","","CATEGORY_EMPTY"
"1038885","Men's Nike","","CATEGORY_EMPTY"
"1038958","Kate Spade Wallet","","CATEGORY_EMPTY"
"1039022","Pokemon ultra rare","","CATEGORY_EMPTY"
"1039323","Pokémon X","","CATEGORY_EMPTY"
"1039487","Oceanside Floam","","CATEGORY_EMPTY"
"1039586","Small Brass Container Set","","CATEGORY_EMPTY"
"1040766","On Hold For Dana","","CATEGORY_EMPTY"
"1040840","Victoria's Secret Pink yoga pants/sweats","","CATEGORY_EMPTY"
"1040891","FREE SHIPPING Newborn Girl NB Bundle/lot","","CATEGORY_EMPTY"
"1041397","Denim jacket","","CATEGORY_EMPTY"
"1041698","NWOT-Unionbay Jean Shorts","","CATEGORY_EMPTY"
"1041738","Vintage Marilyn Monroe Wallet","","CATEGORY_EMPTY"
"1041806","American Apparel Denim A-Line Skirt","","CATEGORY_EMPTY"
"1041857","Lg Roots Canada salt and pepper fleece","","CATEGORY_EMPTY"
"1042208","Lot Of Phones, GPS's, And PDA's","","CATEGORY_EMPTY"
"1042238","Crystal Pave Belly Button Ring","","CATEGORY_EMPTY"
"1042379","Hair Angel","","CATEGORY_EMPTY"
"1042583","Bundle","","CATEGORY_EMPTY"
"1042866","Vintage Glass Lid","","CATEGORY_EMPTY"
"1043019","Two MXJO 18650","","CATEGORY_EMPTY"
"1043115","Durex Play For GlamArtist","","CATEGORY_EMPTY"
"1043526","Women's Columbia jacket","","CATEGORY_EMPTY"
"1043799","NIP! Emergency Alert Medical Bracelet","","CATEGORY_EMPTY"
"1044244","women's shoes","","CATEGORY_EMPTY"
"1044446","Hermes","","CATEGORY_EMPTY"
"1045141","Yarn, yarnspirations","","CATEGORY_EMPTY"
"1045529","Gold Heart Dangle Belly Button Ring","","CATEGORY_EMPTY"
"1046103","Long sleeve white shirt","","CATEGORY_EMPTY"
"1046488","TC Lularoe Leggings","","CATEGORY_EMPTY"
"1046512","Men's Gift Set (1 Fl Oz Spray&2.85 Gel","","CATEGORY_EMPTY"
"1046627","Victoria Secret – Dream Angels Halo","","CATEGORY_EMPTY"
"1046735","bundle","","CATEGORY_EMPTY"
"1047461","Septum And Nose Rings Bundle","","CATEGORY_EMPTY"
"1047491","Lectro-KENNEL heated pad","","CATEGORY_EMPTY"
"1047920","Kiss Clasp pouch","","CATEGORY_EMPTY"
"1048344","Dooney & Bourke Multicolor Leather Purse","","CATEGORY_EMPTY"
"1048589","Pair Of Mackenzie- Child's dog bowls","","CATEGORY_EMPTY"
"1048630","Yu-Gi-Oh! Yata-Garasu Secret Rare","","CATEGORY_EMPTY"
"1048655","Squishy Cat","","CATEGORY_EMPTY"
"1049306","Squinkie Bundle #3","","CATEGORY_EMPTY"
"1049332","Nike Zip Up Hoodie","","CATEGORY_EMPTY"
"1049507","Yugioh Cards Odd Eyes","","CATEGORY_EMPTY"
"1049908","Scrubs","","CATEGORY_EMPTY"
"1049990","Bob Wig","","CATEGORY_EMPTY"
"1050280","Unicorn rainbow enamel pin","","CATEGORY_EMPTY"
"1050353","Loot Crate Rick and Morty figure","","CATEGORY_EMPTY"
"1050544","NWT Kickee Pants 0-3","","CATEGORY_EMPTY"
"1051011","Kat Von D - Lock It Concealer","","CATEGORY_EMPTY"
"1051152","Witch Based on a True Story","","CATEGORY_EMPTY"
"1051219","Bar Method","","CATEGORY_EMPTY"
"1051427","All Five Game of Thrones Paperbacks","","CATEGORY_EMPTY"
"1051652","American Eagle White Jean Jacket","","CATEGORY_EMPTY"
"1052800","Tory Burch Sample Trio","","CATEGORY_EMPTY"
"1053222","DropDead ExclusiveBundle for @BMTHISSUES","","CATEGORY_EMPTY"
"1053417","Hold - champion Sweatshirt","","CATEGORY_EMPTY"
"1053436","HOLD FOR PNCFAM0213","","CATEGORY_EMPTY"
"1053752","Pajama Romper","","CATEGORY_EMPTY"
"1053772","Under Armour Shoes","","CATEGORY_EMPTY"
"1053775","4 Tops and a pair of shoes","","CATEGORY_EMPTY"
"1053918","Kylie Bundle For Eileen","","CATEGORY_EMPTY"
"1054169","BrandNew Beautiful Long Plain Veil","","CATEGORY_EMPTY"
"1054489","Adidas X Kith X Naked","","CATEGORY_EMPTY"
"1054535","White And Bright Orange PINK zip-up","","CATEGORY_EMPTY"
"1054944","Safety 1st 30 Pieces Nursery Collection.","","CATEGORY_EMPTY"
"1055226","Bangaio Spirits DS game","","CATEGORY_EMPTY"
"1055257","Black Fashion Nova Jeans SIZE 9","","CATEGORY_EMPTY"
"1055332","SLIME","","CATEGORY_EMPTY"
"1055484","Bundle For Jessica","","CATEGORY_EMPTY"
"1055565","Disney Ratatouille Rare Limited Pin","","CATEGORY_EMPTY"
"1055788","Contemporary Tshirt Dress","","CATEGORY_EMPTY"
"1055855","Nature Tribe Rainbow Enamel Pin","","CATEGORY_EMPTY"
"1055911","Hello Kitty & Angry Birds Bundle","","CATEGORY_EMPTY"
"1056224","Pittsburgh Steelers Bowlers Purse","","CATEGORY_EMPTY"
"1056433","(M) VS Pink Tank","","CATEGORY_EMPTY"
"1056496","Sonoline B Baby Heartbeat Doppler","","CATEGORY_EMPTY"
"1056537","Elegant Dinnerware set","","CATEGORY_EMPTY"
"1056615","Sirius Black Interactive Wand","","CATEGORY_EMPTY"
"1056743","Belly Button Rings","","CATEGORY_EMPTY"
"1057085","Converse red shoes infant sz 1","","CATEGORY_EMPTY"
"1057133","Black True Religion Jeans","","CATEGORY_EMPTY"
"1057271","HUGO BOSS POLO SHIRT","","CATEGORY_EMPTY"
"1057328","New never worn pink nation outfit","","CATEGORY_EMPTY"
"1057633","Reserved for Jenn A. - DO NOT BUY","","CATEGORY_EMPTY"
"1057665","Kill Bill Socks","","CATEGORY_EMPTY"
"1057915","Girls 2T Nike Outfit","","CATEGORY_EMPTY"
"1057999","Cards","","CATEGORY_EMPTY"
"1058384","NEW Anatasia Beverly Hills Contour","","CATEGORY_EMPTY"
"1058925","American Eagle Black And Red Flannel","","CATEGORY_EMPTY"
"1059058","Made To Order 6 Boston Terrier Pins","","CATEGORY_EMPTY"
"1059275","Furminator Dog Cat Deshedding Brush Tool","","CATEGORY_EMPTY"
"1059394","Exo Terra medium Turtle cliff","","CATEGORY_EMPTY"
"1059899","*GOLD VERSACE PENDANT*","","CATEGORY_EMPTY"
"1060800","Holo Lugia 9/111 +Holo Espeon 1/75","","CATEGORY_EMPTY"
"1061086","Disney Mickey Mouse Jacket","","CATEGORY_EMPTY"
"1061459","Red Flannel","","CATEGORY_EMPTY"
"1061569","NEW 3 Pairs Mens Hanes Boxers 1 Mens Tee","","CATEGORY_EMPTY"
"1061896","Pink Polka Dot Dog","","CATEGORY_EMPTY"
"1061977","Lularoe XXS Classic Tee","","CATEGORY_EMPTY"
"1062532","Pet trainer Shock Collar","","CATEGORY_EMPTY"
"1062610","Long sleeve black wrap dress","","CATEGORY_EMPTY"
"1062632","Louis Vuitton *AUTHENTIC* Dress!!","","CATEGORY_EMPTY"
"1062994","Pinstripe Off The Shoulder Top","","CATEGORY_EMPTY"
"1063143","Kappa delta Pin And Pin box","","CATEGORY_EMPTY"
"1063328","HUGE DRESS LOT! WILL SHIP TODAY!","","CATEGORY_EMPTY"
"1063379","Lauren Blakwell Gold Wedge (women's 10)","","CATEGORY_EMPTY"
"1063992","Rae Dunn Spoon","","CATEGORY_EMPTY"
"1064133","Bassnectar Shirt","","CATEGORY_EMPTY"
"1064278","LuLaRoe 3xl Madison","","CATEGORY_EMPTY"
"1064830","Michael Kors Glam Jasmine perfume","","CATEGORY_EMPTY"
"1065324","Colourful art","","CATEGORY_EMPTY"
"1065491","Sz. S-NWT American Apparel denim skirt","","CATEGORY_EMPTY"
"1065534","American Eagle Knit Sweater","","CATEGORY_EMPTY"
"1065690","Velvet And Satin Feel Sleep Eye Mask","","CATEGORY_EMPTY"
"1065865","2 Supreme Rings","","CATEGORY_EMPTY"
"1065925","Babe Ruth Patch Baseball Card","","CATEGORY_EMPTY"
"1066009","Custom Listing For @Keila","","CATEGORY_EMPTY"
"1066349","Bundle for Emily Emh","","CATEGORY_EMPTY"
"1066695","Girls Sleep Shorts Size 8","","CATEGORY_EMPTY"
"1067026","Furminator short hair dog deshedding too","","CATEGORY_EMPTY"
"1067062","Cute Button Dress","","CATEGORY_EMPTY"
"1067398",""vintage red ""Albany"" sweatshirt"","","CATEGORY_EMPTY"
"1067684","Bundle For Brandi","","CATEGORY_EMPTY"
"1067883","Kate Spade Roll Perfume","","CATEGORY_EMPTY"
"1068099","Brandy Melville Grey RAD Crop Sweatshirt","","CATEGORY_EMPTY"
"1068314","Louis Tomlinson Mini Cutout","","CATEGORY_EMPTY"
"1068315","4 Pairs Of Jeans","","CATEGORY_EMPTY"
"1068615","Infant Under Armour polo 6/9m","","CATEGORY_EMPTY"
"1068820","(ON HOLD) Olive Green Winter Coat","","CATEGORY_EMPTY"
"1068928","3 Day Of The Dead Dividers","","CATEGORY_EMPTY"
"1068934","Magic Baby Bullet Food Processor","","CATEGORY_EMPTY"
"1069262","Hold For Bettylyons","","CATEGORY_EMPTY"
"1069507","Classygal97","","CATEGORY_EMPTY"
"1069877","VS Pink 3 pc Luggage Set","","CATEGORY_EMPTY"
"1070079","SALE roses and mesh bodysuit leotard L","","CATEGORY_EMPTY"
"1070367","Outward Hound Backpack","","CATEGORY_EMPTY"
"1070378","Tazer","","CATEGORY_EMPTY"
"1070465","✨Anthropologie✨ Mandara Silk Skirt","","CATEGORY_EMPTY"
"1070836","Juicy Couture Dog Carrier","","CATEGORY_EMPTY"
"1070901","4 Space Spray Paint Pieces","","CATEGORY_EMPTY"
"1070903","17 Piece Women' Clothing Lot Size Small","","CATEGORY_EMPTY"
"1070940","Lilly Pulitzer Lace Shayna dress - 14","","CATEGORY_EMPTY"
"1070973","True Religion","","CATEGORY_EMPTY"
"1071137","Nintendo 3ds","","CATEGORY_EMPTY"
"1071288","Signed Amélie Playbill Closing Night","","CATEGORY_EMPTY"
"1071551","Light Up Yeezy","","CATEGORY_EMPTY"
"1071856","Top & True Religion Bundle","","CATEGORY_EMPTY"
"1071927","On Hold Do Not Buy","","CATEGORY_EMPTY"
"1072150","LuLaRoe Bundle For Lindsi !","","CATEGORY_EMPTY"
"1072176","BABY BLUE AND PINK FLORAL POPSOCKET","","CATEGORY_EMPTY"
"1072193","Dr. Brandt Skin Care Retinol Eye Cream","","CATEGORY_EMPTY"
"1073306","American Eagle Jeggings","","CATEGORY_EMPTY"
"1073446","Saving for Jennifer Henderson J","","CATEGORY_EMPTY"
"1074094","Apple Pencil - Not Working","","CATEGORY_EMPTY"
"1074178","On Hold","","CATEGORY_EMPTY"
"1074299","7 Game Used Baseball Lot","","CATEGORY_EMPTY"
"1074432","DOG PANTS","","CATEGORY_EMPTY"
"1074724","Yoli Alkalete","","CATEGORY_EMPTY"
"1075127","Designed Bandannas","","CATEGORY_EMPTY"
"1075221","Justice Basketball Sweat pants orange","","CATEGORY_EMPTY"
"1075293","Madewell sexy military style top","","CATEGORY_EMPTY"
"1075327","Birkenstock Tatami Clog","","CATEGORY_EMPTY"
"1075424","ÍTEM IS RESERVED FOR A BUYER!","","CATEGORY_EMPTY"
"1075914","Tory Burch Lotion","","CATEGORY_EMPTY"
"1075981","Holographic Legendary Muk 16/110","","CATEGORY_EMPTY"
"1076037","Giftcard","","CATEGORY_EMPTY"
"1076877","Levi shorts","","CATEGORY_EMPTY"
"1076950","Million Dollar Tan","","CATEGORY_EMPTY"
"1077364","Reserved for Ismael","","CATEGORY_EMPTY"
"1077986","Fabfitfun Spring 2017 Box","","CATEGORY_EMPTY"
"1078012","Excersize Fanny Pack","","CATEGORY_EMPTY"
"1078033","Special Bundle For Julian","","CATEGORY_EMPTY"
"1078116","LUSH DEAR JOHN PERFUME","","CATEGORY_EMPTY"
"1078118","American Eagle Super Stretch Jeggings","","CATEGORY_EMPTY"
"1078127","Dog Harness","","CATEGORY_EMPTY"
"1078324","Italian Honor Society Shirt","","CATEGORY_EMPTY"
"1078725","Dainty Jewells Darlin Dress","","CATEGORY_EMPTY"
"1078848","Color Block Dress","","CATEGORY_EMPTY"
"1078908","Gap bundle","","CATEGORY_EMPTY"
"1079006","TrustyPup Small Dog/Cat Bed","","CATEGORY_EMPTY"
"1079249","Large Mk Purse","","CATEGORY_EMPTY"
"1079254","Yin Yang Crop Top","","CATEGORY_EMPTY"
"1079585","Vap Pen","","CATEGORY_EMPTY"
"1080022","Nike","","CATEGORY_EMPTY"
"1080191","Kate Spade Wristlet","","CATEGORY_EMPTY"
"1080290","Romper","","CATEGORY_EMPTY"
"1080387","shoes, shirt, and dress bundle!","","CATEGORY_EMPTY"
"1080426","Michael Kors Black Heel Sandals","","CATEGORY_EMPTY"
"1080580","Bundle for tannia","","CATEGORY_EMPTY"
"1081362","Bracelet And Necklace Velvet Display","","CATEGORY_EMPTY"
"1081603","BUNDLE for milanlana!","","CATEGORY_EMPTY"
"1081715","BTS Keychain Lanyard Wrist Strap (RM)","","CATEGORY_EMPTY"
"1081757","Bundle lot 8 mens rings skull japan horn","","CATEGORY_EMPTY"
"1082005","For Lys_meh","","CATEGORY_EMPTY"
"1082006","Fine Bundle Of Roses","","CATEGORY_EMPTY"
"1082624","NWT Ladies Cacique 18 20 Chemise nighty","","CATEGORY_EMPTY"
"1082681","Calvin Klein One","","CATEGORY_EMPTY"
"1082836","KLIM Technical Riding Gear XL Tm 104486","","CATEGORY_EMPTY"
"1082974","Lush Fairy Dust","","CATEGORY_EMPTY"
"1083167","The Rock Nudes- MAYBELLINE","","CATEGORY_EMPTY"
"1083267","Men's A&F Muscle Sweater","","CATEGORY_EMPTY"
"1083731","Medela Sets","","CATEGORY_EMPTY"
"1083775","Anthropologie Postmark Top","","CATEGORY_EMPTY"
"1084037","Kylie Cosmetics KKW Collection","","CATEGORY_EMPTY"
"1084805","Raw Gemstone Bundle","","CATEGORY_EMPTY"
"1084849","Bundle","","CATEGORY_EMPTY"
"1085077","Bride Keepsake Journal Book New","","CATEGORY_EMPTY"
"1087518","Worthington petite","","CATEGORY_EMPTY"
"1087640","Belly Dancing Top And Bottom","","CATEGORY_EMPTY"
"1087694","(ON HOLD) Bundle for Jen_Now","","CATEGORY_EMPTY"
"1087702","Jewerly lot","","CATEGORY_EMPTY"
"1088156","Airsoft Goggles And Lower Face Mask","","CATEGORY_EMPTY"
"1088173","Round faced Raybans 3447 NEW!","","CATEGORY_EMPTY"
"1088302","Vintage Yellow Sundress","","CATEGORY_EMPTY"
"1088409","ROKU 1","","CATEGORY_EMPTY"
"1088432","For DeliaCalvilo","","CATEGORY_EMPTY"
"1089216","2 New Tsum Tsum Lip Smackers","","CATEGORY_EMPTY"
"1089384","Fashion Nova Lover Lace Dress","","CATEGORY_EMPTY"
"1091101","3 Small Deer Antlers","","CATEGORY_EMPTY"
"1090862","NEW Rae Dunn Dog Bowls Chow Down Only","","CATEGORY_EMPTY"
"1091139","Cat Cube","","CATEGORY_EMPTY"
"1091532","LOVED Metal Connector","","CATEGORY_EMPTY"
"1091568","Pink Nation Popscoket","","CATEGORY_EMPTY"
"1091689","BOOM! enamel pin","","CATEGORY_EMPTY"
"1092211","Loft Navy And White Daisy Romper","","CATEGORY_EMPTY"
"1092480","assorted makeup bundle","","CATEGORY_EMPTY"
"1092516","bundle for jess","","CATEGORY_EMPTY"
"1092547","NEW WHITE REEBOK SIZE 10 WOMENS","","CATEGORY_EMPTY"
"1092601","Womens Suede ST. JOHNS BAY COAT LARGE","","CATEGORY_EMPTY"
"1093113","Spell And The Gypsy","","CATEGORY_EMPTY"
"1093155","Nike dri fit pants size xl boys","","CATEGORY_EMPTY"
"1093290","bundle !","","CATEGORY_EMPTY"
"1093337","Victoria's Secret Pink Stickers","","CATEGORY_EMPTY"
"1093793","INTEX Rider Animal Rider (Penguin)","","CATEGORY_EMPTY"
"1094135","Marshawn Lynch Rc","","CATEGORY_EMPTY"
"1094204","Multimode LED tactical flashlight","","CATEGORY_EMPTY"
"1094295","Skeleton Dress.","","CATEGORY_EMPTY"
"1094329","Red Fur Ball Keychain","","CATEGORY_EMPTY"
"1094573","Floral crop top","","CATEGORY_EMPTY"
"1094815","Chanel VIP bag","","CATEGORY_EMPTY"
"1094905","Bundle of dog/ pet clothes & Lace Dress","","CATEGORY_EMPTY"
"1095202","Jordans","","CATEGORY_EMPTY"
"1095471","Used Once","","CATEGORY_EMPTY"
"1095651","LuLaroe Amelia- XL, NWOT","","CATEGORY_EMPTY"
"1096026","NWT Reversible Maaji Swim Top","","CATEGORY_EMPTY"
"1096135","*SAVED* Special Bundle","","CATEGORY_EMPTY"
"1096140","New Guess X Asap Rocky Crop Top","","CATEGORY_EMPTY"
"1096277","Adidas Pants","","CATEGORY_EMPTY"
"1096846","Carter's 2 Piece Christmas Pajamas 5T","","CATEGORY_EMPTY"
"1097136","Barefoot Sandal","","CATEGORY_EMPTY"
"1097413","Reserved For Finders Keepers Only","","CATEGORY_EMPTY"
"1097450","Bundle For VSPINKK_LOVER23","","CATEGORY_EMPTY"
"1097849","Yeti Mic","","CATEGORY_EMPTY"
"1097869","Craft Sewing Yarn Bundle","","CATEGORY_EMPTY"
"1098108","2 PC Glass Jugs","","CATEGORY_EMPTY"
"1098653","Etnies","","CATEGORY_EMPTY"
"1098990","Navy Underarmour","","CATEGORY_EMPTY"
"1099016","Chihuahua Lps #96","","CATEGORY_EMPTY"
"1099138","PINK VICTORIA SECRET TOP XS","","CATEGORY_EMPTY"
"1099185","Hollister Jeans Size 5 Short","","CATEGORY_EMPTY"
"1099233","Hagen Jr Series 3","","CATEGORY_EMPTY"
"1099269","KEEP COLLECTIVE ITEMS LOT","","CATEGORY_EMPTY"
"1099438",""Tape In Remi Hair Extensions 18"""","","CATEGORY_EMPTY"
"1099542",""Bundle For ""k"" #2"","","CATEGORY_EMPTY"
"1099584","Real Working Clock Necklace With Rings","","CATEGORY_EMPTY"
"1204329","Filigree 16g Septum Clicker","","CATEGORY_EMPTY"
"1099957","Woman's Coach Jacket","","CATEGORY_EMPTY"
"1100085","Kids Star Wars Socks","","CATEGORY_EMPTY"
"1100895","Moana Pin","","CATEGORY_EMPTY"
"1100996","Tory burch Headband","","CATEGORY_EMPTY"
"1101058","Meryl Hadlock","","CATEGORY_EMPTY"
"1101251","Highlighter","","CATEGORY_EMPTY"
"1101545","Hello Kitty by Sanrio Bow Stretch Dress","","CATEGORY_EMPTY"
"1101746","Animal spray pool-NIB","","CATEGORY_EMPTY"
"1102008","~~Sale~~Adorable Sunset And Sixth Romper","","CATEGORY_EMPTY"
"1102102","Bridal Elbow Length Veil, Ivory","","CATEGORY_EMPTY"
"1102110","Flower Emoji Button Pin","","CATEGORY_EMPTY"
"1102205","Bath And Body Works Midnight Pomegranate","","CATEGORY_EMPTY"
"1102657","Abercrombie Jean Skirt","","CATEGORY_EMPTY"
"1102869","ON Hold For Beauty100","","CATEGORY_EMPTY"
"1103038","Victoria's secret pink mukluks","","CATEGORY_EMPTY"
"1103096","Fire Opal Halo Necklace & Earring Set","","CATEGORY_EMPTY"
"1103330","Tokidoki black crop top","","CATEGORY_EMPTY"
"1103432","LANYARD Bundle ❤️","","CATEGORY_EMPTY"
"1103600","Victoria's Secret Perfume Bombshell","","CATEGORY_EMPTY"
"1103815","New Nikon coolpix camera","","CATEGORY_EMPTY"
"1103962","Fat Girl Six pack","","CATEGORY_EMPTY"
"1104617","Wildfox Kids I ♥ Camping Hoodie","","CATEGORY_EMPTY"
"1105080","2 Skull star patch","","CATEGORY_EMPTY"
"1105698","On Hold thank you","","CATEGORY_EMPTY"
"1105868","Carmelo Anthony autograph #37/60 knicks","","CATEGORY_EMPTY"
"1106085","Brandy Melville Skirt","","CATEGORY_EMPTY"
"1106207","30 yugioh cards. 1996 print.","","CATEGORY_EMPTY"
"1106293","UGG BOOTS!","","CATEGORY_EMPTY"
"1106500","Olive Faux Fur Lined Winter Coat","","CATEGORY_EMPTY"
"1107002","I'd Rather Be Getting Tattooed Cover","","CATEGORY_EMPTY"
"1107324","Sakura Pigma Micron Lot Of 2 Sets -NEW","","CATEGORY_EMPTY"
"1108285","2013 Spectra Sam Bradford Jersey /99","","CATEGORY_EMPTY"
"1108348","Women's Jansport","","CATEGORY_EMPTY"
"1109074","Jean Shorts","","CATEGORY_EMPTY"
"1109175","Pokemon X / Rare / Promo / Holofoil Lot","","CATEGORY_EMPTY"
"1110520","Abercrombie And Fitch Cologne","","CATEGORY_EMPTY"
"1110702","HDMI to AV Converter","","CATEGORY_EMPTY"
"1110885","Religious Coin Collectable","","CATEGORY_EMPTY"
"1110972","Women's Size 10 Rollerblades","","CATEGORY_EMPTY"
"1111249","Gucci Sukey Medium","","CATEGORY_EMPTY"
"1111261","Mens Royal Blue Jeans","","CATEGORY_EMPTY"
"1111524","Bluetooth Best Bass Sports Earbuds","","CATEGORY_EMPTY"
"1112048","Vintage Mirror","","CATEGORY_EMPTY"
"1112336","Velvet by Graham and Spencer dress","","CATEGORY_EMPTY"
"1112566","Under Armour Tshirt Boys Large","","CATEGORY_EMPTY"
"1112976","Filmstar Bronze And Glow","","CATEGORY_EMPTY"
"1113056","Women's American Eagle Jeans","","CATEGORY_EMPTY"
"1113554","Akira Suede Crop Jacket","","CATEGORY_EMPTY"
"1113612","On hold for Megan","","CATEGORY_EMPTY"
"1113752","Sexy Red Dress","","CATEGORY_EMPTY"
"1113762","Cheerleader Bumper Sticker Magnet & Tag","","CATEGORY_EMPTY"
"1114295","Christi","","CATEGORY_EMPTY"
"1114481","EMOJI wire lights","","CATEGORY_EMPTY"
"1114538","Plush dog or cat house","","CATEGORY_EMPTY"
"1114643","Joycons (Gray)","","CATEGORY_EMPTY"
"1115202","Lunette Menstrual Cup.","","CATEGORY_EMPTY"
"1115323","Sparkly TOMS shoes","","CATEGORY_EMPTY"
"1115348","BRANDY MELVILLE TUBE TOP","","CATEGORY_EMPTY"
"1115393","Jordan Men's Slide Sandal","","CATEGORY_EMPTY"
"1115487","Stitch Fix Market&Spruce Dolman","","CATEGORY_EMPTY"
"1115583","Wrangler Jeans","","CATEGORY_EMPTY"
"1115751","Hat","","CATEGORY_EMPTY"
"1115794","UNLOCKED Apple iPhone 4s, Case & Charger","","CATEGORY_EMPTY"
"1115873","VS Very Sexy Now","","CATEGORY_EMPTY"
"1116224","Bundle For Lisa Only!!","","CATEGORY_EMPTY"
"1116247","Coinitems","","CATEGORY_EMPTY"
"1116277","NWT Small Black Puppia Harness","","CATEGORY_EMPTY"
"1116772","Heart vinyl sticker","","CATEGORY_EMPTY"
"1116865","Brand new lularoe leggings","","CATEGORY_EMPTY"
"1116871","Akibento Winter 2016 Music T-Shirt","","CATEGORY_EMPTY"
"1117256","Forever 21 White Denim Skirt","","CATEGORY_EMPTY"
"1117322","Wireless ps2 controller","","CATEGORY_EMPTY"
"1117816","Fashion Nova","","CATEGORY_EMPTY"
"1117990","Necklaces","","CATEGORY_EMPTY"
"1118363","NEW Full Size Josie Maran 1.7 Argan Oil","","CATEGORY_EMPTY"
"1118405","BUNDLE","","CATEGORY_EMPTY"
"1118450","Lush UK Inhale Perfume Free Shipping","","CATEGORY_EMPTY"
"1118656","Hold for Aaron lisitng 1","","CATEGORY_EMPTY"
"1118893","VIctorias Secret PINK sweatshirt","","CATEGORY_EMPTY"
"1119099","Hollister Boot cut Jeans","","CATEGORY_EMPTY"
"1119252","Dog Training Colar","","CATEGORY_EMPTY"
"1119324","Jordan","","CATEGORY_EMPTY"
"1119535","LPS DACHSHUND littlest Pet shop","","CATEGORY_EMPTY"
"1119728","Bundle Of Two Dresses","","CATEGORY_EMPTY"
"1120047","Bundle For Teresa","","CATEGORY_EMPTY"
"1120475","Never Opened Tracking Device","","CATEGORY_EMPTY"
"1120608","NWT. LuLaRoe Amelia Dress - XL","","CATEGORY_EMPTY"
"1120635","bass guitar for dummies lesson book","","CATEGORY_EMPTY"
"1120987","LPS Dachshund 3601","","CATEGORY_EMPTY"
"1121056","Furby","","CATEGORY_EMPTY"
"1121368","Forever 21 Black Crop Top","","CATEGORY_EMPTY"
"1121681","Brand new small doggie sneakers shoes","","CATEGORY_EMPTY"
"1122010","Aleve FREE SHIP","","CATEGORY_EMPTY"
"1122044","Floral Dress","","CATEGORY_EMPTY"
"1122120","AE AMERICAN EAGLE SWEATSHIRT LARGE","","CATEGORY_EMPTY"
"1122342","10 Lipsense Mini Tubes","","CATEGORY_EMPTY"
"1122815","Martha Stewart knit & weave loom kit","","CATEGORY_EMPTY"
"1123114","Ralph Lauren sweater 3T","","CATEGORY_EMPTY"
"1124081","Calvin Klein T-shirt Dress","","CATEGORY_EMPTY"
"1124115","-RESERVED- Vintage Pokemon Binders","","CATEGORY_EMPTY"
"1124517","3 Solar filter glasses","","CATEGORY_EMPTY"
"1124615","*Reserved","","CATEGORY_EMPTY"
"1125192","Rae Dunn Yum Dog Bowl","","CATEGORY_EMPTY"
"1125244","Pink & white lace up romper!! Size M/L","","CATEGORY_EMPTY"
"1125645","FIRST EDITION JUNGLE EEVEE 51/64","","CATEGORY_EMPTY"
"1125867","Coolaroo Elevated Pet Bed","","CATEGORY_EMPTY"
"1126019","Vintage Cast Camoflauge Iron Air Plane","","CATEGORY_EMPTY"
"1126437","Cameo pin vintage","","CATEGORY_EMPTY"
"1126504","Supreme Box Logo Keychain","","CATEGORY_EMPTY"
"1127005","VICTORIA SECRET p.j.s","","CATEGORY_EMPTY"
"1127061","VS PINK Bundle","","CATEGORY_EMPTY"
"1127155","VS Victoria's Secret Lingerie Bundle","","CATEGORY_EMPTY"
"1127260","Milk and Honey","","CATEGORY_EMPTY"
"1127353","Boys Clothes","","CATEGORY_EMPTY"
"1127377","Steve Madden tote bag","","CATEGORY_EMPTY"
"1128150","Texas Instrument Calculator","","CATEGORY_EMPTY"
"1128383","Naruto manga vol. 1, 2, 3","","CATEGORY_EMPTY"
"1129011","Sushi Sweater","","CATEGORY_EMPTY"
"1129496","Brand NEW 3pc American Eagle & Old Navy","","CATEGORY_EMPTY"
"1129580","Tommy Hilfiger Jeans","","CATEGORY_EMPTY"
"1129690","Rainbow Palm Tree Painting 14x11in","","CATEGORY_EMPTY"
"1129792","Victorias Secret Summer Bombshell","","CATEGORY_EMPTY"
"1130153","Polo Ralph Lauren Wooten Tote Bag","","CATEGORY_EMPTY"
"1130288","Floral Plum Set Large New Crop Top Short","","CATEGORY_EMPTY"
"1130569","TORRID | Top Semi Sheer Purple Plaid","","CATEGORY_EMPTY"
"1130624","Polka Dot Otterbox Hard Case","","CATEGORY_EMPTY"
"1130719","Baby Girls 10 Piece Newborn Lot","","CATEGORY_EMPTY"
"1131544","Flareon, Blastiose, And Zygrade Ex.","","CATEGORY_EMPTY"
"1131778","LuLaRoe 3xl Cassie","","CATEGORY_EMPTY"
"1131943","Lularoe Disney Little Mermaid Carly M","","CATEGORY_EMPTY"
"1132341","Bundle On Hold","","CATEGORY_EMPTY"
"1132376","Vintage Jacket","","CATEGORY_EMPTY"
"1132462","Sweatshirt Lulu lemon","","CATEGORY_EMPTY"
"1132785","SALE Tory Burch Perfume","","CATEGORY_EMPTY"
"1133139","Daytrip gorgeous belted sweater sz md","","CATEGORY_EMPTY"
"1133548","For Rachel","","CATEGORY_EMPTY"
"1133642","Pink Purse","","CATEGORY_EMPTY"
"1133894","Disney Pins","","CATEGORY_EMPTY"
"1134385","ON HOLD FOR LAURA","","CATEGORY_EMPTY"
"1134400","BNWT XXS Amelia","","CATEGORY_EMPTY"
"1134567","Aaron Rodgers NFL Packers Dog Jersey XL","","CATEGORY_EMPTY"
"1134635","Lebron James / Michael Jordan Patch","","CATEGORY_EMPTY"
"1134661","New False Eye Lash Applicator Tweezers","","CATEGORY_EMPTY"
"1137189","Rock Rival Jeans","","CATEGORY_EMPTY"
"1137190","Solgaleo Pokemon Card","","CATEGORY_EMPTY"
"1135170","Becca Higher","","CATEGORY_EMPTY"
"1135624","Vera Wang Pink Princess Perfume","","CATEGORY_EMPTY"
"1135825","Blue Chevron Pillows And Alarm Clock","","CATEGORY_EMPTY"
"1136169","Bundle For Betty","","CATEGORY_EMPTY"
"1136527","Chihuahua Dog Breed Wood Sign","","CATEGORY_EMPTY"
"1137793","Concealer","","CATEGORY_EMPTY"
"1138409","TI 83 Plus Calculator Texas Instruments","","CATEGORY_EMPTY"
"1138589","Just PINK pet dressHOLD","","CATEGORY_EMPTY"
"1138974","J.Crew Wool skirt bundle","","CATEGORY_EMPTY"
"1139600","Boho Pants","","CATEGORY_EMPTY"
"1139644","Xbox 360 Kinect Mic And Sensor","","CATEGORY_EMPTY"
"1139666","Men's street wear BUNDLE","","CATEGORY_EMPTY"
"1139939","Baby Boy PJs","","CATEGORY_EMPTY"
"1139942","Triple hammered teardrop cross earings","","CATEGORY_EMPTY"
"1141116","Black/ Green Pink Victoria Secret Jacket","","CATEGORY_EMPTY"
"1140189","Men Necklace Pendant","","CATEGORY_EMPTY"
"1140368","Red Rose Nipple Rings 14G","","CATEGORY_EMPTY"
"1140400","FREE SHIP NEW Tarte Bronze & Contour","","CATEGORY_EMPTY"
"1140660","PANDORA Black Leather Bracelet","","CATEGORY_EMPTY"
"1140730","Bundle sweat pants Murano wine set","","CATEGORY_EMPTY"
"1141015","Nintendo 2DS with 8 games!","","CATEGORY_EMPTY"
"1141271","Galaxy Slime Kit","","CATEGORY_EMPTY"
"1141419","Reserved For SneakerHead23.","","CATEGORY_EMPTY"
"1141688","American Eagle Kick Boot Size 14","","CATEGORY_EMPTY"
"1141756","Card For Dearevanheather.tom","","CATEGORY_EMPTY"
"1142011","Wii Nunchuck And Av Cord","","CATEGORY_EMPTY"
"1142014","Dress With Sheer Top, Middle And Bottom","","CATEGORY_EMPTY"
"1142062","Women's Wedge Shoes","","CATEGORY_EMPTY"
"1142105","Reversible Lululemon Sweater / Coat","","CATEGORY_EMPTY"
"1142319","Blackberry Tablet 32gb","","CATEGORY_EMPTY"
"1142349","Mermaids welcome artwork","","CATEGORY_EMPTY"
"1142616","WWE Target Exclusive Ric Flair","","CATEGORY_EMPTY"
"1142702","Baby Sign Language Basics Including DVD","","CATEGORY_EMPTY"
"1142798","PATAGONIA Shorts","","CATEGORY_EMPTY"
"1142842","Piggy Sleeping Mask","","CATEGORY_EMPTY"
"1143055","Mermaid Bundle For Customer:)","","CATEGORY_EMPTY"
"1143133","Zara Midi Cargo Skirt","","CATEGORY_EMPTY"
"1143138","Glittered Candy Striped Bottoms","","CATEGORY_EMPTY"
"1143444","Victoria's Secret Reversible Yoga Pants","","CATEGORY_EMPTY"
"1143565","BNWT Peppa Pig Sz 3T pj's & Book","","CATEGORY_EMPTY"
"1143604","Old Navy Jeans","","CATEGORY_EMPTY"
"1143690","Kawaii Panda Bun Squishies NEW FREE SHIP","","CATEGORY_EMPTY"
"1144163","Hooded ADTR Sweater","","CATEGORY_EMPTY"
"1144782","Glo Fish Kit ... Great For A Beginner !","","CATEGORY_EMPTY"
"1144881","Adidas Tennis Visor","","CATEGORY_EMPTY"
"1144885","Nike Lanyard Bundle","","CATEGORY_EMPTY"
"1144937","Reserved SLIME Bundle! Free shipping:)","","CATEGORY_EMPTY"
"1145071","*Bundle RESERVED for Liya**","","CATEGORY_EMPTY"
"1145082","LulaRoe","","CATEGORY_EMPTY"
"1145140","Dog Shirts ~4","","CATEGORY_EMPTY"
"1145665","12 Card Dallas Cowboys + Rice And Irvin","","CATEGORY_EMPTY"
"1145675","Juicy Couture Viva La Juicy Sucre Parfum","","CATEGORY_EMPTY"
"1145707","CROWN OF MIDNIGHT BY SARAH J MAAS","","CATEGORY_EMPTY"
"1146532","Off The Shoulder Body Suit","","CATEGORY_EMPTY"
"1147230","Lot 100+ NFL Football Cards GREAT DEAL","","CATEGORY_EMPTY"
"1148290","Cocoa Contour Too Faced","","CATEGORY_EMPTY"
"1148297","Lacoste 6","","CATEGORY_EMPTY"
"1148430","Boho Crochet Vest","","CATEGORY_EMPTY"
"1148502","Women's Nike Hoodie","","CATEGORY_EMPTY"
"1148687","Lilly Pulitzer Key Chain","","CATEGORY_EMPTY"
"1148893","BRAND NEW Supreme Gold Bar Chain","","CATEGORY_EMPTY"
"1149004","Elizabeth James Perfume Roller Ball","","CATEGORY_EMPTY"
"1149137","✨ZARA WOMEN FRUITY EAU DE TOILETTE ✨","","CATEGORY_EMPTY"
"1149259","3 Piece Bamboo Cutting/Serving Board Set","","CATEGORY_EMPTY"
"1149261","L - Multi-patterned sweater dress","","CATEGORY_EMPTY"
"1149649","Dog Training Collar","","CATEGORY_EMPTY"
"1149773","Too Faced Born This Way Foundation","","CATEGORY_EMPTY"
"1150536","fredericks of hollywood Pink Silk Robe","","CATEGORY_EMPTY"
"1150593","Minnie mouse dress size 3t","","CATEGORY_EMPTY"
"1150892","Lularoe Perfect And Julia Bundle","","CATEGORY_EMPTY"
"1150945","Pokémon Card EX/GX Bundle","","CATEGORY_EMPTY"
"1151088","3 baby boy outfits low price","","CATEGORY_EMPTY"
"1151198","Leather Jacket","","CATEGORY_EMPTY"
"1151353","15 Packs Crochet Hair And Braiding Hair","","CATEGORY_EMPTY"
"1151413","Lorus Disneyland watch","","CATEGORY_EMPTY"
"1151453","Size XL Adidas Pants","","CATEGORY_EMPTY"
"1151499","Hold for Skyla !","","CATEGORY_EMPTY"
"1151658","Vintage Milk Glass Vases Bundle Judi","","CATEGORY_EMPTY"
"1151692","Adobe Cs3 And Cs4 ON HOLD For Dave","","CATEGORY_EMPTY"
"1151812","Stress Relieving Real Fidget Cube","","CATEGORY_EMPTY"
"1152237","Black bodysuit","","CATEGORY_EMPTY"
"1152446","Listing for lilalove143","","CATEGORY_EMPTY"
"1152632","Pink / Victoria Secrets Lot","","CATEGORY_EMPTY"
"1152691","Cheer Pins","","CATEGORY_EMPTY"
"1153188","Bundle For Barbie","","CATEGORY_EMPTY"
"1153266","Green Camo Jacket","","CATEGORY_EMPTY"
"1153332","Peach, black & white aztec maxi dress","","CATEGORY_EMPTY"
"1153629","Black Waist Training Corset","","CATEGORY_EMPTY"
"1153676","Distressed Black Denim Shorts","","CATEGORY_EMPTY"
"1153727","BLACK & WHITE LuLaRoe Carly Medium","","CATEGORY_EMPTY"
"1153822","ABH Brow Wiz in Taupe BRAND NEW!","","CATEGORY_EMPTY"
"1154243","Rae Dunn GOOD DOG canister","","CATEGORY_EMPTY"
"1154880","Mario Badescu Seaweed Night Cream","","CATEGORY_EMPTY"
"1155044","Dr Brown's Breast Pump","","CATEGORY_EMPTY"
"1155260","Women's Jacket","","CATEGORY_EMPTY"
"1155418","baby brezza pro","","CATEGORY_EMPTY"
"1155783","Juicy Couture Baby Girl Outfit","","CATEGORY_EMPTY"
"1155862","Yellow Ralph Lauren","","CATEGORY_EMPTY"
"1155874","Dickies Gen Flex Cargo Scrub Pants- XS","","CATEGORY_EMPTY"
"1156446","Jaclyn Hill Pallete!","","CATEGORY_EMPTY"
"1156827","Maurices Long Dress and Short Dress","","CATEGORY_EMPTY"
"1157186","plaid romper","","CATEGORY_EMPTY"
"1157349","Bundle for Miss Dandelion","","CATEGORY_EMPTY"
"1157538","Army Green Crop Top","","CATEGORY_EMPTY"
"1157571","Plastic Air Vent Covers","","CATEGORY_EMPTY"
"1157666","J.Pechauer Custom Cue","","CATEGORY_EMPTY"
"1157776","ONLY [rm] EACH Victoria's Secret Body Mist","","CATEGORY_EMPTY"
"1158367","Creatine","","CATEGORY_EMPTY"
"1158913","Brandy Melville Gray Kennedy Coat","","CATEGORY_EMPTY"
"1159359","NEW. Betsey Johnson Parfum","","CATEGORY_EMPTY"
"1159421","6 Pack I Am Loved Pins","","CATEGORY_EMPTY"
"1159681","Unicorns & Rainbows Washi & Sticker Set","","CATEGORY_EMPTY"
"1159989","FREE SHIP","","CATEGORY_EMPTY"
"1160003","Bundle for Charcieplace","","CATEGORY_EMPTY"
"1160206","Tommy Hilfiger Men's Underwear","","CATEGORY_EMPTY"
"1160664","Shorts Bundle","","CATEGORY_EMPTY"
"1160716","VS PINK DOG BOWL","","CATEGORY_EMPTY"
"1160792","Mega (M) Gardevoir EX & Pidgeot (CL)","","CATEGORY_EMPTY"
"1161379","Pijama Size M","","CATEGORY_EMPTY"
"1161462","Sabrina","","CATEGORY_EMPTY"
"1162171","American Eagle Jeans Size 4","","CATEGORY_EMPTY"
"1162359","Red White And Gray PINK sweater","","CATEGORY_EMPTY"
"1163096","Flash Sale!! 24 Hours Only!!","","CATEGORY_EMPTY"
"1163248","RBX","","CATEGORY_EMPTY"
"1163327","pink and orange under armour hoodie","","CATEGORY_EMPTY"
"1163672","Victoria's Secret Sea Themed Silk Robe","","CATEGORY_EMPTY"
"1164460","Pink","","CATEGORY_EMPTY"
"1164519","Metal Coffee Mug Rack","","CATEGORY_EMPTY"
"1164745","Victoria Secret PINK Duffle Bag","","CATEGORY_EMPTY"
"1165583","Nerf Gun","","CATEGORY_EMPTY"
"1165659","Tory Burch Wedge","","CATEGORY_EMPTY"
"1165994","Green Mossimo Supply CO. Sweater","","CATEGORY_EMPTY"
"1166114","Adidas Human Race Nmd","","CATEGORY_EMPTY"
"1166639","J Crew Jumpsuit","","CATEGORY_EMPTY"
"1166783","Yugioh Bundle","","CATEGORY_EMPTY"
"1167133","Star Wars Imperial Decal","","CATEGORY_EMPTY"
"1167301","Electric Racket Bug Zapper Chargeable","","CATEGORY_EMPTY"
"1167765","Kds 4","","CATEGORY_EMPTY"
"1168316","Queen Size Duvet Cover","","CATEGORY_EMPTY"
"1168392","Rae Dunn xoxo platter","","CATEGORY_EMPTY"
"1168580","Blue Plasma Lighter","","CATEGORY_EMPTY"
"1169304","NEW Cherry Pom Pom Keychain","","CATEGORY_EMPTY"
"1169446","NWT Gap dress for the summer!","","CATEGORY_EMPTY"
"1169504","Lilly Pulitzer Dress for ZZstyle","","CATEGORY_EMPTY"
"1170033","2 Belly Rings & 2 Tongue Rings Jewelry","","CATEGORY_EMPTY"
"1170036","Lilly Pulitzer Stemless Wine Glasses","","CATEGORY_EMPTY"
"1170751","•NEVER WORN• Ann Taylor Pencil Dress","","CATEGORY_EMPTY"
"1170939","Elegant white dress","","CATEGORY_EMPTY"
"1171042","Pet Harness","","CATEGORY_EMPTY"
"1171043","Overwatch Stickers (bundle for 2)","","CATEGORY_EMPTY"
"1171383","Bundle For Sonya","","CATEGORY_EMPTY"
"1172652","supersaver","","CATEGORY_EMPTY"
"1173045","Black Turtleneck Floral Bodysuit","","CATEGORY_EMPTY"
"1173241","Kids 12 Muck Boots","","CATEGORY_EMPTY"
"1173304","LA Hearts Floral Romper","","CATEGORY_EMPTY"
"1173887","Cute dog clothes","","CATEGORY_EMPTY"
"1174067","N7 Men's Nike Outfit","","CATEGORY_EMPTY"
"1174650","Simply Nailogical Happy Holodays Sweater","","CATEGORY_EMPTY"
"1174764","Bundle For Anna Kunze","","CATEGORY_EMPTY"
"1174924","It Works Thermofit","","CATEGORY_EMPTY"
"1174999","Kershaw And Gerber Knife(Gerber only)","","CATEGORY_EMPTY"
"1175032","Reserved listing for haniray","","CATEGORY_EMPTY"
"1175045","A Series of Unfortunate Events","","CATEGORY_EMPTY"
"1175636","Hold Bundle for Hello Everyone","","CATEGORY_EMPTY"
"1175944","North Face TNF Apex Softshell Jacket","","CATEGORY_EMPTY"
"1176007","rubies pet shop dog pet rasta hippy wig","","CATEGORY_EMPTY"
"1176102","Red White Striped Cotton Skirt","","CATEGORY_EMPTY"
"1176757","Teal LANYARD Bundle","","CATEGORY_EMPTY"
"1177227","Kate Spade Wallet","","CATEGORY_EMPTY"
"1177642","Light Blue Feet Included Onesie","","CATEGORY_EMPTY"
"1177853","Bundle 4 MadeByTheQueenBee","","CATEGORY_EMPTY"
"1178329","Dungeons & Dragons Book","","CATEGORY_EMPTY"
"1179051","Betsey Johnson Sandals","","CATEGORY_EMPTY"
"1179299","Do You Know Your Bride/ Groom?","","CATEGORY_EMPTY"
"1179459","Fire Opal Lace Nipple Rings","","CATEGORY_EMPTY"
"1179464","Vintage Sleeping Beauty Polly Pocket 96","","CATEGORY_EMPTY"
"1179833","Pokemon tapu bulu gx x2 cards promo","","CATEGORY_EMPTY"
"1180085","James Avery Horse Charm","","CATEGORY_EMPTY"
"1180654",""13/16"" Black Silicone Tunnels Plugs"","","CATEGORY_EMPTY"
"1181478","Faux suede green romper","","CATEGORY_EMPTY"
"1181607","Barkbox Bundle","","CATEGORY_EMPTY"
"1181620","NWT B Darlin Sparkly Cocktail Dress","","CATEGORY_EMPTY"
"1181919","High waisted Jeans","","CATEGORY_EMPTY"
"1182428","Floral Skirt","","CATEGORY_EMPTY"
"1182713","Roof Rack Adjustable","","CATEGORY_EMPTY"
"1182938","Falsettos Closing Night Playbill","","CATEGORY_EMPTY"
"1184349","Victoria Secret PINK","","CATEGORY_EMPTY"
"1184709","axe/Knife Kit","","CATEGORY_EMPTY"
"1184737","Maurice's Purse","","CATEGORY_EMPTY"
"1184964","Nightmare Before Christmas Sweater","","CATEGORY_EMPTY"
"1185128","STAR WARS - Embossed Metal lunchbox","","CATEGORY_EMPTY"
"1185249","Girls Pink Gap Sweatshirt","","CATEGORY_EMPTY"
"1185635","Aden & Anais easy swaddle","","CATEGORY_EMPTY"
"1185841","Suede Fringe Gianni Bini Navy Dress","","CATEGORY_EMPTY"
"1185897","Men's Obey Shirts Bundle","","CATEGORY_EMPTY"
"1185952","Magic The Gathering","","CATEGORY_EMPTY"
"1186041","Bebe Black Dress Gold Zipper","","CATEGORY_EMPTY"
"1186427","Similar Savings","","CATEGORY_EMPTY"
"1186928","Jens Bundle","","CATEGORY_EMPTY"
"1187396","Eyebrow Definer","","CATEGORY_EMPTY"
"1187766","Victoria secret swim cheeky ruffle bikin","","CATEGORY_EMPTY"
"1187994","(1) Red Comme Des Garçons Iron On Patch","","CATEGORY_EMPTY"
"1188285","Men Foamposite Black 11","","CATEGORY_EMPTY"
"1188643","Kate Spade Polar Bear Key Chain","","CATEGORY_EMPTY"
"1189346","Adidas Cloud Foam LITe Racer Women's 7","","CATEGORY_EMPTY"
"1189850","Nude Mesh Swimsuit","","CATEGORY_EMPTY"
"1189915","For arrianashops","","CATEGORY_EMPTY"
"1190052","For Gray (80 Magic The Gathering Cards)","","CATEGORY_EMPTY"
"1190661","Peter thomas roth rose stem cell mask,","","CATEGORY_EMPTY"
"1190703","Younique detoxify and renew bundle","","CATEGORY_EMPTY"
"1190786","One Shoulder Black Romper","","CATEGORY_EMPTY"
"1190834","Ogio Black Backpack","","CATEGORY_EMPTY"
"1190983","Zombie hunting permit sticker","","CATEGORY_EMPTY"
"1191173","Rare Lps Collie Dog","","CATEGORY_EMPTY"
"1191283","Yes you can","","CATEGORY_EMPTY"
"1191313","Brand New AE Shirt","","CATEGORY_EMPTY"
"1191618","Set Of Three Key Canvas","","CATEGORY_EMPTY"
"1191729","iPhone 6 Phone Case","","CATEGORY_EMPTY"
"1192531","Bundle For Bright","","CATEGORY_EMPTY"
"1192951","Origami owl plate and random charms","","CATEGORY_EMPTY"
"1192997","Dragonite Holographic Card","","CATEGORY_EMPTY"
"1193110","Red Converse","","CATEGORY_EMPTY"
"1193182","Pokemon Full Art Darkrai Jirachi Lot","","CATEGORY_EMPTY"
"1193513","Exo Terra reptile UVB 100","","CATEGORY_EMPTY"
"1193922","Items On Hold For Tmharti","","CATEGORY_EMPTY"
"1194334","Denim Off Shoulder Flutter Crop","","CATEGORY_EMPTY"
"1194703","Woman's Sweater Grey","","CATEGORY_EMPTY"
"1194728","Nike Hoodies","","CATEGORY_EMPTY"
"1195217","Nike Joggers","","CATEGORY_EMPTY"
"1196683","Belly Button/Naval Piercing Ring","","CATEGORY_EMPTY"
"1196976","Boys 4/4t ls top bundle","","CATEGORY_EMPTY"
"1197012","Victoria's Secret Swim","","CATEGORY_EMPTY"
"1197273","Tye-Dye Dress","","CATEGORY_EMPTY"
"1197374","Denim Skirt","","CATEGORY_EMPTY"
"1197571","BTS Army Bomb Keychain (Suga)","","CATEGORY_EMPTY"
"1197591","Kpop BTS Jungkook Slogan Set [ON HOLD]","","CATEGORY_EMPTY"
"1197607","Guaranteed Tapu!?","","CATEGORY_EMPTY"
"1198006","Black Romper ON HOLD!","","CATEGORY_EMPTY"
"1198250","AE Shorts Free Shipping","","CATEGORY_EMPTY"
"1198295","Dresses- 2 Medium And 1 Large","","CATEGORY_EMPTY"
"1198456","Swiffer Dusters And Magic Erasers","","CATEGORY_EMPTY"
"1198511","COACH CASE FOR SUNGLASSES AND SMALL BAG","","CATEGORY_EMPTY"
"1198731","Piko Bundle RESERVED","","CATEGORY_EMPTY"
"1198835","Crocs","","CATEGORY_EMPTY"
"1198995","Cali Dreamin' Cropped Sweatshirt","","CATEGORY_EMPTY"
"1199046","FREE SHIP Pink Blush With Love","","CATEGORY_EMPTY"
"1199228","Disney 4 Pin BUNDLE goofy Cars Star Wars","","CATEGORY_EMPTY"
"1199956","Lot of 90 Digimon Collectible Cards","","CATEGORY_EMPTY"
"1200071","Pet Gear Special Edition Animal Stroller","","CATEGORY_EMPTY"
"1200107","Already Sold","","CATEGORY_EMPTY"
"1200469","American Eagle Summer Day Heels","","CATEGORY_EMPTY"
"1201065","The Goonies - Drinking Glass & plush","","CATEGORY_EMPTY"
"1201170","Victoria's Secret PINK Long Sleeve Shirt","","CATEGORY_EMPTY"
"1201585","Lularoe Black Nicole Dress","","CATEGORY_EMPTY"
"1201724","Abercrombie & Fitch Womens Sweatshirt M","","CATEGORY_EMPTY"
"1201727","Backpack","","CATEGORY_EMPTY"
"1201903","Requested For Somebody","","CATEGORY_EMPTY"
"1201914","Kate Spade Anchors away necklace SALE!","","CATEGORY_EMPTY"
"1201926","Younique Rose Water","","CATEGORY_EMPTY"
"1201994","HOLD FOR CHERRYBLOSOOM","","CATEGORY_EMPTY"
"1202036","Cat for @Kawaii.shoppe","","CATEGORY_EMPTY"
"1202555","Lilly Pulitzer Dress","","CATEGORY_EMPTY"
"1202596","David Bridal Formal Dress","","CATEGORY_EMPTY"
"1202827","NWT Banana Republic Sweater- Men's","","CATEGORY_EMPTY"
"1203134","Anthropologie Meadow Rue Bobbinlace Tee","","CATEGORY_EMPTY"
"1203138","Womans Shirt","","CATEGORY_EMPTY"
"1203278","2011 HRH PRINCE WILLIAM Gold Plated Coin","","CATEGORY_EMPTY"
"1203349","Halter Top","","CATEGORY_EMPTY"
"1203693","Forever 21 Sweater Size Small","","CATEGORY_EMPTY"
"1204524","Service Dog Patch Set","","CATEGORY_EMPTY"
"1206127","Playdoh Frozen Set","","CATEGORY_EMPTY"
"1206479","Two Magic sponge hair styling donut","","CATEGORY_EMPTY"
"1206903","Tory Burch","","CATEGORY_EMPTY"
"1207083","Neon Genesis Evangelion vol 1-3","","CATEGORY_EMPTY"
"1207100","Storyteller Sterling Ivory Onyx","","CATEGORY_EMPTY"
"1207909","Skin Inc Hydrate Em Custom blend Serum","","CATEGORY_EMPTY"
"1208148","Lularoe Azure Nude With Floral","","CATEGORY_EMPTY"
"1208324","Lulu Lemon Bags!!","","CATEGORY_EMPTY"
"1208660","NEW Nose Ring Multipack 18G","","CATEGORY_EMPTY"
"1208753","Ps4 cooling fan","","CATEGORY_EMPTY"
"1209075","Nike Lebrons","","CATEGORY_EMPTY"
"1209086","Food Wars Volumes 1+2 & Air Gear DVD","","CATEGORY_EMPTY"
"1209273","Soundlink Color II","","CATEGORY_EMPTY"
"1209325","Cute American Eagle Coat","","CATEGORY_EMPTY"
"1209425","Magic The Gathering","","CATEGORY_EMPTY"
"1209426","Bully Sticks Mega Bundle!","","CATEGORY_EMPTY"
"1209529","Forever 21 plus Floral Dress","","CATEGORY_EMPTY"
"1209821","☁️Fleece Brooklyn cropped sweater☁️","","CATEGORY_EMPTY"
"1209898","Kinde set","","CATEGORY_EMPTY"
"1210080","Girls Lot Of Boutique Clothing Size 8-10","","CATEGORY_EMPTY"
"1210232","SanDisk 64GB SDXC Card","","CATEGORY_EMPTY"
"1210794","Adjustable Toe Rings for Meghan_t","","CATEGORY_EMPTY"
"1210892","BTS Wings Concept Book [ONHOLD]","","CATEGORY_EMPTY"
"1210903","Triheart Plus 1-25 lb. for Dogs","","CATEGORY_EMPTY"
"1211318","Black Salt Energy Banisher | 4.5 oz","","CATEGORY_EMPTY"
"1211581","BOSE Headphones","","CATEGORY_EMPTY"
"1211589","Ty Beanie Baby Dragon and Mammoth","","CATEGORY_EMPTY"
"1211704","Calvin Klein Sweats","","CATEGORY_EMPTY"
"1211719","Zara Sleeveless Waistcoat. Blogger Fav!","","CATEGORY_EMPTY"
"1211792","Disney Jr Sophia the First Game & Purse","","CATEGORY_EMPTY"
"1211843","Reserved For Bailey","","CATEGORY_EMPTY"
"1212046","Heart charms","","CATEGORY_EMPTY"
"1212969","Sterling Silver Anklet","","CATEGORY_EMPTY"
"1212995","Jessie James Decker Kittenish","","CATEGORY_EMPTY"
"1213291","Fragrant Jewels.","","CATEGORY_EMPTY"
"1213338","Nolan Miller Signature Swan Pin","","CATEGORY_EMPTY"
"1213430",""""Summer Fling"" Top NWT"","","CATEGORY_EMPTY"
"1213505","Lauren Conrad LC Top, Small","","CATEGORY_EMPTY"
"1213571","Kong & Wellness Mega Pet Lot -All New!","","CATEGORY_EMPTY"
"1213741","Win My Heart enamel pin","","CATEGORY_EMPTY"
"1213799","Bundle for Stacie","","CATEGORY_EMPTY"
"1213888","D-signed Top and SO Bottoms","","CATEGORY_EMPTY"
"1214081","Bundle For Ppop","","CATEGORY_EMPTY"
"1214568","Digital Laser Distance Meter","","CATEGORY_EMPTY"
"1214593","Lebron 13","","CATEGORY_EMPTY"
"1214878","Coach Leather Shoes/Booties size 8 NIB","","CATEGORY_EMPTY"
"1215633","Pink Bundle","","CATEGORY_EMPTY"
"1216074","Distressed Nike Floral Crop Top","","CATEGORY_EMPTY"
"1216275","Blue Opalite Belly Button Ring","","CATEGORY_EMPTY"
"1216633","Petite Scrub Set","","CATEGORY_EMPTY"
"1216664","Retro 13s","","CATEGORY_EMPTY"
"1216779","Angel necklace","","CATEGORY_EMPTY"
"1217071","Solid black Lola","","CATEGORY_EMPTY"
"1217255","Pet Car Seat Cover Protector","","CATEGORY_EMPTY"
"1217533","(2) New Victoria's Secret PINK Lanyards","","CATEGORY_EMPTY"
"1217769","VS Thick Sweater","","CATEGORY_EMPTY"
"1218136","Victoria Secret PINK Lanyards (4)","","CATEGORY_EMPTY"
"1218655","Retro 1s","","CATEGORY_EMPTY"
"1219366","Funko Pop Overwatch Tracer And Winston","","CATEGORY_EMPTY"
"1219727","Kate Spade Dress","","CATEGORY_EMPTY"
"1219776","Cropped Button Up","","CATEGORY_EMPTY"
"1219845","25 SKATEBOARD STICKER PACK VINYL SUPREME","","CATEGORY_EMPTY"
"1220105","Breyerfest Navya","","CATEGORY_EMPTY"
"1220516","Enfamil Formula","","CATEGORY_EMPTY"
"1220655","White, Navy, Dark Purple maxi, M","","CATEGORY_EMPTY"
"1220861","NoBull Trainers Army Heather Dark Shadow","","CATEGORY_EMPTY"
"1221103","Nerf Mega Bow+nerf Double Down","","CATEGORY_EMPTY"
"1221141","Brown a.n.a Leather Jacket","","CATEGORY_EMPTY"
"1221447","NEW FRONTLINE 6 PACK 89-132 LBS","","CATEGORY_EMPTY"
"1221453","FURLA handbag Authentic ★10%coupon","","CATEGORY_EMPTY"
"1227338","Colorado Aspen Sweater","","CATEGORY_EMPTY"
"1222509","Adidas Superstars","","CATEGORY_EMPTY"
"1222775","Bob's Burgers 25 Burger Recipe Pack","","CATEGORY_EMPTY"
"1223142","Mewtwo promo","","CATEGORY_EMPTY"
"1223354","BRAND NEW NAVY BLUE SPERRY (on hold)","","CATEGORY_EMPTY"
"1223910","BMW chrome plates and tire caps","","CATEGORY_EMPTY"
"1224038","LulaRoe Madison","","CATEGORY_EMPTY"
"1224047","Sarah Only","","CATEGORY_EMPTY"
"1224186","American Eagle Artist Size 12","","CATEGORY_EMPTY"
"1224403","Victoria Secret Pink Set","","CATEGORY_EMPTY"
"1224472","Victoria's secret Pink bra","","CATEGORY_EMPTY"
"1224849","Black And Red Polo Xxl","","CATEGORY_EMPTY"
"1225585","Maroon Sweatshirt","","CATEGORY_EMPTY"
"1225854","Born This Way foundation","","CATEGORY_EMPTY"
"1225993","14kt Gold Filled Dog Wolf Charm Pendant","","CATEGORY_EMPTY"
"1226157","Small Pink Dime Bag","","CATEGORY_EMPTY"
"1226217","Hip Hop Abs","","CATEGORY_EMPTY"
"1226284","Fisher price Imaginext Pirate Ship Set","","CATEGORY_EMPTY"
"1227097",""Handbag chain strap 23.6"""","","CATEGORY_EMPTY"
"1228460","Sleep sack","","CATEGORY_EMPTY"
"1228634","Bundle for Modara","","CATEGORY_EMPTY"
"1229138","BUNDLE! 3x Essential Oil Set & HDMI","","CATEGORY_EMPTY"
"1229173","Pet Feeder with Water Refilling","","CATEGORY_EMPTY"
"1229255","White Summer Lace Up Romper","","CATEGORY_EMPTY"
"1229405","Shrek: The Art Of The Quest","","CATEGORY_EMPTY"
"1229463","FREE SHIP! Nexgard 24-60 lb -6 mo.supply","","CATEGORY_EMPTY"
"1229509","Becky Bundle","","CATEGORY_EMPTY"
"1229575","boys bundle","","CATEGORY_EMPTY"
"1229862","Vans sk8 Hi Black/White","","CATEGORY_EMPTY"
"1229919","New Directions Weekend 2X Plus Size Top","","CATEGORY_EMPTY"
"1229923","Disney Pins","","CATEGORY_EMPTY"
"1230281","Gerber SUSPENSION Multi-tool","","CATEGORY_EMPTY"
"1230329","American Eagle Men's Brown Jacket","","CATEGORY_EMPTY"
"1230619","Black Lace And Coral Orange Dress","","CATEGORY_EMPTY"
"1231055","Hold For Jay","","CATEGORY_EMPTY"
"1231085","Disney Mickey Mouse Cut Outs-12pc-Pastel","","CATEGORY_EMPTY"
"1231166","Bundle! 3 Small Rompers 1 Small Dress","","CATEGORY_EMPTY"
"1231647","3 Apple iPhone cables and adapter","","CATEGORY_EMPTY"
"1231724","Floral Embroidered High Waisted Shorts","","CATEGORY_EMPTY"
"1231897","Summer Kylie","","CATEGORY_EMPTY"
"1232111","Bundle For G","","CATEGORY_EMPTY"
"1232139","Pet Brush","","CATEGORY_EMPTY"
"1232210","Rae Dunn Bark bowl","","CATEGORY_EMPTY"
"1232237","2x navy blue and white top","","CATEGORY_EMPTY"
"1232320","Disney world Sweatshirt","","CATEGORY_EMPTY"
"1232838",""Funko Pop! Katniss ""the Mockingjay"""","","CATEGORY_EMPTY"
"1232925","Maternity Old Navy Large Stretch Dress","","CATEGORY_EMPTY"
"1233076","Bouncecurl Light Creme Gel With Aloe","","CATEGORY_EMPTY"
"1233157","Silver Crystal Pave Belly Button Ring","","CATEGORY_EMPTY"
"1233261","Hidden Wall Safe Brand New","","CATEGORY_EMPTY"
"1233642",""""FIMO"" Modeling Clay Oven-Hardeni 13 Pcs"","","CATEGORY_EMPTY"
"1233651","Boys puma track suit sz 3t and lacoste s","","CATEGORY_EMPTY"
"1234147","QuestBar Mocha Chocolate Chip","","CATEGORY_EMPTY"
"1234182","Bundle for Stacy","","CATEGORY_EMPTY"
"1234334","Reserve for My Blue Eyes Only!!!","","CATEGORY_EMPTY"
"1234558","White Tribal Hoodie","","CATEGORY_EMPTY"
"1235243","SCENTSY Bailey Bunny Rabbit Bunny - HTF","","CATEGORY_EMPTY"
"1235297","Rare Vtng Alan K Design Millefiori Key","","CATEGORY_EMPTY"
"1235422","Proactiv Toner","","CATEGORY_EMPTY"
"1235507","3x Galaxy J7(2015) Glass Protectors","","CATEGORY_EMPTY"
"1235530","Men's Hawk Jeans","","CATEGORY_EMPTY"
"1235735","Dye I4 Gold/Black","","CATEGORY_EMPTY"
"1236129","VS Lanyard Bundles","","CATEGORY_EMPTY"
"1237930","Rainbow Chip Cookie Slime","","CATEGORY_EMPTY"
"1237973","Nexgard","","CATEGORY_EMPTY"
"1238146","Pink VS long sleeve shirt","","CATEGORY_EMPTY"
"1238195","Abercrombie & Fitch Destroyed Denim Skir","","CATEGORY_EMPTY"
"1238214","Reiki 7 Chakra Bracelet","","CATEGORY_EMPTY"
"1238264","Mickey Mouse Sweatsuit","","CATEGORY_EMPTY"
"1238349","Dog Training active collar","","CATEGORY_EMPTY"
"1238711","Matching onesies/skirt & gold dress","","CATEGORY_EMPTY"
"1238921","Medela breast pump supply bundle","","CATEGORY_EMPTY"
"1238925","Black And White Woman & Men Converse","","CATEGORY_EMPTY"
"1239023","Bundle For Franny","","CATEGORY_EMPTY"
"1239114","For T251309 Only","","CATEGORY_EMPTY"
"1239413","Furla Candy Bag","","CATEGORY_EMPTY"
"1239622","Candy Panda and Farmers Market Scrubs","","CATEGORY_EMPTY"
"1239941","XS Dog T-Shirts NWOT","","CATEGORY_EMPTY"
"1241388","sew trendy accessories maternity gown.","","CATEGORY_EMPTY"
"1241490","Fidget Spinner(Glow in the Dark)","","CATEGORY_EMPTY"
"1241585","Bundle For One Step Forward","","CATEGORY_EMPTY"
"1241673","Antique Gold Lipstick Holder Vintage","","CATEGORY_EMPTY"
"1241839","SG","","CATEGORY_EMPTY"
"1242244","Aquarium plant seeds","","CATEGORY_EMPTY"
"1242392","Sperry Rosefish Black Top-sider 7.5","","CATEGORY_EMPTY"
"1243232","Kate Spade Journal","","CATEGORY_EMPTY"
"1243334","Sold for K Mac...Relic Purse","","CATEGORY_EMPTY"
"1243350","Dog Coat/Jacket","","CATEGORY_EMPTY"
"1243697","Wedge heels","","CATEGORY_EMPTY"
"1244032","Vera Bradley Baby Bottle Caddy","","CATEGORY_EMPTY"
"1244140","Forever 21 Black Bodysuit","","CATEGORY_EMPTY"
"1244254","Guatemalan Worry Dolls FREE GIFT w/purch","","CATEGORY_EMPTY"
"1244581","Light gold and purple dress","","CATEGORY_EMPTY"
"1245438","Funko POP Jungle Batman","","CATEGORY_EMPTY"
"1245591","NWT Pink Brand Lanyard & ID Holder","","CATEGORY_EMPTY"
"1245956","Vans","","CATEGORY_EMPTY"
"1246009","Hello Kitty Plush 3D Blanket","","CATEGORY_EMPTY"
"1246245","Kanken mini daypack!!","","CATEGORY_EMPTY"
"1246623","Littlest Pet Shop Pet Town","","CATEGORY_EMPTY"
"1246651","6 Nightmare Before Christmas Key Covers","","CATEGORY_EMPTY"
"1246680","Disney Villains Alice in Wonderland","","CATEGORY_EMPTY"
"1246747","Clothing Lot","","CATEGORY_EMPTY"
"1246833","Nexus ultimate moisture","","CATEGORY_EMPTY"
"1247164","Pink","","CATEGORY_EMPTY"
"1247328","Kylie Jenner Spice Lip Kit","","CATEGORY_EMPTY"
"1247365","20 DVD Movies","","CATEGORY_EMPTY"
"1247367","NIP Soft Claws Nail Caps Small Purple","","CATEGORY_EMPTY"
"1247384","Air Force 1's Wheat Flax","","CATEGORY_EMPTY"
"1247537","Doggie Car Seat NWT","","CATEGORY_EMPTY"
"1247564","Polka Dot Dog Dress and Cheer Dress","","CATEGORY_EMPTY"
"1247678","95 Disney Pocahontas Polly Pocket House","","CATEGORY_EMPTY"
"1248266","Nursing Shirts & Gown + Cover Up","","CATEGORY_EMPTY"
"1248469","Pink Energie Workout Tank W/ Shelf Bra-L","","CATEGORY_EMPTY"
"1248483","LuLaRoe M Joy Vest-NWT","","CATEGORY_EMPTY"
"1249099","Black Leather Coat","","CATEGORY_EMPTY"
"1249245","Opal And Wood Bundle For Taylor","","CATEGORY_EMPTY"
"1249540","BUY BUNDLE BUY!!","","CATEGORY_EMPTY"
"1249561","Summer top","","CATEGORY_EMPTY"
"1249946","Bundle","","CATEGORY_EMPTY"
"1250186","Urban Decay Eyebrows","","CATEGORY_EMPTY"
"1251290","Bundle for Gabriella","","CATEGORY_EMPTY"
"1252067","Lbd129 bundle","","CATEGORY_EMPTY"
"1252413","Christmas Garden Flag","","CATEGORY_EMPTY"
"1252774","Matching Dog Leash And Collar","","CATEGORY_EMPTY"
"1252851","Apple iPod 80GB","","CATEGORY_EMPTY"
"1252866","Coach Key Chain","","CATEGORY_EMPTY"
"1253007","Yvette Bundle","","CATEGORY_EMPTY"
"1253220","Freestyle Lite 50ct Test Strips","","CATEGORY_EMPTY"
"1253996","Purple and black North Face sweater","","CATEGORY_EMPTY"
"1254276","Lavender Fire Opal Nipple Bar","","CATEGORY_EMPTY"
"1254451","Mickey Stormtrooper Hard Enamel Pin","","CATEGORY_EMPTY"
"1254555","Mens 2XL LOT FREESHIP","","CATEGORY_EMPTY"
"1254736","Nest co2 detector","","CATEGORY_EMPTY"
"1254870","Vintage Leather Fanny Pack","","CATEGORY_EMPTY"
"1254913","Heels","","CATEGORY_EMPTY"
"1254968","Wholesale Bundle #27 - Sweater Mini Lot","","CATEGORY_EMPTY"
"1255357","Long Sleeve Pink Vineyard Vines","","CATEGORY_EMPTY"
"1256276","New dog training collar","","CATEGORY_EMPTY"
"1256297","Medium short sleeve Piko","","CATEGORY_EMPTY"
"1257143","FREE SHIP NWT Mother Of Pearl Purse","","CATEGORY_EMPTY"
"1257612","Baking For Two Cookbook","","CATEGORY_EMPTY"
"1257773","LITTLEST PET SHOP COLLIE #2210","","CATEGORY_EMPTY"
"1257807","Pajamas Pants From Victoria's Secret XS","","CATEGORY_EMPTY"
"1257823","David Johnson Cardinals NFL Rookie Card","","CATEGORY_EMPTY"
"1257927","17 CARD MEGA PROMO BUNDLE","","CATEGORY_EMPTY"
"1258105","No Boundaries short sleeve","","CATEGORY_EMPTY"
"1259106","Disney Pin. Chernabog Fantasia Pins 5","","CATEGORY_EMPTY"
"1259509","PopSocket - Lilly Pulitzer","","CATEGORY_EMPTY"
"1259616","Flourish Perfume","","CATEGORY_EMPTY"
"1259796","Blue Romper","","CATEGORY_EMPTY"
"1259893","LILO And Stitch Bag","","CATEGORY_EMPTY"
"1259896","Sew Trendy Gown","","CATEGORY_EMPTY"
"1259915","Ralph Lauren Polo Shoes Mens","","CATEGORY_EMPTY"
"1259969","Merona dress","","CATEGORY_EMPTY"
"1260160","handmade crochet baymax","","CATEGORY_EMPTY"
"1260482","Black Vans","","CATEGORY_EMPTY"
"1260534","19 Piece 0-3 Months Baby Girl Lot","","CATEGORY_EMPTY"
"1260644","Coach Wristlet","","CATEGORY_EMPTY"
"1260859","ON HOLD Kate Spade Oden S. Port Avenue","","CATEGORY_EMPTY"
"1261506","Vineyard Vines Top","","CATEGORY_EMPTY"
"1261554","Bundle For Michelle Strickland","","CATEGORY_EMPTY"
"1261825","Vintage Aladdin Disney Polly Pocket","","CATEGORY_EMPTY"
"1261998","PINK victoria secret dog","","CATEGORY_EMPTY"
"1262037","New Flea And Tick Carpet And Fogged","","CATEGORY_EMPTY"
"1262391","Reserved Free People Bundle","","CATEGORY_EMPTY"
"1262698","Victini EX Pokémon Card","","CATEGORY_EMPTY"
"1262742","Bundle for Ashley","","CATEGORY_EMPTY"
"1262903","Bodysuit","","CATEGORY_EMPTY"
"1263034","Gorilla Gym 4piece Set","","CATEGORY_EMPTY"
"1263485","Kong Dog Boots","","CATEGORY_EMPTY"
"1264089","Reserved Listing","","CATEGORY_EMPTY"
"1264121","Huge Sweater Bundle","","CATEGORY_EMPTY"
"1264201","Harley Quinn #45","","CATEGORY_EMPTY"
"1265493","Supreme Goggles","","CATEGORY_EMPTY"
"1265764","Ugg Boot Cleaner And Protector","","CATEGORY_EMPTY"
"1265789","Jordan Flights.","","CATEGORY_EMPTY"
"1266279","Vineyard Vines Tee Bundle","","CATEGORY_EMPTY"
"1266574","Lot of Pokemon cards: 400+ cards !!!","","CATEGORY_EMPTY"
"1266696","Little Mermaid Pocket Watch","","CATEGORY_EMPTY"
"1266732","S T I L A Foundation","","CATEGORY_EMPTY"
"1266828","Japanese screen / Room divider","","CATEGORY_EMPTY"
"1266977","Love Love Love","","CATEGORY_EMPTY"
"1269631","Funko Pop! Pharah","","CATEGORY_EMPTY"
"1267315","Green Slow-Rising Squishy Fish","","CATEGORY_EMPTY"
"1267380","Vera Bradley Bag","","CATEGORY_EMPTY"
"1267456","Lilly Pulitzer Wink perfume","","CATEGORY_EMPTY"
"1267612","Large Adorable Pink Princess Dog Shirt!","","CATEGORY_EMPTY"
"1267745","Primal Groudon And Alakazam","","CATEGORY_EMPTY"
"1267762","Bundle For Amanda","","CATEGORY_EMPTY"
"1269644","Michael Kors Dust Bag","","CATEGORY_EMPTY"
"1268047","40 Card Yugioh Deck With Dark Magician","","CATEGORY_EMPTY"
"1268255","Solitaire Ring C Zirconia 925SS Size 6","","CATEGORY_EMPTY"
"1268433","LG Holographic Bottoms","","CATEGORY_EMPTY"
"1268484","VS Pink Lace Racerback Brallette & panty","","CATEGORY_EMPTY"
"1268576","Forever 21 Black Hoodie","","CATEGORY_EMPTY"
"1268803","Lularoe OS Leggings","","CATEGORY_EMPTY"
"1268895","LuLaRoe Nicole","","CATEGORY_EMPTY"
"1268898","VS PINK","","CATEGORY_EMPTY"
"1268962","American Fighter Shirt","","CATEGORY_EMPTY"
"1269023","Vs water bottle and straws","","CATEGORY_EMPTY"
"1269106","Bottle, spoon and sippy cup lot","","CATEGORY_EMPTY"
"1269284","Deer And Elk Antlers For Dogs Lot Of 8","","CATEGORY_EMPTY"
"1269760","Bh Cosmetics Contour & Blush Palettes","","CATEGORY_EMPTY"
"1269808","Seresto collar","","CATEGORY_EMPTY"
"1269846","Bundle for EM","","CATEGORY_EMPTY"
"1269939","American Eagle Sweatshirt","","CATEGORY_EMPTY"
"1270138","Dog MD Flea And Tick Topical","","CATEGORY_EMPTY"
"1270204","Custom order For Laurel","","CATEGORY_EMPTY"
"1270440","Cute White Hollister Crop Top","","CATEGORY_EMPTY"
"1270549","Enjoy Your Life Top & Bottoms Set","","CATEGORY_EMPTY"
"1270622","FREE SHIP PROACTIV oil free moisture","","CATEGORY_EMPTY"
"1271225","**ON HOLD**","","CATEGORY_EMPTY"
"1271500","Drying Mat!","","CATEGORY_EMPTY"
"1271582","Patagonia Quilted Pullover","","CATEGORY_EMPTY"
"1272212","on hold for Abby rodriguez","","CATEGORY_EMPTY"
"1272482","ESA Dog tag","","CATEGORY_EMPTY"
"1272510","NWT Tommy Hilfiger 3 pack boxer briefs","","CATEGORY_EMPTY"
"1272830","Bundle for Salman.","","CATEGORY_EMPTY"
"1272977","Supreme Sticker","","CATEGORY_EMPTY"
"1273036","Limited Edition Koi Nursing Jacket","","CATEGORY_EMPTY"
"1273056","Bebe Dress","","CATEGORY_EMPTY"
"1273443","Michael Kors Jacket","","CATEGORY_EMPTY"
"1273535","Disney castle with bow decal","","CATEGORY_EMPTY"
"1273613","one touch bundle","","CATEGORY_EMPTY"
"1273698","GoPro Hero 5 Session + Accessories","","CATEGORY_EMPTY"
"1274000","Eva","","CATEGORY_EMPTY"
"1274089","Res For Cali Mob Wife","","CATEGORY_EMPTY"
"1274109","Jurassic Park Pin Set","","CATEGORY_EMPTY"
"1274255","White Bodysuit","","CATEGORY_EMPTY"
"1274380","Y448, Y124red And Y519","","CATEGORY_EMPTY"
"1274650","Knox Rose Sleeveless Blouse","","CATEGORY_EMPTY"
"1274793","Pom Key Chains Bundle","","CATEGORY_EMPTY"
"1275041","Baby bundle (hold slaybyK)","","CATEGORY_EMPTY"
"1275252","Travel Neck Pillow","","CATEGORY_EMPTY"
"1279241","Mustard Yellow H&M Pants","","CATEGORY_EMPTY"
"1276045","Ninja Turtles shirt some damage as shown","","CATEGORY_EMPTY"
"1276496","Shopkins Small Mart set","","CATEGORY_EMPTY"
"1276549","LARGE WHITE VS PINK Pullover Hoodie ❤","","CATEGORY_EMPTY"
"1276840","The North Face Hat","","CATEGORY_EMPTY"
"1276892","Chelsea & Violet high-low dress","","CATEGORY_EMPTY"
"1276905","Nine West Black Lace Heels","","CATEGORY_EMPTY"
"1277051","Fuzzy girls pajamas","","CATEGORY_EMPTY"
"1277791","RESERVED for RAJAB IMTAIR","","CATEGORY_EMPTY"
"1277890","Dog bed","","CATEGORY_EMPTY"
"1278088","Bundle For Kay","","CATEGORY_EMPTY"
"1278101","3 Boxes Aquaphor","","CATEGORY_EMPTY"
"1278283","#90 Wholesale Clothing Lot Women's 26 Pc","","CATEGORY_EMPTY"
"1278700","Black Crocs","","CATEGORY_EMPTY"
"1279047",""New Rae Dunn ""Butter"" Dish"","","CATEGORY_EMPTY"
"1279303","Tommee Tippee Pump & Go Set w/ Extras","","CATEGORY_EMPTY"
"1279489","Seafoam Butter Slime! Free Shipping:)","","CATEGORY_EMPTY"
"1279521","Brown Leather Jacket","","CATEGORY_EMPTY"
"1279639","American Eagle Soft And Sexy Tee Bundle","","CATEGORY_EMPTY"
"1279809","12x Bride/Team Bride Metallic Tattoos","","CATEGORY_EMPTY"
"1279815","Bundle L'occitane / Sheer Blonde","","CATEGORY_EMPTY"
"1279970","Mossimo Oversized Cardigan L","","CATEGORY_EMPTY"
"1280238","Beam and Baked From Milk Cosmetics","","CATEGORY_EMPTY"
"1280648","Puma hi-lo hooded sweatshirt","","CATEGORY_EMPTY"
"1281295","Bandage Crop Top","","CATEGORY_EMPTY"
"1281359","Collared Sweater (navy)","","CATEGORY_EMPTY"
"1281993","Falsettos Playbill","","CATEGORY_EMPTY"
"1282003","Bundle For Cassandra","","CATEGORY_EMPTY"
"1282077","Bundle For Stephanie","","CATEGORY_EMPTY"
"1282308","iPhone 7 LifeProof Case","","CATEGORY_EMPTY"
"1282381","Adorable Newborn Outfit!","","CATEGORY_EMPTY"
"1282489","Tupu Lele GX","","CATEGORY_EMPTY"
"1282562","levi's","","CATEGORY_EMPTY"
"1282621","Amazing Spiderman # 275","","CATEGORY_EMPTY"
"1282699","Squishy","","CATEGORY_EMPTY"
"1283558","hazel atlas blue heaven","","CATEGORY_EMPTY"
"1284103","Black Heels Size 8","","CATEGORY_EMPTY"
"1284112","Off the Shoulder Crop Top","","CATEGORY_EMPTY"
"1284375","Anti Snore Nose Vents NEW","","CATEGORY_EMPTY"
"1284444","White American Eagle Jeans","","CATEGORY_EMPTY"
"1284488","Hello Kitty OPI","","CATEGORY_EMPTY"
"1284596","Adidas All Stars","","CATEGORY_EMPTY"
"1284826","corset w/ panties","","CATEGORY_EMPTY"
"1285245","Lularoe Disney Little Mermaid Carly 2XL","","CATEGORY_EMPTY"
"1285929","iPhone 5 ***Locked*** Great For Parts","","CATEGORY_EMPTY"
"1285969","Air Jordan 12 Retro Low","","CATEGORY_EMPTY"
"1286148","Claw machine (The Claw)","","CATEGORY_EMPTY"
"1286514","2 Belly Button Rings","","CATEGORY_EMPTY"
"1286565","Shopkins Season3 Cupcake Collection","","CATEGORY_EMPTY"
"1286977","LARGE PINK VS WHITE LONG SLEEVE","","CATEGORY_EMPTY"
"1287426","PINK half zip","","CATEGORY_EMPTY"
"1288098","Air Jordan 11 Retro Concord BOX","","CATEGORY_EMPTY"
"1288134","The Big Book Of Organic Baby Food","","CATEGORY_EMPTY"
"1298408","Under Armour Swimming Shorts NWT","","CATEGORY_EMPTY"
"1288212","Ashley Stewart NWT Army Green","","CATEGORY_EMPTY"
"1288399","Disney Princess Rotating Snow Globe","","CATEGORY_EMPTY"
"1288473","Nike Low Top Air Huarache","","CATEGORY_EMPTY"
"1288474","❎ FINAL PRICE ❎ HOT TOPIC BUNDLE!","","CATEGORY_EMPTY"
"1288634","10x iPhone Chargers","","CATEGORY_EMPTY"
"1288905","Rock Revival Jeans 38x34 retail [rm]","","CATEGORY_EMPTY"
"1289080","#2 FOR LAUREN","","CATEGORY_EMPTY"
"1289412","Mega Makeup Bundle","","CATEGORY_EMPTY"
"1292689","Books For Hannah Dustin","","CATEGORY_EMPTY"
"1289587","pink sweatshirt","","CATEGORY_EMPTY"
"1290141","3 punk patches combo","","CATEGORY_EMPTY"
"1290231","Frontline GOLD for Dogs 5-22 lbs 2 month","","CATEGORY_EMPTY"
"1290313","Harley Davidson collector set","","CATEGORY_EMPTY"
"1290341","12 Pins For [rm]","","CATEGORY_EMPTY"
"1290395","Kendra Scott Bag","","CATEGORY_EMPTY"
"1290498","925 Sterling silver diamond skull set","","CATEGORY_EMPTY"
"1290705","Tom Ford Black Orchid Mini Sample","","CATEGORY_EMPTY"
"1290909","Water Bottle","","CATEGORY_EMPTY"
"1291013","Power Ranger Dinocharge","","CATEGORY_EMPTY"
"1291263","Chicago Bulls Leggings","","CATEGORY_EMPTY"
"1291293","Slushee/Slime Beads+ Free Slime!","","CATEGORY_EMPTY"
"1291356","Sanrio Kuromi Black Polka Dot Umbrella","","CATEGORY_EMPTY"
"1291411","Set of 3 Wedding Kneeling Pillows!","","CATEGORY_EMPTY"
"1291639","Thrive DFT New Not Open","","CATEGORY_EMPTY"
"1291667","PINK VS LONG SLEEVE!!!!","","CATEGORY_EMPTY"
"1291687","Bowman Refractors RESERVED","","CATEGORY_EMPTY"
"1291743","Vintage Levi Mom Jeans","","CATEGORY_EMPTY"
"1291951","3 CARD AARON JUDGE CARD HOT!!","","CATEGORY_EMPTY"
"1292354","2T Christmas Outfit","","CATEGORY_EMPTY"
"1292364","Black Lace Two Piece Skirt Set Dress L","","CATEGORY_EMPTY"
"1292527","Looney toon joggers","","CATEGORY_EMPTY"
"1293114","New never used brown insence holder","","CATEGORY_EMPTY"
"1293138","New York And Company Jean Jacket","","CATEGORY_EMPTY"
"1293583","Bundle! 2x Items","","CATEGORY_EMPTY"
"1293861","Res For Happy Face","","CATEGORY_EMPTY"
"1294323","ZaryzzA Maternity Belt","","CATEGORY_EMPTY"
"1294714","Adidas Tee","","CATEGORY_EMPTY"
"1294764","H&M Divided Gray Romper Jumpsuit","","CATEGORY_EMPTY"
"1294858","Floral Blouse","","CATEGORY_EMPTY"
"1294922","5 Card Chipper Jones 2007 Milestones Lot","","CATEGORY_EMPTY"
"1295069","RESERVED Bundle","","CATEGORY_EMPTY"
"1295192","Michael Kors Wallet","","CATEGORY_EMPTY"
"1295232","Rae Dunn Lets Eat Oval","","CATEGORY_EMPTY"
"1295867","Item box","","CATEGORY_EMPTY"
"1295892","Small Animal Chew Toy","","CATEGORY_EMPTY"
"1295964","Bundle","","CATEGORY_EMPTY"
"1296101","Pixi X Aspyn Highlighter","","CATEGORY_EMPTY"
"1296256","Brandy Melville Hailey Jacket","","CATEGORY_EMPTY"
"1296647","Wonder Brows","","CATEGORY_EMPTY"
"1296756","True Religion Sz 25 Jess Jean Shorts","","CATEGORY_EMPTY"
"1296870","Jareth Labyrinth Funko Pop David Bowie","","CATEGORY_EMPTY"
"1296965","RARE! NWT, LuLaRoe, Puzzle Piece Design","","CATEGORY_EMPTY"
"1297433","vera bradley lunch pale","","CATEGORY_EMPTY"
"1297496","Wireless Smart Plug, Works w/ Alexa","","CATEGORY_EMPTY"
"1297830","Freedom on my mind","","CATEGORY_EMPTY"
"1298077","Victoria's Secret – Pink Set","","CATEGORY_EMPTY"
"1298318","Assorted Boxes Of Basketball Cards","","CATEGORY_EMPTY"
"1298500","Too Faced Bundle FREE SHIPPING","","CATEGORY_EMPTY"
"1299838","NWOT YMI Royalty Wanna Betta Butt Jeans","","CATEGORY_EMPTY"
"1299841","CHANEL Slingback shoes Size 7.5","","CATEGORY_EMPTY"
"1299977","NWOT Miss me jean/lace vest","","CATEGORY_EMPTY"
"1300227","Brown Faux Suede Purse","","CATEGORY_EMPTY"
"1300243","2 Purple Opal Belly Button Rings","","CATEGORY_EMPTY"
"1300271","NEVA ONLY 6 LISTINGS IN ONE","","CATEGORY_EMPTY"
"1300396","White Top","","CATEGORY_EMPTY"
"1300736","Unicorn","","CATEGORY_EMPTY"
"1301157","Cute Vs Pink Socks","","CATEGORY_EMPTY"
"1301170","H&M Green Skater Skirt","","CATEGORY_EMPTY"
"1301286","Black Gucci Handbag","","CATEGORY_EMPTY"
"1301343","AIR JORDAN 1 MID BG","","CATEGORY_EMPTY"
"1301360","PINK by Victoria's Secret Water Bottle","","CATEGORY_EMPTY"
"1301542","Brand New Enchanted Rose Cup","","CATEGORY_EMPTY"
"1301666","Primitive Country Star and Crow","","CATEGORY_EMPTY"
"1301766","Invader Zim 1-3","","CATEGORY_EMPTY"
"1302490","Coconut Bird House","","CATEGORY_EMPTY"
"1302694","Purple and Gray Nike Shox","","CATEGORY_EMPTY"
"1302893","Pretty Purple Fan","","CATEGORY_EMPTY"
"1303005","Scrapbooking bundle","","CATEGORY_EMPTY"
"1303240","Mberry","","CATEGORY_EMPTY"
"1303595","Jeffree Star Androgyny","","CATEGORY_EMPTY"
"1304293","SK8-HI VANS Gray Size 13 M","","CATEGORY_EMPTY"
"1304560","Arbonne detox tea","","CATEGORY_EMPTY"
"1305682","gender reveal sash","","CATEGORY_EMPTY"
"1306024","One Size !","","CATEGORY_EMPTY"
"1306362","Light Pink Chandelier","","CATEGORY_EMPTY"
"1306440","Bundle For Steffaniemarie","","CATEGORY_EMPTY"
"1307185","Victoria's Secret Hoodie Zip Up","","CATEGORY_EMPTY"
"1307528","Sweater Bundle","","CATEGORY_EMPTY"
"1307914","LuLaRoe S Irma","","CATEGORY_EMPTY"
"1308084","LuLaRoe XL Joy Chiffon","","CATEGORY_EMPTY"
"1308133","2 Item Bundle","","CATEGORY_EMPTY"
"1309868","Zara Dark Blue Cotton Jacket","","CATEGORY_EMPTY"
"1309033","Bundle!!!","","CATEGORY_EMPTY"
"1309112","Calvin Klein Reebok Polo Briefs Medium","","CATEGORY_EMPTY"
"1310579","Dog Training E collar","","CATEGORY_EMPTY"
"1310606","Rare Tiffany And Co 925 750 Brooch","","CATEGORY_EMPTY"
"1310890","Adidas long sleeve shirt","","CATEGORY_EMPTY"
"1312627","NWOT J Crew Sweater","","CATEGORY_EMPTY"
"1313018","Request","","CATEGORY_EMPTY"
"1313226","Luxurious fan","","CATEGORY_EMPTY"
"1313282","Babyganics Bath Set","","CATEGORY_EMPTY"
"1313448","Dispenser foil, wax paper, paper towels","","CATEGORY_EMPTY"
"1313537","Halley Shimmer Mesh Top in Black","","CATEGORY_EMPTY"
"1313798","Custom Listing For Jessica Barnes","","CATEGORY_EMPTY"
"1314137","Junk jewelry lot","","CATEGORY_EMPTY"
"1314421","Striped Wide Leg Pants","","CATEGORY_EMPTY"
"1314450","Tiffany Apple Charm Tiffany Apple Charm","","CATEGORY_EMPTY"
"1314830","HOLD FOR CASHYSMOM Muddy Honey","","CATEGORY_EMPTY"
"1314927","Longchamp Clutch!","","CATEGORY_EMPTY"
"1315115","Bundle Reserved","","CATEGORY_EMPTY"
"1315168","Custom Bundle","","CATEGORY_EMPTY"
"1316567","Model Model Curly Drawstring Ponytail 1B","","CATEGORY_EMPTY"
"1316719","FS2X bundle Extensions human hair weave","","CATEGORY_EMPTY"
"1316843","Virginia","","CATEGORY_EMPTY"
"1316898","Lauren Michelle Medium","","CATEGORY_EMPTY"
"1317246","Woombie Sleep Sack 14-19 Lbs","","CATEGORY_EMPTY"
"1317507","Red GUESS purse.","","CATEGORY_EMPTY"
"1318006","AEO jean shorts","","CATEGORY_EMPTY"
"1318178","Bundle For Diana0617","","CATEGORY_EMPTY"
"1318362","VS / PINK Bundle for Hollywood","","CATEGORY_EMPTY"
"1318620","BUNDLE: MAEBY!","","CATEGORY_EMPTY"
"1318775","EUC OS Lularoe leggings","","CATEGORY_EMPTY"
"1318926","Supreme Beach Ball","","CATEGORY_EMPTY"
"1319156","Bvlgari Cologne","","CATEGORY_EMPTY"
"1319160","PINK tank with sparkles","","CATEGORY_EMPTY"
"1319501","2X Dress -hh","","CATEGORY_EMPTY"
"1319524","For Holly","","CATEGORY_EMPTY"
"1319974","Jordan","","CATEGORY_EMPTY"
"1320191","For Neajustine","","CATEGORY_EMPTY"
"1320208","HOLD 8g 6g 4g Tapers Plugs","","CATEGORY_EMPTY"
"1320373","Hello Kitty Purse","","CATEGORY_EMPTY"
"1320489","Bundle Reserved","","CATEGORY_EMPTY"
"1320854","American Eagle Super Stretch Jeans","","CATEGORY_EMPTY"
"1320862","Reebok Athletic Tee And Shorts 10-12","","CATEGORY_EMPTY"
"1321414","31 Oh-Snap Pocket","","CATEGORY_EMPTY"
"1321680","Vs Pink Lanyard!!:)","","CATEGORY_EMPTY"
"1321690","SLOW RISING RILLAKUMA FACE SQUISHY!!","","CATEGORY_EMPTY"
"1321720","Free People Flowered Top","","CATEGORY_EMPTY"
"1322230","Jacket","","CATEGORY_EMPTY"
"1322576","Vintage 1978 Polo Ralph Lauren [1.5oz]","","CATEGORY_EMPTY"
"1322618","Disney Sticky Memo Pad Toy Story Japab","","CATEGORY_EMPTY"
"1322904","***BUNDLE FOR CYNTHIA***","","CATEGORY_EMPTY"
"1323067","SLOW RISING MEDIUM PANDA BUN!!","","CATEGORY_EMPTY"
"1323217","David Johnson Jersey And Autograph Card","","CATEGORY_EMPTY"
"1323475","Black and White MP3 Players","","CATEGORY_EMPTY"
"1323554","Distresses Denim Jacket","","CATEGORY_EMPTY"
"1323875","Nwot Maxi Romper Bundle","","CATEGORY_EMPTY"
"1324697","Kayas Blanket and Tote","","CATEGORY_EMPTY"
"1324839","Supernatural box sets!!!","","CATEGORY_EMPTY"
"1325057","Harley Davidson Motorcycle toys","","CATEGORY_EMPTY"
"1325394","Black Handbag with Shoulder Strap","","CATEGORY_EMPTY"
"1325699","Vintage Inspired Floral Skirt","","CATEGORY_EMPTY"
"1325994","Lace Purse","","CATEGORY_EMPTY"
"1326263","Maui Mango Surf Full Size Duo","","CATEGORY_EMPTY"
"1327066","NEW URBAN DECAY SMOKED EYES KIT!","","CATEGORY_EMPTY"
"1327605","Brandy Melville Stickers","","CATEGORY_EMPTY"
"1327778","Lularoe Unicorn Monroe","","CATEGORY_EMPTY"
"1328081","Victoria Secret Pink Bling Hoodie !","","CATEGORY_EMPTY"
"1328099","True Religion Shorts","","CATEGORY_EMPTY"
"1328258","Kobe 10","","CATEGORY_EMPTY"
"1328396","For Chris","","CATEGORY_EMPTY"
"1328413","Strawberry Print Halter Pinup Dress","","CATEGORY_EMPTY"
"1329526","Wen And Baby Lips Bundle","","CATEGORY_EMPTY"
"1329618","Bachelorette Party Accessories Bundle","","CATEGORY_EMPTY"
"1329843","Ue Boom","","CATEGORY_EMPTY"
"1330542","2 Disney Pins","","CATEGORY_EMPTY"
"1331031","Vero Mango Mexican Candy Wholesale Huge","","CATEGORY_EMPTY"
"1331110","Maxim Hotel Casino [rm] Gaming Token","","CATEGORY_EMPTY"
"1331572","Unisex Reversible San Francisco Jacket","","CATEGORY_EMPTY"
"1332301","Littlest Pet Shop","","CATEGORY_EMPTY"
"1332480","Faux Leather Jacket","","CATEGORY_EMPTY"
"1332562","2 Vineyard Vines Long Sleeves","","CATEGORY_EMPTY"
"1332724","Gag Gift Pig","","CATEGORY_EMPTY"
"1333399","Pores No More Cleanser","","CATEGORY_EMPTY"
"1333801","Stainless Steel Dog Bowl w/ Silicone Mat","","CATEGORY_EMPTY"
"1333873","Men's Lacoste Boxer Briefs","","CATEGORY_EMPTY"
"1334192","Irish Favorites for flutes","","CATEGORY_EMPTY"
"1334347","iPod","","CATEGORY_EMPTY"
"1334366","Pink jumpsuit ON HOLD **","","CATEGORY_EMPTY"
"1335181","Nightmare before christmas hoodie shirt","","CATEGORY_EMPTY"
"1335308","Lot Of 10 whole Jewlery pieces!","","CATEGORY_EMPTY"
"1335940","The Weight of Silence","","CATEGORY_EMPTY"
"1336012","Listing For Purple Only","","CATEGORY_EMPTY"
"1336276","*Reserved For Candace*","","CATEGORY_EMPTY"
"1336552","BNWT Pearl Earbuds","","CATEGORY_EMPTY"
"1336675","Samsung 256 GB EVO + Class 10 Micro SDXC","","CATEGORY_EMPTY"
"1336991","True Religion Velvet Pants Size 28","","CATEGORY_EMPTY"
"1337106","Lucario EX full art","","CATEGORY_EMPTY"
"1337378","Cute patterned Romper","","CATEGORY_EMPTY"
"1337421","Anthropologie Hei Hei print pants XXSP","","CATEGORY_EMPTY"
"1337770","95 Disney Hunchback Polly Pocket Compact","","CATEGORY_EMPTY"
"1337850","Ardell deluxe pack","","CATEGORY_EMPTY"
"1338022","Lilly Pulitzer Dress","","CATEGORY_EMPTY"
"1338490","Fifty shades darker lace Mask","","CATEGORY_EMPTY"
"1338599","Victoria Secret PINK","","CATEGORY_EMPTY"
"1338862","Big Star 36 jeans","","CATEGORY_EMPTY"
"1339039","Dji Phantom 3 Standard","","CATEGORY_EMPTY"
"1339326","Bundle! HOLD","","CATEGORY_EMPTY"
"1339900","Slime name:crunchy hearts","","CATEGORY_EMPTY"
"1339966","LARGE TAN MICHAEL KORS TOTE BAG","","CATEGORY_EMPTY"
"1340220","Nintendo 3DS Game Lot","","CATEGORY_EMPTY"
"1340233","Under Armour Bag","","CATEGORY_EMPTY"
"1340380","Lot of Seed Beads","","CATEGORY_EMPTY"
"1340786","Nice Lot Of Old Football Cards","","CATEGORY_EMPTY"
"1341002","Donna Sharp Quilted Pink Purse","","CATEGORY_EMPTY"
"1341091","Bath Beads","","CATEGORY_EMPTY"
"1341177","Mtg Binder With Blue Cards Only","","CATEGORY_EMPTY"
"1341408","Organizer Holder","","CATEGORY_EMPTY"
"1341476","Lilly Pulitzer Decal","","CATEGORY_EMPTY"
"1341615","Bluetooth keyboard for iPad mini","","CATEGORY_EMPTY"
"1342060","Bark box June 2017 treats","","CATEGORY_EMPTY"
"1342164","mix kit lot lobster claw crimps keyring","","CATEGORY_EMPTY"
"1342250","PINK Windbreaker","","CATEGORY_EMPTY"
"1342272","Music Boxes","","CATEGORY_EMPTY"
"1342399","Disney Pin. Disneyland 50th","","CATEGORY_EMPTY"
"1342441","Lulu Lemon Bag","","CATEGORY_EMPTY"
"1342898","Jaanuu Tulip Scrub Top","","CATEGORY_EMPTY"
"1342923","Rick And Morty Sweater","","CATEGORY_EMPTY"
"1343478","PSVITA Persona 4 Gold","","CATEGORY_EMPTY"
"1343643","Glass Bracelet And Rings","","CATEGORY_EMPTY"
"1343880","light up collar and leash","","CATEGORY_EMPTY"
"1344348","Express Women's Legging Jeans (Mid Rise)","","CATEGORY_EMPTY"
"1344483","A Lace Up Heels","","CATEGORY_EMPTY"
"1344694","BRAND NEW CUROLOGY","","CATEGORY_EMPTY"
"1344746","Pineapple Belly Button Ring","","CATEGORY_EMPTY"
"1345343","BURBERRY London Tan Polo Shirt","","CATEGORY_EMPTY"
"1345584","Sh*t Happens Get Over It Book","","CATEGORY_EMPTY"
"1345923","Elephant Pants","","CATEGORY_EMPTY"
"1346247","Three items bundle free shipping","","CATEGORY_EMPTY"
"1346275","mary kay foundation primer w sunscreen","","CATEGORY_EMPTY"
"1346350","J. Crew Dress","","CATEGORY_EMPTY"
"1347232","Cat Flea & Shampoo Bundle","","CATEGORY_EMPTY"
"1347283","Wire Shelving","","CATEGORY_EMPTY"
"1347495","Che iron on patch","","CATEGORY_EMPTY"
"1347631","Dana","","CATEGORY_EMPTY"
"1348157","Small Green & Blue Sleeveless Dress","","CATEGORY_EMPTY"
"1348746","Pack Of Buttons","","CATEGORY_EMPTY"
"1349559","SLOW RISING CROISSANT SQUISHY!!","","CATEGORY_EMPTY"
"1349808","Kate Spade Bundle","","CATEGORY_EMPTY"
"1349967","Timbs, Jordan's, 2 Levi Jeans","","CATEGORY_EMPTY"
"1350049","PS3 Read Description","","CATEGORY_EMPTY"
"1350460","Bundle For Tammy","","CATEGORY_EMPTY"
"1350553","Set of 3 Jeans Size 11","","CATEGORY_EMPTY"
"1350890","Cute compact mirror","","CATEGORY_EMPTY"
"1350919","FREE SHIP Maroon Forever 21 Crop Top","","CATEGORY_EMPTY"
"1351031","1st Edition Polygon2 Pokemon Card","","CATEGORY_EMPTY"
"1351051","Bundle For AnaA.","","CATEGORY_EMPTY"
"1351272","NIP SHOPKINS MAGNETIC PAD","","CATEGORY_EMPTY"
"1351693","Tarte Lip Paint & Paarty Blush","","CATEGORY_EMPTY"
"1352274","Lupine Dog Collar Tickled Pink","","CATEGORY_EMPTY"
"1352313","YEEZY SPLY-350 BOOST V2 SIZE 10","","CATEGORY_EMPTY"
"1352653","Brandy Melville Dress","","CATEGORY_EMPTY"
"1352777","5 New Care Bears Fashems","","CATEGORY_EMPTY"
"1352909","phone photo printer + 90 SHEETS","","CATEGORY_EMPTY"
"1352993","Michael Kors Purse","","CATEGORY_EMPTY"
"1353150","VS PINK Hoodie FREE SHIPPING","","CATEGORY_EMPTY"
"1353792","Grey Windbreaker","","CATEGORY_EMPTY"
"1354201","Squishy Bundle","","CATEGORY_EMPTY"
"1354271","AFJ 5","","CATEGORY_EMPTY"
"1355187","Zoo med reptitemp 500R","","CATEGORY_EMPTY"
"1355580","Roxy Red Floral Dress","","CATEGORY_EMPTY"
"1356380","Lot palette hourglass kate spade Earring","","CATEGORY_EMPTY"
"1356403","Zoo Med 8.5 inch clamp lamp","","CATEGORY_EMPTY"
"1356532","Harley Davidson","","CATEGORY_EMPTY"
"1356771","Cat scratch post","","CATEGORY_EMPTY"
"1356917","LuLaRoe Carly Sz LARGE","","CATEGORY_EMPTY"
"1356970","Bundle For Kayla","","CATEGORY_EMPTY"
"1357050","FREE PEOPLE Tank Dress","","CATEGORY_EMPTY"
"1357064","Matching dog/cat bowls","","CATEGORY_EMPTY"
"1357124","For Jennefer","","CATEGORY_EMPTY"
"1357163","M - Black & white skater skirt","","CATEGORY_EMPTY"
"1357230","White And Black Clothing Lot (split) [rm]","","CATEGORY_EMPTY"
"1357278","Ships Ahoy Striped Dress","","CATEGORY_EMPTY"
"1357909","Black Puma Joggers","","CATEGORY_EMPTY"
"1376961","New Michael Kor's Purse","","CATEGORY_EMPTY"
"1358635","Flareon Gold Star - Creased WORTH [rm]!","","CATEGORY_EMPTY"
"1358695","TruGlo Pendulum Treestand Sight","","CATEGORY_EMPTY"
"1358727","Air Force Ones Lot","","CATEGORY_EMPTY"
"1358954","Bundle For Karry","","CATEGORY_EMPTY"
"1359068","Classic Cassie combo by Lularoe","","CATEGORY_EMPTY"
"1359129","Vera Bradley Coin Purse","","CATEGORY_EMPTY"
"1359272","See-Through Jacket And Tack Top","","CATEGORY_EMPTY"
"1359318","Disney Mickey CutOuts- Marbeled Edition","","CATEGORY_EMPTY"
"1359462","Bundle","","CATEGORY_EMPTY"
"1360438","Dog Toys!","","CATEGORY_EMPTY"
"1360757","Teeth Whitening Kit","","CATEGORY_EMPTY"
"1360770","Three LPS (sparkly)","","CATEGORY_EMPTY"
"1361034","Vans Old Skool Shoes","","CATEGORY_EMPTY"
"1361402","GameCube Controller","","CATEGORY_EMPTY"
"1362439","Vegan Leather Platform Heels","","CATEGORY_EMPTY"
"1362443","'STARRY EYED'.","","CATEGORY_EMPTY"
"1362582","Professor sycamore full art steam siege","","CATEGORY_EMPTY"
"1362864","BUNDLE FOR NMEmpath","","CATEGORY_EMPTY"
"1363506","Texas instruments TI- 84 plus","","CATEGORY_EMPTY"
"1363806","Yohji Essential Perfume Set","","CATEGORY_EMPTY"
"1363949","Breast Cancer Awareness rubber bracelets","","CATEGORY_EMPTY"
"1364023","Brand new color box ink pads","","CATEGORY_EMPTY"
"1364094","I7plus","","CATEGORY_EMPTY"
"1364279","Chacos","","CATEGORY_EMPTY"
"1364302","Crochet Top for College Shop","","CATEGORY_EMPTY"
"1364331","Dooney Bourke Wristlet","","CATEGORY_EMPTY"
"1364376","Victoria's Secret Sleep Shirt","","CATEGORY_EMPTY"
"1364516","Chico's Olive/Army Green Ankle Pants","","CATEGORY_EMPTY"
"1364851",""70 Ziploc Bags Mini 1.5 X 1.5"" U get All"","","CATEGORY_EMPTY"
"1364997","Victoria Secret Dream Angels Halo w/box","","CATEGORY_EMPTY"
"1365046","BUNDLE RESERVED","","CATEGORY_EMPTY"
"1365401","Inr Machine","","CATEGORY_EMPTY"
"1365616","Make Me An Offer ‼️RARE COACH BAG","","CATEGORY_EMPTY"
"1365812","Brandy Melville Plaid Tildens","","CATEGORY_EMPTY"
"1365948","Calvin Klein Boxer Briefs","","CATEGORY_EMPTY"
"1365961","Myofunctional teeth corrector retainer","","CATEGORY_EMPTY"
"1366224","Pink scizzors","","CATEGORY_EMPTY"
"1366435","Tommy Hilfiger Bag","","CATEGORY_EMPTY"
"1366626","Thirty One Timeless Memory Pouch","","CATEGORY_EMPTY"
"1366684","NEFF Disney Women's Sweatshirt","","CATEGORY_EMPTY"
"1366740","Wedding Accessories Bundle","","CATEGORY_EMPTY"
"1366885","NWT Black Bodysuit","","CATEGORY_EMPTY"
"1367152","Abh Brow Wiz Chocolate","","CATEGORY_EMPTY"
"1367156","VS Pink USB, Notepad & Keychain","","CATEGORY_EMPTY"
"1367421","Sword Art Online Progressive Manga 001","","CATEGORY_EMPTY"
"1367701","Bundle teal and red extratropical Dress","","CATEGORY_EMPTY"
"1367717","Sticker - Walter White - iPhone - Black","","CATEGORY_EMPTY"
"1367811","Men's Nike Pants Size M","","CATEGORY_EMPTY"
"1367860",""Nike Foamposite ""Asteroid"""","","CATEGORY_EMPTY"
"1367980","Old Navy Sweater","","CATEGORY_EMPTY"
"1368474","Charlotte Russe 4xl Dress","","CATEGORY_EMPTY"
"1368594","Air Jordan 7","","CATEGORY_EMPTY"
"1368606","Black Heels Size 7","","CATEGORY_EMPTY"
"1369085","Urban outfitters CPO Provisions jacket","","CATEGORY_EMPTY"
"1369276","LENOVO THINKPAD BUSINESS BACKPACK","","CATEGORY_EMPTY"
"1369287","Stussy PVC Stickers","","CATEGORY_EMPTY"
"1369305","Under Armour Keychain lanyard","","CATEGORY_EMPTY"
"1369332","Ben Nye Luxury Powder","","CATEGORY_EMPTY"
"1369376","HOLLISTER SKINNY JEANS SIZE 3S","","CATEGORY_EMPTY"
"1369385","Purse (new)","","CATEGORY_EMPTY"
"1369399","BLUE booby Joovy ON HOLD","","CATEGORY_EMPTY"
"1370013","CLAYTON KERSHAW ROOKIE CARD","","CATEGORY_EMPTY"
"1370188","EXO Baekhyun Keychain Set","","CATEGORY_EMPTY"
"1370290","Justin Bieber Perfume-Boyfriend","","CATEGORY_EMPTY"
"1370341","Rae Dunn Dog Bowls","","CATEGORY_EMPTY"
"1370501","Reserved For Olivia","","CATEGORY_EMPTY"
"1370744","NWOT Animal Print Purse","","CATEGORY_EMPTY"
"1370923","Nike Vapor Untouchable 2 Cleats Size11","","CATEGORY_EMPTY"
"1370939","Supreme Bounty Hunter Tank Top","","CATEGORY_EMPTY"
"1371023","Huge crafters bundle! (Free ship)","","CATEGORY_EMPTY"
"1371782","Victoria's Secret PINK yoga pants","","CATEGORY_EMPTY"
"1371798","REAL diamond necklace with gift","","CATEGORY_EMPTY"
"1371939","LuLaRoe 2XL Lucy","","CATEGORY_EMPTY"
"1372342","Kiinde Breastfeeding System","","CATEGORY_EMPTY"
"1372870","Amethyst size 20 jeans","","CATEGORY_EMPTY"
"1372978","2 Piece Velvet Set","","CATEGORY_EMPTY"
"1373484","Bundle On Hold","","CATEGORY_EMPTY"
"1373573","I survived Book Series 1-12 And Bonus!","","CATEGORY_EMPTY"
"1373635","Moisturizing Hair Bundle","","CATEGORY_EMPTY"
"1374584","Harry Styles Tattoo Sweater","","CATEGORY_EMPTY"
"1374801","GUCCI BRACELET 14K GOLD p MADE IN ITALY","","CATEGORY_EMPTY"
"1375116","15 Supreme Stickers","","CATEGORY_EMPTY"
"1375323","Rock Revival Capris","","CATEGORY_EMPTY"
"1375593","Lularoe Jaxon Xl","","CATEGORY_EMPTY"
"1375696","Dog Dress Bundle","","CATEGORY_EMPTY"
"1375999","White Vineyard Vines Half Zip","","CATEGORY_EMPTY"
"1376226","Clayton Kershaw Rookie Baseball Card","","CATEGORY_EMPTY"
"1376260","Black PINK Sweatshirt","","CATEGORY_EMPTY"
"1376284","Listing For Customer❤️","","CATEGORY_EMPTY"
"1376300","don't buy unless we talked about it","","CATEGORY_EMPTY"
"1376683","Bobs burgers bunny Hat","","CATEGORY_EMPTY"
"1376736","Travel Size Ouai Hair Spray","","CATEGORY_EMPTY"
"1377532","Victoria Secret","","CATEGORY_EMPTY"
"1377632","Bebe wedges (on hold)","","CATEGORY_EMPTY"
"1377824","Firefly Independents Patch","","CATEGORY_EMPTY"
"1378196","Bundle For darknessbemine","","CATEGORY_EMPTY"
"1378382","Size 6 Wedge Shoes","","CATEGORY_EMPTY"
"1379090","Shopkins 185 Shopkins Plus Cases And Bag","","CATEGORY_EMPTY"
"1379260","MK sweater","","CATEGORY_EMPTY"
"1379836","Avengers Crop Top Size Small","","CATEGORY_EMPTY"
"1380215",""Rae Dunn ""gobble"" Mug"","","CATEGORY_EMPTY"
"1380296","Millie The Whale SquishYread description","","CATEGORY_EMPTY"
"1380420","GlamGlow ThirstyCleanse Authentic","","CATEGORY_EMPTY"
"1380954","Hollister Plaid Shirt (nvr worn!)","","CATEGORY_EMPTY"
"1381765","Jewelry Bundle Sale Designer Brand Monet","","CATEGORY_EMPTY"
"1382534","NWT Kate Spade Brushed Fleece Short Robe","","CATEGORY_EMPTY"
"1382551","Bundle For Colby","","CATEGORY_EMPTY"
"1382711","Magnetic Cable","","CATEGORY_EMPTY"
"1383177","Victorias secret Pink","","CATEGORY_EMPTY"
"1383375","Odd Future Shirt Zumiez","","CATEGORY_EMPTY"
"1383657","John Wall Basketball Shoes Silver/Grey","","CATEGORY_EMPTY"
"1383900","CHAPS New","","CATEGORY_EMPTY"
"1384034","7 Lanyard Bundle","","CATEGORY_EMPTY"
"1384762","Pink Pullover","","CATEGORY_EMPTY"
"1384519","Pokémon White","","CATEGORY_EMPTY"
"1384587","1 Ankle Skinny Jeans size 4t","","CATEGORY_EMPTY"
"1384615","True Red 9s","","CATEGORY_EMPTY"
"1384621","No Bark Dog Collar / Dog Training NEW","","CATEGORY_EMPTY"
"1384976","Victorias secret locket","","CATEGORY_EMPTY"
"1385419","Harry Potter Laptop Carrier","","CATEGORY_EMPTY"
"1385524","Dog Pajamas","","CATEGORY_EMPTY"
"1385852","Bundle for littlest shop","","CATEGORY_EMPTY"
"1386012","Dog rain coats","","CATEGORY_EMPTY"
"1386075","bundle","","CATEGORY_EMPTY"
"1386341","Pink Glitter Leg Wraps iheartraves","","CATEGORY_EMPTY"
"1386764","2009 Liberty 1oz Silver Dollar Coin","","CATEGORY_EMPTY"
"1387284","Wipes Wristlets","","CATEGORY_EMPTY"
"1387572","Bundle For Sierra❤️","","CATEGORY_EMPTY"
"1388522","Dog leash","","CATEGORY_EMPTY"
"1388701","Bundle For Southern Belle","","CATEGORY_EMPTY"
"1388751","Blue Smuf Sky (LIMITED EDITION ) 5oz","","CATEGORY_EMPTY"
"1388796","Any color","","CATEGORY_EMPTY"
"1388947","Victoria Secret Dream Angels Heavenly","","CATEGORY_EMPTY"
"1389213","Adidas NMD's Silver","","CATEGORY_EMPTY"
"1389382","3 Apple iPhone cables and adapter","","CATEGORY_EMPTY"
"1389414","Opts 3 Or Reading Glasses +2.00 Alloy","","CATEGORY_EMPTY"
"1389430","Adidas Jersey And Starter Jacket","","CATEGORY_EMPTY"
"1389712","Kate Spade Purse","","CATEGORY_EMPTY"
"1390012","NIB Boots & Barkley Dog Collar- Large","","CATEGORY_EMPTY"
"1390077","Jordan 11 Retro","","CATEGORY_EMPTY"
"1390241","Cardigan FREE SHIPPING","","CATEGORY_EMPTY"
"1390782","2xl Harvey","","CATEGORY_EMPTY"
"1391236","LuLaRoe Bundle RESERVED- Liz","","CATEGORY_EMPTY"
"1391472","4 Dresses + 1 Skirt BUNDLE!!! $$$","","CATEGORY_EMPTY"
"1392019","Adidas Bag","","CATEGORY_EMPTY"
"1392255","Ko Bundle","","CATEGORY_EMPTY"
"1392425","Unicorn Keychain","","CATEGORY_EMPTY"
"1392693","Bundle for Faith","","CATEGORY_EMPTY"
"1392759","Bundle For Alice","","CATEGORY_EMPTY"
"1393426","Rose Gold Kate Spade bag","","CATEGORY_EMPTY"
"1393553","Burgundy Bodysuit","","CATEGORY_EMPTY"
"1393606","NWT LuLaRoe Randy Tee - Small","","CATEGORY_EMPTY"
"1393626","Flip-Flop Bundle","","CATEGORY_EMPTY"
"1393664","Generations Set Almost Complete W/extras","","CATEGORY_EMPTY"
"1393733","Women's Converse","","CATEGORY_EMPTY"
"1394635","Victoria Secret vanilla lace","","CATEGORY_EMPTY"
"1394668","Kate Spade Striped Women's Bag","","CATEGORY_EMPTY"
"1394751","California Republic Licence plate","","CATEGORY_EMPTY"
"1394961","Free SHIP! Medela Bottle Bundle","","CATEGORY_EMPTY"
"1395098","The Body Shop Brush On Radiance","","CATEGORY_EMPTY"
"1395311","Coach","","CATEGORY_EMPTY"
"1395424","Pandora Jewelry Box","","CATEGORY_EMPTY"
"1395828","Black swith blade","","CATEGORY_EMPTY"
"1396465","Raviel And Uria","","CATEGORY_EMPTY"
"1396812","Skull rose patch","","CATEGORY_EMPTY"
"1396912","Beauty bundle","","CATEGORY_EMPTY"
"1396933","Vera Bradley","","CATEGORY_EMPTY"
"1397027","Alabama Onsies","","CATEGORY_EMPTY"
"1397120","Dragonite And Hitmonlee","","CATEGORY_EMPTY"
"1397280","Skirts","","CATEGORY_EMPTY"
"1397678","1st Edition Holos Bundle","","CATEGORY_EMPTY"
"1397853","Twenty One Pilots flag","","CATEGORY_EMPTY"
"1398260","NWT LuLaRoe Nicole Medium","","CATEGORY_EMPTY"
"1398339","Keurig coffee maker","","CATEGORY_EMPTY"
"1398931","Full In Puzzle Books","","CATEGORY_EMPTY"
"1399123","***Rustic Pumpkin & Boxes For Buyer****","","CATEGORY_EMPTY"
"1399341","A Writers Reference w Exercises (onhold)","","CATEGORY_EMPTY"
"1399372","Bundle","","CATEGORY_EMPTY"
"1399615","CAT Laptop Bag (New)","","CATEGORY_EMPTY"
"1399881","AMC Golden ticket","","CATEGORY_EMPTY"
"1399982","Wristlet","","CATEGORY_EMPTY"
"1400041","ON HOLD FOR BROWNEYEDGIRL","","CATEGORY_EMPTY"
"1400051","Vera Bradley Purse","","CATEGORY_EMPTY"
"1400352","Bundle for @Tsantosusso","","CATEGORY_EMPTY"
"1400393","Bundle For Memommy's Baby","","CATEGORY_EMPTY"
"1400440","NWT . LuLaRoe Cassie Skirt - XL","","CATEGORY_EMPTY"
"1400928","AEO Boxer Briefs","","CATEGORY_EMPTY"
"1401005","A Stranger In The House - Shari Lapena","","CATEGORY_EMPTY"
"1401083","Chewy And Vader On Hold For Bowties11","","CATEGORY_EMPTY"
"1401311","Ferret Supplies","","CATEGORY_EMPTY"
"1401350","Men's Bullhead Shorts","","CATEGORY_EMPTY"
"1402414","The Fifth Element Multi Pass","","CATEGORY_EMPTY"
"1402551","******Hold For Alejandro******","","CATEGORY_EMPTY"
"1402636","Lularoe Xl Carly **Major unicorn**","","CATEGORY_EMPTY"
"1402835","7 Pc Bundle For Loretta","","CATEGORY_EMPTY"
"1403084","Proactiv System","","CATEGORY_EMPTY"
"1403161","Coach shoes","","CATEGORY_EMPTY"
"1404365","Listing For DanaL","","CATEGORY_EMPTY"
"1404462","Air Jordan Retro 4 Laser","","CATEGORY_EMPTY"
"1404583","1 earring​s & bracelet for [rm]","","CATEGORY_EMPTY"
"1404660","LARGE LOT OF EXCEDRIN","","CATEGORY_EMPTY"
"1404696","Lot 3 Medtronic Minimed Reservoir","","CATEGORY_EMPTY"
"1404991","HT EXCLUSIVE LADY & THE TRAMP FUNKO POP","","CATEGORY_EMPTY"
"1405185","Pending Sale Naturalizer Size 12 Wide","","CATEGORY_EMPTY"
"1405572","BUNDLE for Kawaiicalifornia","","CATEGORY_EMPTY"
"1405653","Bundle Trans2","","CATEGORY_EMPTY"
"1405668","20 Stemed artificial succulents","","CATEGORY_EMPTY"
"1405814","Ocean Blues Palazzo Pants","","CATEGORY_EMPTY"
"1405854","Boots","","CATEGORY_EMPTY"
"1405953","New Print Black And White Umbrella!","","CATEGORY_EMPTY"
"1405956","1","","CATEGORY_EMPTY"
"1406092","49ers football car Decal stickers lot","","CATEGORY_EMPTY"
"1406118","Hedwig Playbill w/ John Cameron Mitchell","","CATEGORY_EMPTY"
"1406661","Vintage Army Surplus Camouflage Pants","","CATEGORY_EMPTY"
"1406886","Bundle","","CATEGORY_EMPTY"
"1407097","Navy 5 pannel supreme hat","","CATEGORY_EMPTY"
"1407549","3 Pairs Ballerina Pajamas PJs 18 Months","","CATEGORY_EMPTY"
"1407779","Mickey Mouse PVC Keychain","","CATEGORY_EMPTY"
"1407898","Bundle","","CATEGORY_EMPTY"
"1408241","Soft Pink Windbreaker","","CATEGORY_EMPTY"
"1408292","Benefit Gimme Brow - Medium (03)","","CATEGORY_EMPTY"
"1408736","Disney animal kingdom pin","","CATEGORY_EMPTY"
"1409272","Kawaii Cute Pack","","CATEGORY_EMPTY"
"1409417","For Judith Snow","","CATEGORY_EMPTY"
"1409561","H&M Gray Jumpsuit","","CATEGORY_EMPTY"
"1409594","Victoria Secret Mini Set","","CATEGORY_EMPTY"
"1409915","Jackery Portable Charger","","CATEGORY_EMPTY"
"1409958","Tommee Tippee baby bottles","","CATEGORY_EMPTY"
"1410850","NWOT Purple Leopard Print Scrub Top","","CATEGORY_EMPTY"
"1410996","Unikiki 2.0","","CATEGORY_EMPTY"
"1411430","Button Up Crop Top","","CATEGORY_EMPTY"
"1411439","Pet diaper with suspenders female Small","","CATEGORY_EMPTY"
"1411613","Medium lot Hollister AE RalphLauren","","CATEGORY_EMPTY"
"1411782","Leopard Hi-low Blouse With Cutout Detail","","CATEGORY_EMPTY"
"1412257","Canon EOS Rebel T6i | Perfect Vlog Setup","","CATEGORY_EMPTY"
"1412389","Nike Air Force 1 '82s","","CATEGORY_EMPTY"
"1412506","Men's Small North Face Coat","","CATEGORY_EMPTY"
"1412813","On Hold","","CATEGORY_EMPTY"
"1412922","Vintage Wooden Shelf","","CATEGORY_EMPTY"
"1412981","Beshe U part wig color 1b style Mp-122","","CATEGORY_EMPTY"
"1413354","JAKE PAUL you gotta want","","CATEGORY_EMPTY"
"1413761","Michael Kors Blue Purse","","CATEGORY_EMPTY"
"1414010","Dvd bundle","","CATEGORY_EMPTY"
"1414184","Men's Compression Shirt","","CATEGORY_EMPTY"
"1415166","White Stripped Body Suit","","CATEGORY_EMPTY"
"1415320","Funko Pop Lot","","CATEGORY_EMPTY"
"1415546","Vera Bradley Book Car, Wallet, And Bundl","","CATEGORY_EMPTY"
"1415663","Miss Me short size 8","","CATEGORY_EMPTY"
"1415870","Bead case","","CATEGORY_EMPTY"
"1416071","Alien patch","","CATEGORY_EMPTY"
"1416072","2 Belly Button Rings","","CATEGORY_EMPTY"
"1416299","NEW! VS vanilla Lace Body Most W Lotion","","CATEGORY_EMPTY"
"1416419","Red Lips Black & White Striped Shirt","","CATEGORY_EMPTY"
"1416624","Studded Black Lace Bandeau","","CATEGORY_EMPTY"
"1417019","AEO Boxer Briefs","","CATEGORY_EMPTY"
"1417043","Victoria Secret Bundle","","CATEGORY_EMPTY"
"1417212","NEW FASHION NOVA ROMPER- FINAL PRICE ⬇️","","CATEGORY_EMPTY"
"1417306","DORBZ Fallout 4","","CATEGORY_EMPTY"
"1417397","Hollister Shirts Bundle And Sweater","","CATEGORY_EMPTY"
"1420334","sonic generations","","CATEGORY_EMPTY"
"1420659","Coach Wedges","","CATEGORY_EMPTY"
"1420666","Adidas two pieces(L - XL)(FREE shipping)","","CATEGORY_EMPTY"
"1420680","Full Art Pikachu","","CATEGORY_EMPTY"
"1421359","CDP Shadow 1s","","CATEGORY_EMPTY"
"1421552","L7","","CATEGORY_EMPTY"
"1421737","GIMMICKS lace/chiffon Tank.Ivory/ Green","","CATEGORY_EMPTY"
"1421918","Neverfull MM rose Ballerine","","CATEGORY_EMPTY"
"1421945","High Low Skirt","","CATEGORY_EMPTY"
"1422089","Reserved for Sneaker Head23 Only","","CATEGORY_EMPTY"
"1422400","Rock Revival Jeans.","","CATEGORY_EMPTY"
"1422734","VS PINK light pink Open Back Shirt-Med.","","CATEGORY_EMPTY"
"1422842","Galaxy Tee","","CATEGORY_EMPTY"
"1422914","The Dresden Dolls Ticket 11/4 Boston","","CATEGORY_EMPTY"
"1423073","Unicornnnn","","CATEGORY_EMPTY"
"1424228","Kate Spade Navy Blue Bag","","CATEGORY_EMPTY"
"1424321","Call Of Duty Advanced Warfare","","CATEGORY_EMPTY"
"1424452","Ankle weights","","CATEGORY_EMPTY"
"1424494","Alta SuperFLEX Knee Pads w/ AltaLOK","","CATEGORY_EMPTY"
"1424640","New Sealed Inis Unisex Cologne","","CATEGORY_EMPTY"
"1424643","Smitten Scrubs size lg","","CATEGORY_EMPTY"
"1425410","Roxy Dress/bathing Suit Coverup","","CATEGORY_EMPTY"
"1425661","Clinique Dramatically Different","","CATEGORY_EMPTY"
"1425832","WWF No Mercy And 007","","CATEGORY_EMPTY"
"1426494","Army Green Coat","","CATEGORY_EMPTY"
"1426496","Stencils - Tupperware set of 14","","CATEGORY_EMPTY"
"1427385","M Charizard Ex M/NM","","CATEGORY_EMPTY"
"1427712","Bundle For Ishopisell13","","CATEGORY_EMPTY"
"1428147","Laura Mercier Translucent Powder","","CATEGORY_EMPTY"
"1428329","Kate Spade 2.50 Reading Glasses","","CATEGORY_EMPTY"
"1428435","2 New! Trifold Folding Portable Mattress","","CATEGORY_EMPTY"
"1428454","3xl Lularoe Nicole","","CATEGORY_EMPTY"
"1428522","Butter Slime!","","CATEGORY_EMPTY"
"1429126","Med Couture Scrub Set XL Black/Pacific","","CATEGORY_EMPTY"
"1429185","First Birthday Outfit","","CATEGORY_EMPTY"
"1429217","Gold Teardrop Belly Button Ring","","CATEGORY_EMPTY"
"1429241","Bralette","","CATEGORY_EMPTY"
"1429636","Kat Von D The Tattoo Chronicles hardback","","CATEGORY_EMPTY"
"1429773","SLOW RISING SQUISHY DUO!!!","","CATEGORY_EMPTY"
"1429980","Deaf West Spring Awakening Playbill","","CATEGORY_EMPTY"
"1430038","Tarte Maracuja Creaseless Concealer","","CATEGORY_EMPTY"
"1430173","FREE SHIP! 8 New Coloring Books as Shown","","CATEGORY_EMPTY"
"1430319","Bundle For Camilled61 (6 Items)","","CATEGORY_EMPTY"
"1430554","Nike Drifit Shorts","","CATEGORY_EMPTY"
"1430929","Supreme SS17 Large Metal Box","","CATEGORY_EMPTY"
"1431013","Transformers Mashems Hold","","CATEGORY_EMPTY"
"1431460","Bobs Burgers Cookbook LootCrate FreeShip","","CATEGORY_EMPTY"
"1432104","White Kyurem Ex","","CATEGORY_EMPTY"
"1432841","Oversized Sweater","","CATEGORY_EMPTY"
"1432948","WWE Chase Iron Sheik Funko Pop","","CATEGORY_EMPTY"
"1433091","Coach Black Floral Domed Cora BAG ONLY","","CATEGORY_EMPTY"
"1433331","Bihaku Wonder Bleach","","CATEGORY_EMPTY"
"1433578","The BrowGal Eyebrow Powder & Pomade Duo","","CATEGORY_EMPTY"
"1433874","16 rare non-holo old school Pokémon card","","CATEGORY_EMPTY"
"1433916","Adidas Stan Smith OG","","CATEGORY_EMPTY"
"1434071","Lulus nice dress","","CATEGORY_EMPTY"
"1434245","SUPER DISTRESSED AND RIPPED SWEATER","","CATEGORY_EMPTY"
"1434257","Prettynpinkfridaysale!!","","CATEGORY_EMPTY"
"1434318","Bundle for sadie","","CATEGORY_EMPTY"
"1434338","Cute Beach Romper","","CATEGORY_EMPTY"
"1434516","Bundle For Marsolillo","","CATEGORY_EMPTY"
"1434555","Lularoe Tie Dye Acid Wash Marbled Carly","","CATEGORY_EMPTY"
"1434842","Don't tell em midi black dress","","CATEGORY_EMPTY"
"1448130","Pom Key Chain Bundle Sale","","CATEGORY_EMPTY"
"1435586","M Victoria's Secret bathing suit top","","CATEGORY_EMPTY"
"1435837","Hitmonlee Holographic Card","","CATEGORY_EMPTY"
"1436023","Solemn Strike & Other Yugioh Cards","","CATEGORY_EMPTY"
"1436153","Special bundle TODAY ONLY 7/14/17","","CATEGORY_EMPTY"
"1436207","Small free shipping dog collar new","","CATEGORY_EMPTY"
"1436315","Spurs","","CATEGORY_EMPTY"
"1436576","Ladies Dress Size L Bundle","","CATEGORY_EMPTY"
"1436814","North Face Jacket","","CATEGORY_EMPTY"
"1437024","6 Pounds of Legos!","","CATEGORY_EMPTY"
"1437097","Rae Dunn Bear Treats Canister","","CATEGORY_EMPTY"
"1437187","LuLaRoe Amelia 2XL dress","","CATEGORY_EMPTY"
"1437235","One Direction Cases","","CATEGORY_EMPTY"
"1437739","Dog Hoodie BRAND NEW","","CATEGORY_EMPTY"
"1437956","AUTHENTIC COACH PURSE. Never Used","","CATEGORY_EMPTY"
"1438315","Doohickies Shoe Lace Replacers","","CATEGORY_EMPTY"
"1438428","American Apparel High-Waisted Jeans (24)","","CATEGORY_EMPTY"
"1438653","Gold Lucky Brand Wedges Size 7","","CATEGORY_EMPTY"
"1438740","2 sets of breast shields","","CATEGORY_EMPTY"
"1438811","NARS Concealer","","CATEGORY_EMPTY"
"1438918","Two Sets Of Bridesmaids Wine Labels","","CATEGORY_EMPTY"
"1439170","(8) Ivivva by Lululemon studio pants!","","CATEGORY_EMPTY"
"1439223","Two Piece Mesh Set","","CATEGORY_EMPTY"
"1439460","Suga and V Official YNWA photocard","","CATEGORY_EMPTY"
"1439519","Listing For Bjorn","","CATEGORY_EMPTY"
"1439545","Nursery Rhymes brand","","CATEGORY_EMPTY"
"1439686","Minecraft Ore Lights (both Lights!)","","CATEGORY_EMPTY"
"1439759","Bundle for Jquillan","","CATEGORY_EMPTY"
"1440064","Dog Clothes","","CATEGORY_EMPTY"
"1440112","Super Scoop Up","","CATEGORY_EMPTY"
"1440254","puppy/ dog romper size Xs","","CATEGORY_EMPTY"
"1440679","VS PINK Sherpa Blanket Red Pink Friday","","CATEGORY_EMPTY"
"1440690","LuLaRoe Irma- M, NWOT","","CATEGORY_EMPTY"
"1440744","BNWT Girls Sz 3T Outfit","","CATEGORY_EMPTY"
"1440816","Yugioh dimensional barrier secret/2 anti","","CATEGORY_EMPTY"
"1440903","The Coldest Winter Ever","","CATEGORY_EMPTY"
"1440916","Carbon Olive Green Jacket","","CATEGORY_EMPTY"
"1440949","Bundle For Baby Girl","","CATEGORY_EMPTY"
"1441117","25 icy hot patches","","CATEGORY_EMPTY"
"1441718","1989 Pacific Legends 220 card sealed set","","CATEGORY_EMPTY"
"1441728","Rose Gold 3 Pc. Jewelry Set","","CATEGORY_EMPTY"
"1442087","Long Sleeve Pajamas w/ Long Pants","","CATEGORY_EMPTY"
"1442588","VS PINK Pineapple Cup","","CATEGORY_EMPTY"
"1442761","Old Skool Vans DS(With Tags) Size 12","","CATEGORY_EMPTY"
"1442837","NWT, Vintage short sleeve long nightie","","CATEGORY_EMPTY"
"1443168","Beauty bundle-14 items!!!","","CATEGORY_EMPTY"
"1443252","Stormtrooper Disney Pin","","CATEGORY_EMPTY"
"1443292","Custom Slimes!","","CATEGORY_EMPTY"
"1443342","Hip Hop Ruby Pendant And Rope Chain","","CATEGORY_EMPTY"
"1443463","Pink Long Sleeve","","CATEGORY_EMPTY"
"1443842","Reserved For QUEEN34","","CATEGORY_EMPTY"
"1443879","Prismacolor dual Ended art Markers! 12","","CATEGORY_EMPTY"
"1444139","On hold for kurapika","","CATEGORY_EMPTY"
"1444664","2 mini framed amethyst and wolf child","","CATEGORY_EMPTY"
"1444725","Corona Extra Skull Keychain","","CATEGORY_EMPTY"
"1444914","Princess Unicorn Dog Pet Costume L","","CATEGORY_EMPTY"
"1444991","Wholesale Bundle #20 - Career Ensemble","","CATEGORY_EMPTY"
"1445053","Becky arnold","","CATEGORY_EMPTY"
"1445557","For Tammy Sawyer","","CATEGORY_EMPTY"
"1445637","Robin hood costume","","CATEGORY_EMPTY"
"1445675","14g Clear on Gold Sml Prong Nipple Rings","","CATEGORY_EMPTY"
"1445694","Guinea Pig Complete Cage & Food Kit New","","CATEGORY_EMPTY"
"1445820","Custom Listing for Jay&Alymom","","CATEGORY_EMPTY"
"1445896","Chanel Tee with Coco Silhouette","","CATEGORY_EMPTY"
"1446279","Pet Stairs","","CATEGORY_EMPTY"
"1446355","American Eagle Crop Top","","CATEGORY_EMPTY"
"1446377","Victoria's Secret pink Rainbow Outfit","","CATEGORY_EMPTY"
"1446454","Boppy Full Body Pillow","","CATEGORY_EMPTY"
"1446543","Scrub Top Carebears XL","","CATEGORY_EMPTY"
"1446580","Rock revival Jean's","","CATEGORY_EMPTY"
"1446889","VJC Valerie Doctor Who Custom listing","","CATEGORY_EMPTY"
"1447058","COACH Handbag-fair condition","","CATEGORY_EMPTY"
"1447211","10 Different Bodysuits","","CATEGORY_EMPTY"
"1447403","3 Bodysuits","","CATEGORY_EMPTY"
"1447625",""Walt Disney World""Grumpy"" Hoodie, 3X"","","CATEGORY_EMPTY"
"1447641","Lemon Lime Lemonade Crunch","","CATEGORY_EMPTY"
"1448075","This listing is for @Uponfashion","","CATEGORY_EMPTY"
"1448355","⚡⚡SALE! White crop top","","CATEGORY_EMPTY"
"1448553","Nwt under armour sweatshirt &pants","","CATEGORY_EMPTY"
"1448605","360• Cell Phone Holder Stand Hands Free","","CATEGORY_EMPTY"
"1449089","REVLON 16hr Colorstay","","CATEGORY_EMPTY"
"1449171","My Little Pony 3 Character Set","","CATEGORY_EMPTY"
"1449340","Puppy Clothes","","CATEGORY_EMPTY"
"1449599","XS Maroon And Teal Lularoe Carly","","CATEGORY_EMPTY"
"1449805","Vintage 90's Tommy Hilfiger Hoodie","","CATEGORY_EMPTY"
"1449976","Joker Death Of The Family Comic Book","","CATEGORY_EMPTY"
"1450127","Xhilaration Dress","","CATEGORY_EMPTY"
"1450310","Long Sleeve Shirt Laced","","CATEGORY_EMPTY"
"1451084","Vintage Levi's 550 High Waisted Mom Jean","","CATEGORY_EMPTY"
"1451268","2 PACK iPHONE CASE SUPREME With Stickers","","CATEGORY_EMPTY"
"1451402","2 clutch purses","","CATEGORY_EMPTY"
"1451454","Super Rare COACH RIP & REPAIR SKULL FOB","","CATEGORY_EMPTY"
"1451577","Dezja- Jeans Bundle!","","CATEGORY_EMPTY"
"1452022","Rae Dunn Woof Canister","","CATEGORY_EMPTY"
"1452205","False God and Underwater Batman Pops","","CATEGORY_EMPTY"
"1452394","Junior Romantica","","CATEGORY_EMPTY"
"1452437","Misc household lot","","CATEGORY_EMPTY"
"1452650","Reserved for designlove mk leather","","CATEGORY_EMPTY"
"1452907","Purse","","CATEGORY_EMPTY"
"1453129","Jesus saved my life Christian shirt","","CATEGORY_EMPTY"
"1453189","Floral Dress Or Cover Up 1X","","CATEGORY_EMPTY"
"1453348","New Victoria Secrets Pink Sunkissed","","CATEGORY_EMPTY"
"1453460","Bath And Body Works Dark Kiss","","CATEGORY_EMPTY"
"1453719",""Converse Unisex ""Asylum"" Mid Sneakers"","","CATEGORY_EMPTY"
"1453803","BLINK-182 PATCH","","CATEGORY_EMPTY"
"1454248","VS PINK Joggers","","CATEGORY_EMPTY"
"1454392","Magpul MOE Grip","","CATEGORY_EMPTY"
"1454494","Fall Out Boy flag","","CATEGORY_EMPTY"
"1454685","3D Sugar Skull Puzzle Vase!","","CATEGORY_EMPTY"
"1454747","Used Black High Top Vans","","CATEGORY_EMPTY"
"1457793","eShakti Chambray Dress With embroidery","","CATEGORY_EMPTY"
"1454908","M.A.C Hello Kitty Eyeshadow","","CATEGORY_EMPTY"
"1454945","Old Navy outfit 0-3","","CATEGORY_EMPTY"
"1455319","3 Vs Pink size large 1 med","","CATEGORY_EMPTY"
"1455354","Burgundy Dress by Forever 21 FREE SHIP","","CATEGORY_EMPTY"
"1455454","Bundle For Lily","","CATEGORY_EMPTY"
"1456149","Bundle of 3 pairs of mens shoes","","CATEGORY_EMPTY"
"1456175","Bride To Be Satin Sash, Bachelorette","","CATEGORY_EMPTY"
"1456305","Benefit Hoola Bronzer And Erase Paste","","CATEGORY_EMPTY"
"1456455","Silver Jeans","","CATEGORY_EMPTY"
"1456511","Dji Phantom 3","","CATEGORY_EMPTY"
"1456734","Star Wars Imperial Decal","","CATEGORY_EMPTY"
"1456836","The Body Shop Vitamin E Overnight Serum","","CATEGORY_EMPTY"
"1457812","Pusheen Donut Enamel Pin","","CATEGORY_EMPTY"
"1457387","15 Piece NB Carters Clothing","","CATEGORY_EMPTY"
"1457423","Brandy Melville Fur Bomber Jacket","","CATEGORY_EMPTY"
"1457442","BUNDLE","","CATEGORY_EMPTY"
"1457461","Hollister All Weather Jacket","","CATEGORY_EMPTY"
"1457646","Lily Pulitzer beach tote","","CATEGORY_EMPTY"
"1457969","Scrubs","","CATEGORY_EMPTY"
"1458086","High waisted tommy Hilfiger jean skirt","","CATEGORY_EMPTY"
"1458262","Spanx black denim leggings","","CATEGORY_EMPTY"
"1458368","For Melimaui","","CATEGORY_EMPTY"
"1458996","Beyblade Lot","","CATEGORY_EMPTY"
"1459127","VS Pink! Sweater","","CATEGORY_EMPTY"
"1459588","Training Mask 2.0 W/Extras","","CATEGORY_EMPTY"
"1459694","Supreme Stickers","","CATEGORY_EMPTY"
"1459764","Make Up Bundle","","CATEGORY_EMPTY"
"1459804","Large Gray Thundershirt for Dogs","","CATEGORY_EMPTY"
"1459937","Victoria's Secret Pink Sweatshirt","","CATEGORY_EMPTY"
"1460002","HOLD for hippiechick9672","","CATEGORY_EMPTY"
"1460063","Makeup","","CATEGORY_EMPTY"
"1460108","Nude Body Suit","","CATEGORY_EMPTY"
"1460733","Hold For Seby","","CATEGORY_EMPTY"
"1460929","LLR Disney Little Mermaid Triton Carly S","","CATEGORY_EMPTY"
"1461782","BUNDLE FOR MARYLYN B.","","CATEGORY_EMPTY"
"1461811","Bundle For Liliville","","CATEGORY_EMPTY"
"1462377","Ciel Blue Cherokee Scrub Pants","","CATEGORY_EMPTY"
"1462664","LuLaRoe Carly","","CATEGORY_EMPTY"
"1462722","Supreme Keychains","","CATEGORY_EMPTY"
"1462865","Season Two Ultra Rare Shopkins","","CATEGORY_EMPTY"
"1462884","Lush Ro's Argan And Whoosh","","CATEGORY_EMPTY"
"1463205","ESalesCorp*","","CATEGORY_EMPTY"
"1463374","Kirby's Amazing Mirror And Charger","","CATEGORY_EMPTY"
"1463503","Pink Sweater","","CATEGORY_EMPTY"
"1463768","Stussy VTG Sweater Sz Large","","CATEGORY_EMPTY"
"1463997","Disney life happy wife decal","","CATEGORY_EMPTY"
"1464304",""7/8"" Crackle Quartz Plugs"","","CATEGORY_EMPTY"
"1464411","Bundle For Ewassel","","CATEGORY_EMPTY"
"1464715","Lululemon Shanti Surf Top","","CATEGORY_EMPTY"
"1464745","Clinique Eyshadow And Eyelash Curler","","CATEGORY_EMPTY"
"1464896","*Boysnbrooke* Nike dri-fit boys size xs","","CATEGORY_EMPTY"
"1464936","Swing Skirt","","CATEGORY_EMPTY"
"1464976","Sweet Sugarbelle shape shifter set","","CATEGORY_EMPTY"
"1465083","American Eagle Jeans","","CATEGORY_EMPTY"
"1465181","Cat Bowl Set","","CATEGORY_EMPTY"
"1466417","Marc Jacob Sneakers","","CATEGORY_EMPTY"
"1466698",""B.B. King 45rpm Vinyl Record 7"""","","CATEGORY_EMPTY"
"1466850","BUNDLE:)","","CATEGORY_EMPTY"
"1467365","Face Highlighter","","CATEGORY_EMPTY"
"1467598","Ann Marie Reyna","","CATEGORY_EMPTY"
"1468508","Disney Showcase Collection Minnie","","CATEGORY_EMPTY"
"1468606","NWT Missguided cross strap crop top!!","","CATEGORY_EMPTY"
"1468796","Liz Claiborne Geo Dress Size XL","","CATEGORY_EMPTY"
"1468924","Vintage 1960'Playskool Wooden Toy","","CATEGORY_EMPTY"
"1468960","Derpy MLP Funko Pop Vinyl Figure","","CATEGORY_EMPTY"
"1468974","Used Girls Justice Bundle","","CATEGORY_EMPTY"
"1469615","Nikon D4400 Dual Lens Camera Brand New","","CATEGORY_EMPTY"
"1469648","Nude Strappy heels","","CATEGORY_EMPTY"
"1470204","Kasper Dress","","CATEGORY_EMPTY"
"1470607","Justice Outfit, Size 10","","CATEGORY_EMPTY"
"1470992","Pink And Navy Vera Bradley Lunch Bag","","CATEGORY_EMPTY"
"1471448","All Black Vans 6.5","","CATEGORY_EMPTY"
"1471754","Brown Booties","","CATEGORY_EMPTY"
"1471787","Princess Jasmine Teacup Disney Pin","","CATEGORY_EMPTY"
"1471895","BUNDLE FOR TSHAELYNN","","CATEGORY_EMPTY"
"1473304","Legend by Marie Lu","","CATEGORY_EMPTY"
"1472572","Eagles Record","","CATEGORY_EMPTY"
"1473003","Pet vest","","CATEGORY_EMPTY"
"1473409","Sweater","","CATEGORY_EMPTY"
"1473455","The north face men's pants Large","","CATEGORY_EMPTY"
"1473879","Lot Of Size Small And Medicine Tops","","CATEGORY_EMPTY"
"1474220","Ariana Grande Signed Postcard","","CATEGORY_EMPTY"
"1474923","The North Face black and pink hoodie","","CATEGORY_EMPTY"
"1475747","Reserved for JaeDunk83 Only","","CATEGORY_EMPTY"
"1475847","Antique Swedish Copper Tea Kettle","","CATEGORY_EMPTY"
"1476120","Vintage Aristocats Disney Polly Pocket","","CATEGORY_EMPTY"
"1476662","Dogtra iQ training collar new with remot","","CATEGORY_EMPTY"
"1476668","Nike Dri fit Tennis Set","","CATEGORY_EMPTY"
"1477396","Flask & Shot Glass- Reserved MDeck641","","CATEGORY_EMPTY"
"1477873","Entei Ex Holo Textured Card","","CATEGORY_EMPTY"
"1477900","Sweater Bundle","","CATEGORY_EMPTY"
"1478078","[rm] Disney Collectors Mug","","CATEGORY_EMPTY"
"1478247","Mustard Yellow Small Carly","","CATEGORY_EMPTY"
"1478454","Large lot 3t girls clothes","","CATEGORY_EMPTY"
"1478898","6x Headphones + iPhone USB Cable Charger","","CATEGORY_EMPTY"
"1478923",""HOLD 9/16"" and 2g Plugs Tapers Set"","","CATEGORY_EMPTY"
"1479117","BELL BOTTOM, HIPPIE PANTS","","CATEGORY_EMPTY"
"1479167","Steve Madden Black Heels","","CATEGORY_EMPTY"
"1479245","Women's Raw One Multivitamin Never Used","","CATEGORY_EMPTY"
"1480098","Nike Slides *On hold*","","CATEGORY_EMPTY"
"1480224","2xl Amelia Lularoe","","CATEGORY_EMPTY"
"1480241","BRAND NEW Guinness World Records 2017","","CATEGORY_EMPTY"
"1480798","Brand New Boombox","","CATEGORY_EMPTY"
"1480949","Puma Girls Shirt","","CATEGORY_EMPTY"
"1480995","Sailor Moon Purse","","CATEGORY_EMPTY"
"1481003","Bundle For Everdeen","","CATEGORY_EMPTY"
"1481249","Only For Erin. Do Not Buy","","CATEGORY_EMPTY"
"1481750","American Eagle Jeggings","","CATEGORY_EMPTY"
"1482252","Bundle For All Honey :)","","CATEGORY_EMPTY"
"1482443","HOLD 14g Purple Prong Nipple Bars Rings","","CATEGORY_EMPTY"
"1482473","Puma Suede Emboss","","CATEGORY_EMPTY"
